measurement_id,date,subgroup_id,sample_number,part_number,feature_id,feature_name,measurement_type,nominal,lsl,usl,measured_value,unit,out_of_spec
SPC-MMB_HOLE_POSITION_TP-001-1,2024-01-03,1,1,MMB-001,MMB_HOLE_POSITION_TP,Motor Mount Hole True Position,gdandt_position,0.0,0.0,0.2,0.0914,mm,False
SPC-MMB_HOLE_POSITION_TP-001-2,2024-01-03,1,2,MMB-001,MMB_HOLE_POSITION_TP,Motor Mount Hole True Position,gdandt_position,0.0,0.0,0.2,0.0787,mm,False
SPC-MMB_HOLE_POSITION_TP-001-3,2024-01-03,1,3,MMB-001,MMB_HOLE_POSITION_TP,Motor Mount Hole True Position,gdandt_position,0.0,0.0,0.2,0.0634,mm,False
SPC-MMB_HOLE_POSITION_TP-001-4,2024-01-03,1,4,MMB-001,MMB_HOLE_POSITION_TP,Motor Mount Hole True Position,gdandt_position,0.0,0.0,0.2,0.0728,mm,False
SPC-MMB_HOLE_POSITION_TP-001-5,2024-01-03,1,5,MMB-001,MMB_HOLE_POSITION_TP,Motor Mount Hole True Position,gdandt_position,0.0,0.0,0.2,0.0933,mm,False
SPC-MMB_HOLE_POSITION_TP-002-1,2024-01-05,2,1,MMB-001,MMB_HOLE_POSITION_TP,Motor Mount Hole True Position,gdandt_position,0.0,0.0,0.2,0.0512,mm,False
SPC-MMB_HOLE_POSITION_TP-002-2,2024-01-05,2,2,MMB-001,MMB_HOLE_POSITION_TP,Motor Mount Hole True Position,gdandt_position,0.0,0.0,0.2,0.0743,mm,False
SPC-MMB_HOLE_POSITION_TP-002-3,2024-01-05,2,3,MMB-001,MMB_HOLE_POSITION_TP,Motor Mount Hole True Position,gdandt_position,0.0,0.0,0.2,0.0856,mm,False
SPC-MMB_HOLE_POSITION_TP-002-4,2024-01-05,2,4,MMB-001,MMB_HOLE_POSITION_TP,Motor Mount Hole True Position,gdandt_position,0.0,0.0,0.2,0.0311,mm,False
SPC-MMB_HOLE_POSITION_TP-002-5,2024-01-05,2,5,MMB-001,MMB_HOLE_POSITION_TP,Motor Mount Hole True Position,gdandt_position,0.0,0.0,0.2,0.0482,mm,False
SPC-MMB_HOLE_POSITION_TP-003-1,2024-01-07,3,1,MMB-001,MMB_HOLE_POSITION_TP,Motor Mount Hole True Position,gdandt_position,0.0,0.0,0.2,0.0619,mm,False
SPC-MMB_HOLE_POSITION_TP-003-2,2024-01-07,3,2,MMB-001,MMB_HOLE_POSITION_TP,Motor Mount Hole True Position,gdandt_position,0.0,0.0,0.2,0.1399,mm,False
SPC-MMB_HOLE_POSITION_TP-003-3,2024-01-07,3,3,MMB-001,MMB_HOLE_POSITION_TP,Motor Mount Hole True Position,gdandt_position,0.0,0.0,0.2,0.0559,mm,False
SPC-MMB_HOLE_POSITION_TP-003-4,2024-01-07,3,4,MMB-001,MMB_HOLE_POSITION_TP,Motor Mount Hole True Position,gdandt_position,0.0,0.0,0.2,0.083,mm,False
SPC-MMB_HOLE_POSITION_TP-003-5,2024-01-07,3,5,MMB-001,MMB_HOLE_POSITION_TP,Motor Mount Hole True Position,gdandt_position,0.0,0.0,0.2,0.0486,mm,False
SPC-MMB_HOLE_POSITION_TP-004-1,2024-01-09,4,1,MMB-001,MMB_HOLE_POSITION_TP,Motor Mount Hole True Position,gdandt_position,0.0,0.0,0.2,0.0578,mm,False
SPC-MMB_HOLE_POSITION_TP-004-2,2024-01-09,4,2,MMB-001,MMB_HOLE_POSITION_TP,Motor Mount Hole True Position,gdandt_position,0.0,0.0,0.2,0.0346,mm,False
SPC-MMB_HOLE_POSITION_TP-004-3,2024-01-09,4,3,MMB-001,MMB_HOLE_POSITION_TP,Motor Mount Hole True Position,gdandt_position,0.0,0.0,0.2,0.1085,mm,False
SPC-MMB_HOLE_POSITION_TP-004-4,2024-01-09,4,4,MMB-001,MMB_HOLE_POSITION_TP,Motor Mount Hole True Position,gdandt_position,0.0,0.0,0.2,0.0386,mm,False
SPC-MMB_HOLE_POSITION_TP-004-5,2024-01-09,4,5,MMB-001,MMB_HOLE_POSITION_TP,Motor Mount Hole True Position,gdandt_position,0.0,0.0,0.2,0.1167,mm,False
SPC-MMB_HOLE_POSITION_TP-005-1,2024-01-11,5,1,MMB-001,MMB_HOLE_POSITION_TP,Motor Mount Hole True Position,gdandt_position,0.0,0.0,0.2,0.1014,mm,False
SPC-MMB_HOLE_POSITION_TP-005-2,2024-01-11,5,2,MMB-001,MMB_HOLE_POSITION_TP,Motor Mount Hole True Position,gdandt_position,0.0,0.0,0.2,0.0824,mm,False
SPC-MMB_HOLE_POSITION_TP-005-3,2024-01-11,5,3,MMB-001,MMB_HOLE_POSITION_TP,Motor Mount Hole True Position,gdandt_position,0.0,0.0,0.2,0.1179,mm,False
SPC-MMB_HOLE_POSITION_TP-005-4,2024-01-11,5,4,MMB-001,MMB_HOLE_POSITION_TP,Motor Mount Hole True Position,gdandt_position,0.0,0.0,0.2,0.1936,mm,False
SPC-MMB_HOLE_POSITION_TP-005-5,2024-01-11,5,5,MMB-001,MMB_HOLE_POSITION_TP,Motor Mount Hole True Position,gdandt_position,0.0,0.0,0.2,0.1017,mm,False
SPC-MMB_HOLE_POSITION_TP-006-1,2024-01-13,6,1,MMB-001,MMB_HOLE_POSITION_TP,Motor Mount Hole True Position,gdandt_position,0.0,0.0,0.2,0.0458,mm,False
SPC-MMB_HOLE_POSITION_TP-006-2,2024-01-13,6,2,MMB-001,MMB_HOLE_POSITION_TP,Motor Mount Hole True Position,gdandt_position,0.0,0.0,0.2,0.1371,mm,False
SPC-MMB_HOLE_POSITION_TP-006-3,2024-01-13,6,3,MMB-001,MMB_HOLE_POSITION_TP,Motor Mount Hole True Position,gdandt_position,0.0,0.0,0.2,0.0915,mm,False
SPC-MMB_HOLE_POSITION_TP-006-4,2024-01-13,6,4,MMB-001,MMB_HOLE_POSITION_TP,Motor Mount Hole True Position,gdandt_position,0.0,0.0,0.2,0.1589,mm,False
SPC-MMB_HOLE_POSITION_TP-006-5,2024-01-13,6,5,MMB-001,MMB_HOLE_POSITION_TP,Motor Mount Hole True Position,gdandt_position,0.0,0.0,0.2,0.0673,mm,False
SPC-MMB_HOLE_POSITION_TP-007-1,2024-01-15,7,1,MMB-001,MMB_HOLE_POSITION_TP,Motor Mount Hole True Position,gdandt_position,0.0,0.0,0.2,0.1299,mm,False
SPC-MMB_HOLE_POSITION_TP-007-2,2024-01-15,7,2,MMB-001,MMB_HOLE_POSITION_TP,Motor Mount Hole True Position,gdandt_position,0.0,0.0,0.2,0.085,mm,False
SPC-MMB_HOLE_POSITION_TP-007-3,2024-01-15,7,3,MMB-001,MMB_HOLE_POSITION_TP,Motor Mount Hole True Position,gdandt_position,0.0,0.0,0.2,0.178,mm,False
SPC-MMB_HOLE_POSITION_TP-007-4,2024-01-15,7,4,MMB-001,MMB_HOLE_POSITION_TP,Motor Mount Hole True Position,gdandt_position,0.0,0.0,0.2,0.0751,mm,False
SPC-MMB_HOLE_POSITION_TP-007-5,2024-01-15,7,5,MMB-001,MMB_HOLE_POSITION_TP,Motor Mount Hole True Position,gdandt_position,0.0,0.0,0.2,0.1901,mm,False
SPC-MMB_HOLE_POSITION_TP-008-1,2024-01-17,8,1,MMB-001,MMB_HOLE_POSITION_TP,Motor Mount Hole True Position,gdandt_position,0.0,0.0,0.2,0.1004,mm,False
SPC-MMB_HOLE_POSITION_TP-008-2,2024-01-17,8,2,MMB-001,MMB_HOLE_POSITION_TP,Motor Mount Hole True Position,gdandt_position,0.0,0.0,0.2,0.1146,mm,False
SPC-MMB_HOLE_POSITION_TP-008-3,2024-01-17,8,3,MMB-001,MMB_HOLE_POSITION_TP,Motor Mount Hole True Position,gdandt_position,0.0,0.0,0.2,0.1445,mm,False
SPC-MMB_HOLE_POSITION_TP-008-4,2024-01-17,8,4,MMB-001,MMB_HOLE_POSITION_TP,Motor Mount Hole True Position,gdandt_position,0.0,0.0,0.2,0.0574,mm,False
SPC-MMB_HOLE_POSITION_TP-008-5,2024-01-17,8,5,MMB-001,MMB_HOLE_POSITION_TP,Motor Mount Hole True Position,gdandt_position,0.0,0.0,0.2,0.1189,mm,False
SPC-MMB_HOLE_POSITION_TP-009-1,2024-01-19,9,1,MMB-001,MMB_HOLE_POSITION_TP,Motor Mount Hole True Position,gdandt_position,0.0,0.0,0.2,0.0748,mm,False
SPC-MMB_HOLE_POSITION_TP-009-2,2024-01-19,9,2,MMB-001,MMB_HOLE_POSITION_TP,Motor Mount Hole True Position,gdandt_position,0.0,0.0,0.2,0.0903,mm,False
SPC-MMB_HOLE_POSITION_TP-009-3,2024-01-19,9,3,MMB-001,MMB_HOLE_POSITION_TP,Motor Mount Hole True Position,gdandt_position,0.0,0.0,0.2,0.0879,mm,False
SPC-MMB_HOLE_POSITION_TP-009-4,2024-01-19,9,4,MMB-001,MMB_HOLE_POSITION_TP,Motor Mount Hole True Position,gdandt_position,0.0,0.0,0.2,0.105,mm,False
SPC-MMB_HOLE_POSITION_TP-009-5,2024-01-19,9,5,MMB-001,MMB_HOLE_POSITION_TP,Motor Mount Hole True Position,gdandt_position,0.0,0.0,0.2,0.1036,mm,False
SPC-MMB_HOLE_POSITION_TP-010-1,2024-01-21,10,1,MMB-001,MMB_HOLE_POSITION_TP,Motor Mount Hole True Position,gdandt_position,0.0,0.0,0.2,0.0649,mm,False
SPC-MMB_HOLE_POSITION_TP-010-2,2024-01-21,10,2,MMB-001,MMB_HOLE_POSITION_TP,Motor Mount Hole True Position,gdandt_position,0.0,0.0,0.2,0.0894,mm,False
SPC-MMB_HOLE_POSITION_TP-010-3,2024-01-21,10,3,MMB-001,MMB_HOLE_POSITION_TP,Motor Mount Hole True Position,gdandt_position,0.0,0.0,0.2,0.0033,mm,False
SPC-MMB_HOLE_POSITION_TP-010-4,2024-01-21,10,4,MMB-001,MMB_HOLE_POSITION_TP,Motor Mount Hole True Position,gdandt_position,0.0,0.0,0.2,0.1197,mm,False
SPC-MMB_HOLE_POSITION_TP-010-5,2024-01-21,10,5,MMB-001,MMB_HOLE_POSITION_TP,Motor Mount Hole True Position,gdandt_position,0.0,0.0,0.2,0.1443,mm,False
SPC-MMB_HOLE_POSITION_TP-011-1,2024-01-23,11,1,MMB-001,MMB_HOLE_POSITION_TP,Motor Mount Hole True Position,gdandt_position,0.0,0.0,0.2,0.0917,mm,False
SPC-MMB_HOLE_POSITION_TP-011-2,2024-01-23,11,2,MMB-001,MMB_HOLE_POSITION_TP,Motor Mount Hole True Position,gdandt_position,0.0,0.0,0.2,0.0288,mm,False
SPC-MMB_HOLE_POSITION_TP-011-3,2024-01-23,11,3,MMB-001,MMB_HOLE_POSITION_TP,Motor Mount Hole True Position,gdandt_position,0.0,0.0,0.2,0.111,mm,False
SPC-MMB_HOLE_POSITION_TP-011-4,2024-01-23,11,4,MMB-001,MMB_HOLE_POSITION_TP,Motor Mount Hole True Position,gdandt_position,0.0,0.0,0.2,0.0583,mm,False
SPC-MMB_HOLE_POSITION_TP-011-5,2024-01-23,11,5,MMB-001,MMB_HOLE_POSITION_TP,Motor Mount Hole True Position,gdandt_position,0.0,0.0,0.2,0.0914,mm,False
SPC-MMB_HOLE_POSITION_TP-012-1,2024-01-25,12,1,MMB-001,MMB_HOLE_POSITION_TP,Motor Mount Hole True Position,gdandt_position,0.0,0.0,0.2,0.109,mm,False
SPC-MMB_HOLE_POSITION_TP-012-2,2024-01-25,12,2,MMB-001,MMB_HOLE_POSITION_TP,Motor Mount Hole True Position,gdandt_position,0.0,0.0,0.2,0.1041,mm,False
SPC-MMB_HOLE_POSITION_TP-012-3,2024-01-25,12,3,MMB-001,MMB_HOLE_POSITION_TP,Motor Mount Hole True Position,gdandt_position,0.0,0.0,0.2,0.1228,mm,False
SPC-MMB_HOLE_POSITION_TP-012-4,2024-01-25,12,4,MMB-001,MMB_HOLE_POSITION_TP,Motor Mount Hole True Position,gdandt_position,0.0,0.0,0.2,0.0901,mm,False
SPC-MMB_HOLE_POSITION_TP-012-5,2024-01-25,12,5,MMB-001,MMB_HOLE_POSITION_TP,Motor Mount Hole True Position,gdandt_position,0.0,0.0,0.2,0.0911,mm,False
SPC-MMB_HOLE_POSITION_TP-013-1,2024-01-27,13,1,MMB-001,MMB_HOLE_POSITION_TP,Motor Mount Hole True Position,gdandt_position,0.0,0.0,0.2,0.1108,mm,False
SPC-MMB_HOLE_POSITION_TP-013-2,2024-01-27,13,2,MMB-001,MMB_HOLE_POSITION_TP,Motor Mount Hole True Position,gdandt_position,0.0,0.0,0.2,0.0825,mm,False
SPC-MMB_HOLE_POSITION_TP-013-3,2024-01-27,13,3,MMB-001,MMB_HOLE_POSITION_TP,Motor Mount Hole True Position,gdandt_position,0.0,0.0,0.2,0.0609,mm,False
SPC-MMB_HOLE_POSITION_TP-013-4,2024-01-27,13,4,MMB-001,MMB_HOLE_POSITION_TP,Motor Mount Hole True Position,gdandt_position,0.0,0.0,0.2,0.1008,mm,False
SPC-MMB_HOLE_POSITION_TP-013-5,2024-01-27,13,5,MMB-001,MMB_HOLE_POSITION_TP,Motor Mount Hole True Position,gdandt_position,0.0,0.0,0.2,0.0455,mm,False
SPC-MMB_HOLE_POSITION_TP-014-1,2024-01-29,14,1,MMB-001,MMB_HOLE_POSITION_TP,Motor Mount Hole True Position,gdandt_position,0.0,0.0,0.2,0.0822,mm,False
SPC-MMB_HOLE_POSITION_TP-014-2,2024-01-29,14,2,MMB-001,MMB_HOLE_POSITION_TP,Motor Mount Hole True Position,gdandt_position,0.0,0.0,0.2,0.0368,mm,False
SPC-MMB_HOLE_POSITION_TP-014-3,2024-01-29,14,3,MMB-001,MMB_HOLE_POSITION_TP,Motor Mount Hole True Position,gdandt_position,0.0,0.0,0.2,0.0656,mm,False
SPC-MMB_HOLE_POSITION_TP-014-4,2024-01-29,14,4,MMB-001,MMB_HOLE_POSITION_TP,Motor Mount Hole True Position,gdandt_position,0.0,0.0,0.2,0.067,mm,False
SPC-MMB_HOLE_POSITION_TP-014-5,2024-01-29,14,5,MMB-001,MMB_HOLE_POSITION_TP,Motor Mount Hole True Position,gdandt_position,0.0,0.0,0.2,0.0506,mm,False
SPC-MMB_HOLE_POSITION_TP-015-1,2024-01-31,15,1,MMB-001,MMB_HOLE_POSITION_TP,Motor Mount Hole True Position,gdandt_position,0.0,0.0,0.2,0.1235,mm,False
SPC-MMB_HOLE_POSITION_TP-015-2,2024-01-31,15,2,MMB-001,MMB_HOLE_POSITION_TP,Motor Mount Hole True Position,gdandt_position,0.0,0.0,0.2,0.1206,mm,False
SPC-MMB_HOLE_POSITION_TP-015-3,2024-01-31,15,3,MMB-001,MMB_HOLE_POSITION_TP,Motor Mount Hole True Position,gdandt_position,0.0,0.0,0.2,0.131,mm,False
SPC-MMB_HOLE_POSITION_TP-015-4,2024-01-31,15,4,MMB-001,MMB_HOLE_POSITION_TP,Motor Mount Hole True Position,gdandt_position,0.0,0.0,0.2,0.0784,mm,False
SPC-MMB_HOLE_POSITION_TP-015-5,2024-01-31,15,5,MMB-001,MMB_HOLE_POSITION_TP,Motor Mount Hole True Position,gdandt_position,0.0,0.0,0.2,0.0698,mm,False
SPC-MMB_HOLE_POSITION_TP-016-1,2024-02-02,16,1,MMB-001,MMB_HOLE_POSITION_TP,Motor Mount Hole True Position,gdandt_position,0.0,0.0,0.2,0.1131,mm,False
SPC-MMB_HOLE_POSITION_TP-016-2,2024-02-02,16,2,MMB-001,MMB_HOLE_POSITION_TP,Motor Mount Hole True Position,gdandt_position,0.0,0.0,0.2,0.0895,mm,False
SPC-MMB_HOLE_POSITION_TP-016-3,2024-02-02,16,3,MMB-001,MMB_HOLE_POSITION_TP,Motor Mount Hole True Position,gdandt_position,0.0,0.0,0.2,0.0893,mm,False
SPC-MMB_HOLE_POSITION_TP-016-4,2024-02-02,16,4,MMB-001,MMB_HOLE_POSITION_TP,Motor Mount Hole True Position,gdandt_position,0.0,0.0,0.2,0.0,mm,False
SPC-MMB_HOLE_POSITION_TP-016-5,2024-02-02,16,5,MMB-001,MMB_HOLE_POSITION_TP,Motor Mount Hole True Position,gdandt_position,0.0,0.0,0.2,0.1115,mm,False
SPC-MMB_HOLE_POSITION_TP-017-1,2024-02-04,17,1,MMB-001,MMB_HOLE_POSITION_TP,Motor Mount Hole True Position,gdandt_position,0.0,0.0,0.2,0.1068,mm,False
SPC-MMB_HOLE_POSITION_TP-017-2,2024-02-04,17,2,MMB-001,MMB_HOLE_POSITION_TP,Motor Mount Hole True Position,gdandt_position,0.0,0.0,0.2,0.0848,mm,False
SPC-MMB_HOLE_POSITION_TP-017-3,2024-02-04,17,3,MMB-001,MMB_HOLE_POSITION_TP,Motor Mount Hole True Position,gdandt_position,0.0,0.0,0.2,0.1136,mm,False
SPC-MMB_HOLE_POSITION_TP-017-4,2024-02-04,17,4,MMB-001,MMB_HOLE_POSITION_TP,Motor Mount Hole True Position,gdandt_position,0.0,0.0,0.2,0.1061,mm,False
SPC-MMB_HOLE_POSITION_TP-017-5,2024-02-04,17,5,MMB-001,MMB_HOLE_POSITION_TP,Motor Mount Hole True Position,gdandt_position,0.0,0.0,0.2,0.0606,mm,False
SPC-MMB_HOLE_POSITION_TP-018-1,2024-02-06,18,1,MMB-001,MMB_HOLE_POSITION_TP,Motor Mount Hole True Position,gdandt_position,0.0,0.0,0.2,0.0773,mm,False
SPC-MMB_HOLE_POSITION_TP-018-2,2024-02-06,18,2,MMB-001,MMB_HOLE_POSITION_TP,Motor Mount Hole True Position,gdandt_position,0.0,0.0,0.2,0.0497,mm,False
SPC-MMB_HOLE_POSITION_TP-018-3,2024-02-06,18,3,MMB-001,MMB_HOLE_POSITION_TP,Motor Mount Hole True Position,gdandt_position,0.0,0.0,0.2,0.1362,mm,False
SPC-MMB_HOLE_POSITION_TP-018-4,2024-02-06,18,4,MMB-001,MMB_HOLE_POSITION_TP,Motor Mount Hole True Position,gdandt_position,0.0,0.0,0.2,0.1192,mm,False
SPC-MMB_HOLE_POSITION_TP-018-5,2024-02-06,18,5,MMB-001,MMB_HOLE_POSITION_TP,Motor Mount Hole True Position,gdandt_position,0.0,0.0,0.2,0.0565,mm,False
SPC-MMB_HOLE_POSITION_TP-019-1,2024-02-08,19,1,MMB-001,MMB_HOLE_POSITION_TP,Motor Mount Hole True Position,gdandt_position,0.0,0.0,0.2,0.1067,mm,False
SPC-MMB_HOLE_POSITION_TP-019-2,2024-02-08,19,2,MMB-001,MMB_HOLE_POSITION_TP,Motor Mount Hole True Position,gdandt_position,0.0,0.0,0.2,0.0948,mm,False
SPC-MMB_HOLE_POSITION_TP-019-3,2024-02-08,19,3,MMB-001,MMB_HOLE_POSITION_TP,Motor Mount Hole True Position,gdandt_position,0.0,0.0,0.2,0.061,mm,False
SPC-MMB_HOLE_POSITION_TP-019-4,2024-02-08,19,4,MMB-001,MMB_HOLE_POSITION_TP,Motor Mount Hole True Position,gdandt_position,0.0,0.0,0.2,0.0894,mm,False
SPC-MMB_HOLE_POSITION_TP-019-5,2024-02-08,19,5,MMB-001,MMB_HOLE_POSITION_TP,Motor Mount Hole True Position,gdandt_position,0.0,0.0,0.2,0.115,mm,False
SPC-MMB_HOLE_POSITION_TP-020-1,2024-02-10,20,1,MMB-001,MMB_HOLE_POSITION_TP,Motor Mount Hole True Position,gdandt_position,0.0,0.0,0.2,0.1179,mm,False
SPC-MMB_HOLE_POSITION_TP-020-2,2024-02-10,20,2,MMB-001,MMB_HOLE_POSITION_TP,Motor Mount Hole True Position,gdandt_position,0.0,0.0,0.2,0.1666,mm,False
SPC-MMB_HOLE_POSITION_TP-020-3,2024-02-10,20,3,MMB-001,MMB_HOLE_POSITION_TP,Motor Mount Hole True Position,gdandt_position,0.0,0.0,0.2,0.0883,mm,False
SPC-MMB_HOLE_POSITION_TP-020-4,2024-02-10,20,4,MMB-001,MMB_HOLE_POSITION_TP,Motor Mount Hole True Position,gdandt_position,0.0,0.0,0.2,0.0767,mm,False
SPC-MMB_HOLE_POSITION_TP-020-5,2024-02-10,20,5,MMB-001,MMB_HOLE_POSITION_TP,Motor Mount Hole True Position,gdandt_position,0.0,0.0,0.2,0.1047,mm,False
SPC-MMB_HOLE_POSITION_TP-021-1,2024-02-12,21,1,MMB-001,MMB_HOLE_POSITION_TP,Motor Mount Hole True Position,gdandt_position,0.0,0.0,0.2,0.0786,mm,False
SPC-MMB_HOLE_POSITION_TP-021-2,2024-02-12,21,2,MMB-001,MMB_HOLE_POSITION_TP,Motor Mount Hole True Position,gdandt_position,0.0,0.0,0.2,0.0645,mm,False
SPC-MMB_HOLE_POSITION_TP-021-3,2024-02-12,21,3,MMB-001,MMB_HOLE_POSITION_TP,Motor Mount Hole True Position,gdandt_position,0.0,0.0,0.2,0.0526,mm,False
SPC-MMB_HOLE_POSITION_TP-021-4,2024-02-12,21,4,MMB-001,MMB_HOLE_POSITION_TP,Motor Mount Hole True Position,gdandt_position,0.0,0.0,0.2,0.0,mm,False
SPC-MMB_HOLE_POSITION_TP-021-5,2024-02-12,21,5,MMB-001,MMB_HOLE_POSITION_TP,Motor Mount Hole True Position,gdandt_position,0.0,0.0,0.2,0.1107,mm,False
SPC-MMB_HOLE_POSITION_TP-022-1,2024-02-14,22,1,MMB-001,MMB_HOLE_POSITION_TP,Motor Mount Hole True Position,gdandt_position,0.0,0.0,0.2,0.0277,mm,False
SPC-MMB_HOLE_POSITION_TP-022-2,2024-02-14,22,2,MMB-001,MMB_HOLE_POSITION_TP,Motor Mount Hole True Position,gdandt_position,0.0,0.0,0.2,0.0542,mm,False
SPC-MMB_HOLE_POSITION_TP-022-3,2024-02-14,22,3,MMB-001,MMB_HOLE_POSITION_TP,Motor Mount Hole True Position,gdandt_position,0.0,0.0,0.2,0.0952,mm,False
SPC-MMB_HOLE_POSITION_TP-022-4,2024-02-14,22,4,MMB-001,MMB_HOLE_POSITION_TP,Motor Mount Hole True Position,gdandt_position,0.0,0.0,0.2,0.0737,mm,False
SPC-MMB_HOLE_POSITION_TP-022-5,2024-02-14,22,5,MMB-001,MMB_HOLE_POSITION_TP,Motor Mount Hole True Position,gdandt_position,0.0,0.0,0.2,0.1602,mm,False
SPC-MMB_HOLE_POSITION_TP-023-1,2024-02-16,23,1,MMB-001,MMB_HOLE_POSITION_TP,Motor Mount Hole True Position,gdandt_position,0.0,0.0,0.2,0.0322,mm,False
SPC-MMB_HOLE_POSITION_TP-023-2,2024-02-16,23,2,MMB-001,MMB_HOLE_POSITION_TP,Motor Mount Hole True Position,gdandt_position,0.0,0.0,0.2,0.1634,mm,False
SPC-MMB_HOLE_POSITION_TP-023-3,2024-02-16,23,3,MMB-001,MMB_HOLE_POSITION_TP,Motor Mount Hole True Position,gdandt_position,0.0,0.0,0.2,0.1333,mm,False
SPC-MMB_HOLE_POSITION_TP-023-4,2024-02-16,23,4,MMB-001,MMB_HOLE_POSITION_TP,Motor Mount Hole True Position,gdandt_position,0.0,0.0,0.2,0.1168,mm,False
SPC-MMB_HOLE_POSITION_TP-023-5,2024-02-16,23,5,MMB-001,MMB_HOLE_POSITION_TP,Motor Mount Hole True Position,gdandt_position,0.0,0.0,0.2,0.1354,mm,False
SPC-MMB_HOLE_POSITION_TP-024-1,2024-02-18,24,1,MMB-001,MMB_HOLE_POSITION_TP,Motor Mount Hole True Position,gdandt_position,0.0,0.0,0.2,0.0992,mm,False
SPC-MMB_HOLE_POSITION_TP-024-2,2024-02-18,24,2,MMB-001,MMB_HOLE_POSITION_TP,Motor Mount Hole True Position,gdandt_position,0.0,0.0,0.2,0.0254,mm,False
SPC-MMB_HOLE_POSITION_TP-024-3,2024-02-18,24,3,MMB-001,MMB_HOLE_POSITION_TP,Motor Mount Hole True Position,gdandt_position,0.0,0.0,0.2,0.103,mm,False
SPC-MMB_HOLE_POSITION_TP-024-4,2024-02-18,24,4,MMB-001,MMB_HOLE_POSITION_TP,Motor Mount Hole True Position,gdandt_position,0.0,0.0,0.2,0.0332,mm,False
SPC-MMB_HOLE_POSITION_TP-024-5,2024-02-18,24,5,MMB-001,MMB_HOLE_POSITION_TP,Motor Mount Hole True Position,gdandt_position,0.0,0.0,0.2,0.0665,mm,False
SPC-MMB_HOLE_POSITION_TP-025-1,2024-02-20,25,1,MMB-001,MMB_HOLE_POSITION_TP,Motor Mount Hole True Position,gdandt_position,0.0,0.0,0.2,0.0823,mm,False
SPC-MMB_HOLE_POSITION_TP-025-2,2024-02-20,25,2,MMB-001,MMB_HOLE_POSITION_TP,Motor Mount Hole True Position,gdandt_position,0.0,0.0,0.2,0.0531,mm,False
SPC-MMB_HOLE_POSITION_TP-025-3,2024-02-20,25,3,MMB-001,MMB_HOLE_POSITION_TP,Motor Mount Hole True Position,gdandt_position,0.0,0.0,0.2,0.1181,mm,False
SPC-MMB_HOLE_POSITION_TP-025-4,2024-02-20,25,4,MMB-001,MMB_HOLE_POSITION_TP,Motor Mount Hole True Position,gdandt_position,0.0,0.0,0.2,0.0775,mm,False
SPC-MMB_HOLE_POSITION_TP-025-5,2024-02-20,25,5,MMB-001,MMB_HOLE_POSITION_TP,Motor Mount Hole True Position,gdandt_position,0.0,0.0,0.2,0.0993,mm,False
SPC-MMB_HOLE_POSITION_TP-026-1,2024-02-22,26,1,MMB-001,MMB_HOLE_POSITION_TP,Motor Mount Hole True Position,gdandt_position,0.0,0.0,0.2,0.0847,mm,False
SPC-MMB_HOLE_POSITION_TP-026-2,2024-02-22,26,2,MMB-001,MMB_HOLE_POSITION_TP,Motor Mount Hole True Position,gdandt_position,0.0,0.0,0.2,0.0894,mm,False
SPC-MMB_HOLE_POSITION_TP-026-3,2024-02-22,26,3,MMB-001,MMB_HOLE_POSITION_TP,Motor Mount Hole True Position,gdandt_position,0.0,0.0,0.2,0.054,mm,False
SPC-MMB_HOLE_POSITION_TP-026-4,2024-02-22,26,4,MMB-001,MMB_HOLE_POSITION_TP,Motor Mount Hole True Position,gdandt_position,0.0,0.0,0.2,0.0439,mm,False
SPC-MMB_HOLE_POSITION_TP-026-5,2024-02-22,26,5,MMB-001,MMB_HOLE_POSITION_TP,Motor Mount Hole True Position,gdandt_position,0.0,0.0,0.2,0.0796,mm,False
SPC-MMB_HOLE_POSITION_TP-027-1,2024-02-24,27,1,MMB-001,MMB_HOLE_POSITION_TP,Motor Mount Hole True Position,gdandt_position,0.0,0.0,0.2,0.0512,mm,False
SPC-MMB_HOLE_POSITION_TP-027-2,2024-02-24,27,2,MMB-001,MMB_HOLE_POSITION_TP,Motor Mount Hole True Position,gdandt_position,0.0,0.0,0.2,0.1338,mm,False
SPC-MMB_HOLE_POSITION_TP-027-3,2024-02-24,27,3,MMB-001,MMB_HOLE_POSITION_TP,Motor Mount Hole True Position,gdandt_position,0.0,0.0,0.2,0.0368,mm,False
SPC-MMB_HOLE_POSITION_TP-027-4,2024-02-24,27,4,MMB-001,MMB_HOLE_POSITION_TP,Motor Mount Hole True Position,gdandt_position,0.0,0.0,0.2,0.1668,mm,False
SPC-MMB_HOLE_POSITION_TP-027-5,2024-02-24,27,5,MMB-001,MMB_HOLE_POSITION_TP,Motor Mount Hole True Position,gdandt_position,0.0,0.0,0.2,0.0956,mm,False
SPC-MMB_HOLE_POSITION_TP-028-1,2024-02-26,28,1,MMB-001,MMB_HOLE_POSITION_TP,Motor Mount Hole True Position,gdandt_position,0.0,0.0,0.2,0.0874,mm,False
SPC-MMB_HOLE_POSITION_TP-028-2,2024-02-26,28,2,MMB-001,MMB_HOLE_POSITION_TP,Motor Mount Hole True Position,gdandt_position,0.0,0.0,0.2,0.0661,mm,False
SPC-MMB_HOLE_POSITION_TP-028-3,2024-02-26,28,3,MMB-001,MMB_HOLE_POSITION_TP,Motor Mount Hole True Position,gdandt_position,0.0,0.0,0.2,0.108,mm,False
SPC-MMB_HOLE_POSITION_TP-028-4,2024-02-26,28,4,MMB-001,MMB_HOLE_POSITION_TP,Motor Mount Hole True Position,gdandt_position,0.0,0.0,0.2,0.0779,mm,False
SPC-MMB_HOLE_POSITION_TP-028-5,2024-02-26,28,5,MMB-001,MMB_HOLE_POSITION_TP,Motor Mount Hole True Position,gdandt_position,0.0,0.0,0.2,0.0955,mm,False
SPC-MMB_HOLE_POSITION_TP-029-1,2024-02-28,29,1,MMB-001,MMB_HOLE_POSITION_TP,Motor Mount Hole True Position,gdandt_position,0.0,0.0,0.2,0.1145,mm,False
SPC-MMB_HOLE_POSITION_TP-029-2,2024-02-28,29,2,MMB-001,MMB_HOLE_POSITION_TP,Motor Mount Hole True Position,gdandt_position,0.0,0.0,0.2,0.1084,mm,False
SPC-MMB_HOLE_POSITION_TP-029-3,2024-02-28,29,3,MMB-001,MMB_HOLE_POSITION_TP,Motor Mount Hole True Position,gdandt_position,0.0,0.0,0.2,0.1284,mm,False
SPC-MMB_HOLE_POSITION_TP-029-4,2024-02-28,29,4,MMB-001,MMB_HOLE_POSITION_TP,Motor Mount Hole True Position,gdandt_position,0.0,0.0,0.2,0.1038,mm,False
SPC-MMB_HOLE_POSITION_TP-029-5,2024-02-28,29,5,MMB-001,MMB_HOLE_POSITION_TP,Motor Mount Hole True Position,gdandt_position,0.0,0.0,0.2,0.0517,mm,False
SPC-MMB_HOLE_POSITION_TP-030-1,2024-03-01,30,1,MMB-001,MMB_HOLE_POSITION_TP,Motor Mount Hole True Position,gdandt_position,0.0,0.0,0.2,0.0122,mm,False
SPC-MMB_HOLE_POSITION_TP-030-2,2024-03-01,30,2,MMB-001,MMB_HOLE_POSITION_TP,Motor Mount Hole True Position,gdandt_position,0.0,0.0,0.2,0.0924,mm,False
SPC-MMB_HOLE_POSITION_TP-030-3,2024-03-01,30,3,MMB-001,MMB_HOLE_POSITION_TP,Motor Mount Hole True Position,gdandt_position,0.0,0.0,0.2,0.0929,mm,False
SPC-MMB_HOLE_POSITION_TP-030-4,2024-03-01,30,4,MMB-001,MMB_HOLE_POSITION_TP,Motor Mount Hole True Position,gdandt_position,0.0,0.0,0.2,0.1524,mm,False
SPC-MMB_HOLE_POSITION_TP-030-5,2024-03-01,30,5,MMB-001,MMB_HOLE_POSITION_TP,Motor Mount Hole True Position,gdandt_position,0.0,0.0,0.2,0.0809,mm,False
SPC-MMB_HOLE_POSITION_TP-031-1,2024-03-03,31,1,MMB-001,MMB_HOLE_POSITION_TP,Motor Mount Hole True Position,gdandt_position,0.0,0.0,0.2,0.0981,mm,False
SPC-MMB_HOLE_POSITION_TP-031-2,2024-03-03,31,2,MMB-001,MMB_HOLE_POSITION_TP,Motor Mount Hole True Position,gdandt_position,0.0,0.0,0.2,0.1122,mm,False
SPC-MMB_HOLE_POSITION_TP-031-3,2024-03-03,31,3,MMB-001,MMB_HOLE_POSITION_TP,Motor Mount Hole True Position,gdandt_position,0.0,0.0,0.2,0.103,mm,False
SPC-MMB_HOLE_POSITION_TP-031-4,2024-03-03,31,4,MMB-001,MMB_HOLE_POSITION_TP,Motor Mount Hole True Position,gdandt_position,0.0,0.0,0.2,0.1145,mm,False
SPC-MMB_HOLE_POSITION_TP-031-5,2024-03-03,31,5,MMB-001,MMB_HOLE_POSITION_TP,Motor Mount Hole True Position,gdandt_position,0.0,0.0,0.2,0.0564,mm,False
SPC-MMB_HOLE_POSITION_TP-032-1,2024-03-05,32,1,MMB-001,MMB_HOLE_POSITION_TP,Motor Mount Hole True Position,gdandt_position,0.0,0.0,0.2,0.0508,mm,False
SPC-MMB_HOLE_POSITION_TP-032-2,2024-03-05,32,2,MMB-001,MMB_HOLE_POSITION_TP,Motor Mount Hole True Position,gdandt_position,0.0,0.0,0.2,0.0752,mm,False
SPC-MMB_HOLE_POSITION_TP-032-3,2024-03-05,32,3,MMB-001,MMB_HOLE_POSITION_TP,Motor Mount Hole True Position,gdandt_position,0.0,0.0,0.2,0.0089,mm,False
SPC-MMB_HOLE_POSITION_TP-032-4,2024-03-05,32,4,MMB-001,MMB_HOLE_POSITION_TP,Motor Mount Hole True Position,gdandt_position,0.0,0.0,0.2,0.0836,mm,False
SPC-MMB_HOLE_POSITION_TP-032-5,2024-03-05,32,5,MMB-001,MMB_HOLE_POSITION_TP,Motor Mount Hole True Position,gdandt_position,0.0,0.0,0.2,0.0619,mm,False
SPC-MMB_HOLE_POSITION_TP-033-1,2024-03-07,33,1,MMB-001,MMB_HOLE_POSITION_TP,Motor Mount Hole True Position,gdandt_position,0.0,0.0,0.2,0.0963,mm,False
SPC-MMB_HOLE_POSITION_TP-033-2,2024-03-07,33,2,MMB-001,MMB_HOLE_POSITION_TP,Motor Mount Hole True Position,gdandt_position,0.0,0.0,0.2,0.0757,mm,False
SPC-MMB_HOLE_POSITION_TP-033-3,2024-03-07,33,3,MMB-001,MMB_HOLE_POSITION_TP,Motor Mount Hole True Position,gdandt_position,0.0,0.0,0.2,0.0495,mm,False
SPC-MMB_HOLE_POSITION_TP-033-4,2024-03-07,33,4,MMB-001,MMB_HOLE_POSITION_TP,Motor Mount Hole True Position,gdandt_position,0.0,0.0,0.2,0.1309,mm,False
SPC-MMB_HOLE_POSITION_TP-033-5,2024-03-07,33,5,MMB-001,MMB_HOLE_POSITION_TP,Motor Mount Hole True Position,gdandt_position,0.0,0.0,0.2,0.0879,mm,False
SPC-MMB_HOLE_POSITION_TP-034-1,2024-03-09,34,1,MMB-001,MMB_HOLE_POSITION_TP,Motor Mount Hole True Position,gdandt_position,0.0,0.0,0.2,0.1152,mm,False
SPC-MMB_HOLE_POSITION_TP-034-2,2024-03-09,34,2,MMB-001,MMB_HOLE_POSITION_TP,Motor Mount Hole True Position,gdandt_position,0.0,0.0,0.2,0.0914,mm,False
SPC-MMB_HOLE_POSITION_TP-034-3,2024-03-09,34,3,MMB-001,MMB_HOLE_POSITION_TP,Motor Mount Hole True Position,gdandt_position,0.0,0.0,0.2,0.1012,mm,False
SPC-MMB_HOLE_POSITION_TP-034-4,2024-03-09,34,4,MMB-001,MMB_HOLE_POSITION_TP,Motor Mount Hole True Position,gdandt_position,0.0,0.0,0.2,0.0374,mm,False
SPC-MMB_HOLE_POSITION_TP-034-5,2024-03-09,34,5,MMB-001,MMB_HOLE_POSITION_TP,Motor Mount Hole True Position,gdandt_position,0.0,0.0,0.2,0.1297,mm,False
SPC-MMB_HOLE_POSITION_TP-035-1,2024-03-11,35,1,MMB-001,MMB_HOLE_POSITION_TP,Motor Mount Hole True Position,gdandt_position,0.0,0.0,0.2,0.1158,mm,False
SPC-MMB_HOLE_POSITION_TP-035-2,2024-03-11,35,2,MMB-001,MMB_HOLE_POSITION_TP,Motor Mount Hole True Position,gdandt_position,0.0,0.0,0.2,0.0843,mm,False
SPC-MMB_HOLE_POSITION_TP-035-3,2024-03-11,35,3,MMB-001,MMB_HOLE_POSITION_TP,Motor Mount Hole True Position,gdandt_position,0.0,0.0,0.2,0.0951,mm,False
SPC-MMB_HOLE_POSITION_TP-035-4,2024-03-11,35,4,MMB-001,MMB_HOLE_POSITION_TP,Motor Mount Hole True Position,gdandt_position,0.0,0.0,0.2,0.1201,mm,False
SPC-MMB_HOLE_POSITION_TP-035-5,2024-03-11,35,5,MMB-001,MMB_HOLE_POSITION_TP,Motor Mount Hole True Position,gdandt_position,0.0,0.0,0.2,0.072,mm,False
SPC-MMB_HOLE_POSITION_TP-036-1,2024-03-13,36,1,MMB-001,MMB_HOLE_POSITION_TP,Motor Mount Hole True Position,gdandt_position,0.0,0.0,0.2,0.0296,mm,False
SPC-MMB_HOLE_POSITION_TP-036-2,2024-03-13,36,2,MMB-001,MMB_HOLE_POSITION_TP,Motor Mount Hole True Position,gdandt_position,0.0,0.0,0.2,0.0726,mm,False
SPC-MMB_HOLE_POSITION_TP-036-3,2024-03-13,36,3,MMB-001,MMB_HOLE_POSITION_TP,Motor Mount Hole True Position,gdandt_position,0.0,0.0,0.2,0.0903,mm,False
SPC-MMB_HOLE_POSITION_TP-036-4,2024-03-13,36,4,MMB-001,MMB_HOLE_POSITION_TP,Motor Mount Hole True Position,gdandt_position,0.0,0.0,0.2,0.0839,mm,False
SPC-MMB_HOLE_POSITION_TP-036-5,2024-03-13,36,5,MMB-001,MMB_HOLE_POSITION_TP,Motor Mount Hole True Position,gdandt_position,0.0,0.0,0.2,0.1311,mm,False
SPC-MMB_HOLE_POSITION_TP-037-1,2024-03-15,37,1,MMB-001,MMB_HOLE_POSITION_TP,Motor Mount Hole True Position,gdandt_position,0.0,0.0,0.2,0.0514,mm,False
SPC-MMB_HOLE_POSITION_TP-037-2,2024-03-15,37,2,MMB-001,MMB_HOLE_POSITION_TP,Motor Mount Hole True Position,gdandt_position,0.0,0.0,0.2,0.0558,mm,False
SPC-MMB_HOLE_POSITION_TP-037-3,2024-03-15,37,3,MMB-001,MMB_HOLE_POSITION_TP,Motor Mount Hole True Position,gdandt_position,0.0,0.0,0.2,0.048,mm,False
SPC-MMB_HOLE_POSITION_TP-037-4,2024-03-15,37,4,MMB-001,MMB_HOLE_POSITION_TP,Motor Mount Hole True Position,gdandt_position,0.0,0.0,0.2,0.1,mm,False
SPC-MMB_HOLE_POSITION_TP-037-5,2024-03-15,37,5,MMB-001,MMB_HOLE_POSITION_TP,Motor Mount Hole True Position,gdandt_position,0.0,0.0,0.2,0.0316,mm,False
SPC-MMB_HOLE_POSITION_TP-038-1,2024-03-17,38,1,MMB-001,MMB_HOLE_POSITION_TP,Motor Mount Hole True Position,gdandt_position,0.0,0.0,0.2,0.111,mm,False
SPC-MMB_HOLE_POSITION_TP-038-2,2024-03-17,38,2,MMB-001,MMB_HOLE_POSITION_TP,Motor Mount Hole True Position,gdandt_position,0.0,0.0,0.2,0.0523,mm,False
SPC-MMB_HOLE_POSITION_TP-038-3,2024-03-17,38,3,MMB-001,MMB_HOLE_POSITION_TP,Motor Mount Hole True Position,gdandt_position,0.0,0.0,0.2,0.0579,mm,False
SPC-MMB_HOLE_POSITION_TP-038-4,2024-03-17,38,4,MMB-001,MMB_HOLE_POSITION_TP,Motor Mount Hole True Position,gdandt_position,0.0,0.0,0.2,0.147,mm,False
SPC-MMB_HOLE_POSITION_TP-038-5,2024-03-17,38,5,MMB-001,MMB_HOLE_POSITION_TP,Motor Mount Hole True Position,gdandt_position,0.0,0.0,0.2,0.1281,mm,False
SPC-MMB_HOLE_POSITION_TP-039-1,2024-03-19,39,1,MMB-001,MMB_HOLE_POSITION_TP,Motor Mount Hole True Position,gdandt_position,0.0,0.0,0.2,0.0892,mm,False
SPC-MMB_HOLE_POSITION_TP-039-2,2024-03-19,39,2,MMB-001,MMB_HOLE_POSITION_TP,Motor Mount Hole True Position,gdandt_position,0.0,0.0,0.2,0.0391,mm,False
SPC-MMB_HOLE_POSITION_TP-039-3,2024-03-19,39,3,MMB-001,MMB_HOLE_POSITION_TP,Motor Mount Hole True Position,gdandt_position,0.0,0.0,0.2,0.1555,mm,False
SPC-MMB_HOLE_POSITION_TP-039-4,2024-03-19,39,4,MMB-001,MMB_HOLE_POSITION_TP,Motor Mount Hole True Position,gdandt_position,0.0,0.0,0.2,0.0781,mm,False
SPC-MMB_HOLE_POSITION_TP-039-5,2024-03-19,39,5,MMB-001,MMB_HOLE_POSITION_TP,Motor Mount Hole True Position,gdandt_position,0.0,0.0,0.2,0.0937,mm,False
SPC-MMB_HOLE_POSITION_TP-040-1,2024-03-21,40,1,MMB-001,MMB_HOLE_POSITION_TP,Motor Mount Hole True Position,gdandt_position,0.0,0.0,0.2,0.1169,mm,False
SPC-MMB_HOLE_POSITION_TP-040-2,2024-03-21,40,2,MMB-001,MMB_HOLE_POSITION_TP,Motor Mount Hole True Position,gdandt_position,0.0,0.0,0.2,0.0163,mm,False
SPC-MMB_HOLE_POSITION_TP-040-3,2024-03-21,40,3,MMB-001,MMB_HOLE_POSITION_TP,Motor Mount Hole True Position,gdandt_position,0.0,0.0,0.2,0.0626,mm,False
SPC-MMB_HOLE_POSITION_TP-040-4,2024-03-21,40,4,MMB-001,MMB_HOLE_POSITION_TP,Motor Mount Hole True Position,gdandt_position,0.0,0.0,0.2,0.0826,mm,False
SPC-MMB_HOLE_POSITION_TP-040-5,2024-03-21,40,5,MMB-001,MMB_HOLE_POSITION_TP,Motor Mount Hole True Position,gdandt_position,0.0,0.0,0.2,0.0896,mm,False
SPC-MMB_HOLE_POSITION_TP-041-1,2024-03-23,41,1,MMB-001,MMB_HOLE_POSITION_TP,Motor Mount Hole True Position,gdandt_position,0.0,0.0,0.2,0.0394,mm,False
SPC-MMB_HOLE_POSITION_TP-041-2,2024-03-23,41,2,MMB-001,MMB_HOLE_POSITION_TP,Motor Mount Hole True Position,gdandt_position,0.0,0.0,0.2,0.0964,mm,False
SPC-MMB_HOLE_POSITION_TP-041-3,2024-03-23,41,3,MMB-001,MMB_HOLE_POSITION_TP,Motor Mount Hole True Position,gdandt_position,0.0,0.0,0.2,0.0862,mm,False
SPC-MMB_HOLE_POSITION_TP-041-4,2024-03-23,41,4,MMB-001,MMB_HOLE_POSITION_TP,Motor Mount Hole True Position,gdandt_position,0.0,0.0,0.2,0.1434,mm,False
SPC-MMB_HOLE_POSITION_TP-041-5,2024-03-23,41,5,MMB-001,MMB_HOLE_POSITION_TP,Motor Mount Hole True Position,gdandt_position,0.0,0.0,0.2,0.12,mm,False
SPC-MMB_HOLE_POSITION_TP-042-1,2024-03-25,42,1,MMB-001,MMB_HOLE_POSITION_TP,Motor Mount Hole True Position,gdandt_position,0.0,0.0,0.2,0.0756,mm,False
SPC-MMB_HOLE_POSITION_TP-042-2,2024-03-25,42,2,MMB-001,MMB_HOLE_POSITION_TP,Motor Mount Hole True Position,gdandt_position,0.0,0.0,0.2,0.0781,mm,False
SPC-MMB_HOLE_POSITION_TP-042-3,2024-03-25,42,3,MMB-001,MMB_HOLE_POSITION_TP,Motor Mount Hole True Position,gdandt_position,0.0,0.0,0.2,0.1205,mm,False
SPC-MMB_HOLE_POSITION_TP-042-4,2024-03-25,42,4,MMB-001,MMB_HOLE_POSITION_TP,Motor Mount Hole True Position,gdandt_position,0.0,0.0,0.2,0.0949,mm,False
SPC-MMB_HOLE_POSITION_TP-042-5,2024-03-25,42,5,MMB-001,MMB_HOLE_POSITION_TP,Motor Mount Hole True Position,gdandt_position,0.0,0.0,0.2,0.037,mm,False
SPC-MMB_HOLE_POSITION_TP-043-1,2024-03-27,43,1,MMB-001,MMB_HOLE_POSITION_TP,Motor Mount Hole True Position,gdandt_position,0.0,0.0,0.2,0.1583,mm,False
SPC-MMB_HOLE_POSITION_TP-043-2,2024-03-27,43,2,MMB-001,MMB_HOLE_POSITION_TP,Motor Mount Hole True Position,gdandt_position,0.0,0.0,0.2,0.0504,mm,False
SPC-MMB_HOLE_POSITION_TP-043-3,2024-03-27,43,3,MMB-001,MMB_HOLE_POSITION_TP,Motor Mount Hole True Position,gdandt_position,0.0,0.0,0.2,0.1718,mm,False
SPC-MMB_HOLE_POSITION_TP-043-4,2024-03-27,43,4,MMB-001,MMB_HOLE_POSITION_TP,Motor Mount Hole True Position,gdandt_position,0.0,0.0,0.2,0.1,mm,False
SPC-MMB_HOLE_POSITION_TP-043-5,2024-03-27,43,5,MMB-001,MMB_HOLE_POSITION_TP,Motor Mount Hole True Position,gdandt_position,0.0,0.0,0.2,0.0628,mm,False
SPC-MMB_HOLE_POSITION_TP-044-1,2024-03-29,44,1,MMB-001,MMB_HOLE_POSITION_TP,Motor Mount Hole True Position,gdandt_position,0.0,0.0,0.2,0.0022,mm,False
SPC-MMB_HOLE_POSITION_TP-044-2,2024-03-29,44,2,MMB-001,MMB_HOLE_POSITION_TP,Motor Mount Hole True Position,gdandt_position,0.0,0.0,0.2,0.1122,mm,False
SPC-MMB_HOLE_POSITION_TP-044-3,2024-03-29,44,3,MMB-001,MMB_HOLE_POSITION_TP,Motor Mount Hole True Position,gdandt_position,0.0,0.0,0.2,0.0307,mm,False
SPC-MMB_HOLE_POSITION_TP-044-4,2024-03-29,44,4,MMB-001,MMB_HOLE_POSITION_TP,Motor Mount Hole True Position,gdandt_position,0.0,0.0,0.2,0.0975,mm,False
SPC-MMB_HOLE_POSITION_TP-044-5,2024-03-29,44,5,MMB-001,MMB_HOLE_POSITION_TP,Motor Mount Hole True Position,gdandt_position,0.0,0.0,0.2,0.1527,mm,False
SPC-MMB_HOLE_POSITION_TP-045-1,2024-03-31,45,1,MMB-001,MMB_HOLE_POSITION_TP,Motor Mount Hole True Position,gdandt_position,0.0,0.0,0.2,0.0452,mm,False
SPC-MMB_HOLE_POSITION_TP-045-2,2024-03-31,45,2,MMB-001,MMB_HOLE_POSITION_TP,Motor Mount Hole True Position,gdandt_position,0.0,0.0,0.2,0.1108,mm,False
SPC-MMB_HOLE_POSITION_TP-045-3,2024-03-31,45,3,MMB-001,MMB_HOLE_POSITION_TP,Motor Mount Hole True Position,gdandt_position,0.0,0.0,0.2,0.0566,mm,False
SPC-MMB_HOLE_POSITION_TP-045-4,2024-03-31,45,4,MMB-001,MMB_HOLE_POSITION_TP,Motor Mount Hole True Position,gdandt_position,0.0,0.0,0.2,0.1247,mm,False
SPC-MMB_HOLE_POSITION_TP-045-5,2024-03-31,45,5,MMB-001,MMB_HOLE_POSITION_TP,Motor Mount Hole True Position,gdandt_position,0.0,0.0,0.2,0.0873,mm,False
SPC-MMB_HOLE_POSITION_TP-046-1,2024-04-02,46,1,MMB-001,MMB_HOLE_POSITION_TP,Motor Mount Hole True Position,gdandt_position,0.0,0.0,0.2,0.0843,mm,False
SPC-MMB_HOLE_POSITION_TP-046-2,2024-04-02,46,2,MMB-001,MMB_HOLE_POSITION_TP,Motor Mount Hole True Position,gdandt_position,0.0,0.0,0.2,0.1273,mm,False
SPC-MMB_HOLE_POSITION_TP-046-3,2024-04-02,46,3,MMB-001,MMB_HOLE_POSITION_TP,Motor Mount Hole True Position,gdandt_position,0.0,0.0,0.2,0.1069,mm,False
SPC-MMB_HOLE_POSITION_TP-046-4,2024-04-02,46,4,MMB-001,MMB_HOLE_POSITION_TP,Motor Mount Hole True Position,gdandt_position,0.0,0.0,0.2,0.0568,mm,False
SPC-MMB_HOLE_POSITION_TP-046-5,2024-04-02,46,5,MMB-001,MMB_HOLE_POSITION_TP,Motor Mount Hole True Position,gdandt_position,0.0,0.0,0.2,0.1475,mm,False
SPC-MMB_HOLE_POSITION_TP-047-1,2024-04-04,47,1,MMB-001,MMB_HOLE_POSITION_TP,Motor Mount Hole True Position,gdandt_position,0.0,0.0,0.2,0.0312,mm,False
SPC-MMB_HOLE_POSITION_TP-047-2,2024-04-04,47,2,MMB-001,MMB_HOLE_POSITION_TP,Motor Mount Hole True Position,gdandt_position,0.0,0.0,0.2,0.0946,mm,False
SPC-MMB_HOLE_POSITION_TP-047-3,2024-04-04,47,3,MMB-001,MMB_HOLE_POSITION_TP,Motor Mount Hole True Position,gdandt_position,0.0,0.0,0.2,0.0562,mm,False
SPC-MMB_HOLE_POSITION_TP-047-4,2024-04-04,47,4,MMB-001,MMB_HOLE_POSITION_TP,Motor Mount Hole True Position,gdandt_position,0.0,0.0,0.2,0.0329,mm,False
SPC-MMB_HOLE_POSITION_TP-047-5,2024-04-04,47,5,MMB-001,MMB_HOLE_POSITION_TP,Motor Mount Hole True Position,gdandt_position,0.0,0.0,0.2,0.0453,mm,False
SPC-MMB_HOLE_POSITION_TP-048-1,2024-04-06,48,1,MMB-001,MMB_HOLE_POSITION_TP,Motor Mount Hole True Position,gdandt_position,0.0,0.0,0.2,0.0833,mm,False
SPC-MMB_HOLE_POSITION_TP-048-2,2024-04-06,48,2,MMB-001,MMB_HOLE_POSITION_TP,Motor Mount Hole True Position,gdandt_position,0.0,0.0,0.2,0.0972,mm,False
SPC-MMB_HOLE_POSITION_TP-048-3,2024-04-06,48,3,MMB-001,MMB_HOLE_POSITION_TP,Motor Mount Hole True Position,gdandt_position,0.0,0.0,0.2,0.1221,mm,False
SPC-MMB_HOLE_POSITION_TP-048-4,2024-04-06,48,4,MMB-001,MMB_HOLE_POSITION_TP,Motor Mount Hole True Position,gdandt_position,0.0,0.0,0.2,0.1367,mm,False
SPC-MMB_HOLE_POSITION_TP-048-5,2024-04-06,48,5,MMB-001,MMB_HOLE_POSITION_TP,Motor Mount Hole True Position,gdandt_position,0.0,0.0,0.2,0.0947,mm,False
SPC-MMB_HOLE_POSITION_TP-049-1,2024-04-08,49,1,MMB-001,MMB_HOLE_POSITION_TP,Motor Mount Hole True Position,gdandt_position,0.0,0.0,0.2,0.0695,mm,False
SPC-MMB_HOLE_POSITION_TP-049-2,2024-04-08,49,2,MMB-001,MMB_HOLE_POSITION_TP,Motor Mount Hole True Position,gdandt_position,0.0,0.0,0.2,0.1214,mm,False
SPC-MMB_HOLE_POSITION_TP-049-3,2024-04-08,49,3,MMB-001,MMB_HOLE_POSITION_TP,Motor Mount Hole True Position,gdandt_position,0.0,0.0,0.2,0.0635,mm,False
SPC-MMB_HOLE_POSITION_TP-049-4,2024-04-08,49,4,MMB-001,MMB_HOLE_POSITION_TP,Motor Mount Hole True Position,gdandt_position,0.0,0.0,0.2,0.0292,mm,False
SPC-MMB_HOLE_POSITION_TP-049-5,2024-04-08,49,5,MMB-001,MMB_HOLE_POSITION_TP,Motor Mount Hole True Position,gdandt_position,0.0,0.0,0.2,0.1179,mm,False
SPC-MMB_HOLE_POSITION_TP-050-1,2024-04-10,50,1,MMB-001,MMB_HOLE_POSITION_TP,Motor Mount Hole True Position,gdandt_position,0.0,0.0,0.2,0.1313,mm,False
SPC-MMB_HOLE_POSITION_TP-050-2,2024-04-10,50,2,MMB-001,MMB_HOLE_POSITION_TP,Motor Mount Hole True Position,gdandt_position,0.0,0.0,0.2,0.0562,mm,False
SPC-MMB_HOLE_POSITION_TP-050-3,2024-04-10,50,3,MMB-001,MMB_HOLE_POSITION_TP,Motor Mount Hole True Position,gdandt_position,0.0,0.0,0.2,0.1536,mm,False
SPC-MMB_HOLE_POSITION_TP-050-4,2024-04-10,50,4,MMB-001,MMB_HOLE_POSITION_TP,Motor Mount Hole True Position,gdandt_position,0.0,0.0,0.2,0.1054,mm,False
SPC-MMB_HOLE_POSITION_TP-050-5,2024-04-10,50,5,MMB-001,MMB_HOLE_POSITION_TP,Motor Mount Hole True Position,gdandt_position,0.0,0.0,0.2,0.1002,mm,False
SPC-MMB_HOLE_POSITION_TP-051-1,2024-04-12,51,1,MMB-001,MMB_HOLE_POSITION_TP,Motor Mount Hole True Position,gdandt_position,0.0,0.0,0.2,0.0669,mm,False
SPC-MMB_HOLE_POSITION_TP-051-2,2024-04-12,51,2,MMB-001,MMB_HOLE_POSITION_TP,Motor Mount Hole True Position,gdandt_position,0.0,0.0,0.2,0.1206,mm,False
SPC-MMB_HOLE_POSITION_TP-051-3,2024-04-12,51,3,MMB-001,MMB_HOLE_POSITION_TP,Motor Mount Hole True Position,gdandt_position,0.0,0.0,0.2,0.0316,mm,False
SPC-MMB_HOLE_POSITION_TP-051-4,2024-04-12,51,4,MMB-001,MMB_HOLE_POSITION_TP,Motor Mount Hole True Position,gdandt_position,0.0,0.0,0.2,0.0731,mm,False
SPC-MMB_HOLE_POSITION_TP-051-5,2024-04-12,51,5,MMB-001,MMB_HOLE_POSITION_TP,Motor Mount Hole True Position,gdandt_position,0.0,0.0,0.2,0.0593,mm,False
SPC-MMB_HOLE_POSITION_TP-052-1,2024-04-14,52,1,MMB-001,MMB_HOLE_POSITION_TP,Motor Mount Hole True Position,gdandt_position,0.0,0.0,0.2,0.0392,mm,False
SPC-MMB_HOLE_POSITION_TP-052-2,2024-04-14,52,2,MMB-001,MMB_HOLE_POSITION_TP,Motor Mount Hole True Position,gdandt_position,0.0,0.0,0.2,0.1152,mm,False
SPC-MMB_HOLE_POSITION_TP-052-3,2024-04-14,52,3,MMB-001,MMB_HOLE_POSITION_TP,Motor Mount Hole True Position,gdandt_position,0.0,0.0,0.2,0.0969,mm,False
SPC-MMB_HOLE_POSITION_TP-052-4,2024-04-14,52,4,MMB-001,MMB_HOLE_POSITION_TP,Motor Mount Hole True Position,gdandt_position,0.0,0.0,0.2,0.1132,mm,False
SPC-MMB_HOLE_POSITION_TP-052-5,2024-04-14,52,5,MMB-001,MMB_HOLE_POSITION_TP,Motor Mount Hole True Position,gdandt_position,0.0,0.0,0.2,0.0753,mm,False
SPC-MMB_HOLE_POSITION_TP-053-1,2024-04-16,53,1,MMB-001,MMB_HOLE_POSITION_TP,Motor Mount Hole True Position,gdandt_position,0.0,0.0,0.2,0.1195,mm,False
SPC-MMB_HOLE_POSITION_TP-053-2,2024-04-16,53,2,MMB-001,MMB_HOLE_POSITION_TP,Motor Mount Hole True Position,gdandt_position,0.0,0.0,0.2,0.0877,mm,False
SPC-MMB_HOLE_POSITION_TP-053-3,2024-04-16,53,3,MMB-001,MMB_HOLE_POSITION_TP,Motor Mount Hole True Position,gdandt_position,0.0,0.0,0.2,0.0685,mm,False
SPC-MMB_HOLE_POSITION_TP-053-4,2024-04-16,53,4,MMB-001,MMB_HOLE_POSITION_TP,Motor Mount Hole True Position,gdandt_position,0.0,0.0,0.2,0.0626,mm,False
SPC-MMB_HOLE_POSITION_TP-053-5,2024-04-16,53,5,MMB-001,MMB_HOLE_POSITION_TP,Motor Mount Hole True Position,gdandt_position,0.0,0.0,0.2,0.0156,mm,False
SPC-MMB_HOLE_POSITION_TP-054-1,2024-04-18,54,1,MMB-001,MMB_HOLE_POSITION_TP,Motor Mount Hole True Position,gdandt_position,0.0,0.0,0.2,0.1258,mm,False
SPC-MMB_HOLE_POSITION_TP-054-2,2024-04-18,54,2,MMB-001,MMB_HOLE_POSITION_TP,Motor Mount Hole True Position,gdandt_position,0.0,0.0,0.2,0.1218,mm,False
SPC-MMB_HOLE_POSITION_TP-054-3,2024-04-18,54,3,MMB-001,MMB_HOLE_POSITION_TP,Motor Mount Hole True Position,gdandt_position,0.0,0.0,0.2,0.1875,mm,False
SPC-MMB_HOLE_POSITION_TP-054-4,2024-04-18,54,4,MMB-001,MMB_HOLE_POSITION_TP,Motor Mount Hole True Position,gdandt_position,0.0,0.0,0.2,0.0733,mm,False
SPC-MMB_HOLE_POSITION_TP-054-5,2024-04-18,54,5,MMB-001,MMB_HOLE_POSITION_TP,Motor Mount Hole True Position,gdandt_position,0.0,0.0,0.2,0.0617,mm,False
SPC-MMB_HOLE_POSITION_TP-055-1,2024-04-20,55,1,MMB-001,MMB_HOLE_POSITION_TP,Motor Mount Hole True Position,gdandt_position,0.0,0.0,0.2,0.0254,mm,False
SPC-MMB_HOLE_POSITION_TP-055-2,2024-04-20,55,2,MMB-001,MMB_HOLE_POSITION_TP,Motor Mount Hole True Position,gdandt_position,0.0,0.0,0.2,0.1186,mm,False
SPC-MMB_HOLE_POSITION_TP-055-3,2024-04-20,55,3,MMB-001,MMB_HOLE_POSITION_TP,Motor Mount Hole True Position,gdandt_position,0.0,0.0,0.2,0.1105,mm,False
SPC-MMB_HOLE_POSITION_TP-055-4,2024-04-20,55,4,MMB-001,MMB_HOLE_POSITION_TP,Motor Mount Hole True Position,gdandt_position,0.0,0.0,0.2,0.1393,mm,False
SPC-MMB_HOLE_POSITION_TP-055-5,2024-04-20,55,5,MMB-001,MMB_HOLE_POSITION_TP,Motor Mount Hole True Position,gdandt_position,0.0,0.0,0.2,0.0529,mm,False
SPC-MMB_HOLE_POSITION_TP-056-1,2024-04-22,56,1,MMB-001,MMB_HOLE_POSITION_TP,Motor Mount Hole True Position,gdandt_position,0.0,0.0,0.2,0.1119,mm,False
SPC-MMB_HOLE_POSITION_TP-056-2,2024-04-22,56,2,MMB-001,MMB_HOLE_POSITION_TP,Motor Mount Hole True Position,gdandt_position,0.0,0.0,0.2,0.0685,mm,False
SPC-MMB_HOLE_POSITION_TP-056-3,2024-04-22,56,3,MMB-001,MMB_HOLE_POSITION_TP,Motor Mount Hole True Position,gdandt_position,0.0,0.0,0.2,0.1338,mm,False
SPC-MMB_HOLE_POSITION_TP-056-4,2024-04-22,56,4,MMB-001,MMB_HOLE_POSITION_TP,Motor Mount Hole True Position,gdandt_position,0.0,0.0,0.2,0.1056,mm,False
SPC-MMB_HOLE_POSITION_TP-056-5,2024-04-22,56,5,MMB-001,MMB_HOLE_POSITION_TP,Motor Mount Hole True Position,gdandt_position,0.0,0.0,0.2,0.0324,mm,False
SPC-MMB_HOLE_POSITION_TP-057-1,2024-04-24,57,1,MMB-001,MMB_HOLE_POSITION_TP,Motor Mount Hole True Position,gdandt_position,0.0,0.0,0.2,0.084,mm,False
SPC-MMB_HOLE_POSITION_TP-057-2,2024-04-24,57,2,MMB-001,MMB_HOLE_POSITION_TP,Motor Mount Hole True Position,gdandt_position,0.0,0.0,0.2,0.0204,mm,False
SPC-MMB_HOLE_POSITION_TP-057-3,2024-04-24,57,3,MMB-001,MMB_HOLE_POSITION_TP,Motor Mount Hole True Position,gdandt_position,0.0,0.0,0.2,0.0479,mm,False
SPC-MMB_HOLE_POSITION_TP-057-4,2024-04-24,57,4,MMB-001,MMB_HOLE_POSITION_TP,Motor Mount Hole True Position,gdandt_position,0.0,0.0,0.2,0.05,mm,False
SPC-MMB_HOLE_POSITION_TP-057-5,2024-04-24,57,5,MMB-001,MMB_HOLE_POSITION_TP,Motor Mount Hole True Position,gdandt_position,0.0,0.0,0.2,0.0662,mm,False
SPC-MMB_HOLE_POSITION_TP-058-1,2024-04-26,58,1,MMB-001,MMB_HOLE_POSITION_TP,Motor Mount Hole True Position,gdandt_position,0.0,0.0,0.2,0.0812,mm,False
SPC-MMB_HOLE_POSITION_TP-058-2,2024-04-26,58,2,MMB-001,MMB_HOLE_POSITION_TP,Motor Mount Hole True Position,gdandt_position,0.0,0.0,0.2,0.0962,mm,False
SPC-MMB_HOLE_POSITION_TP-058-3,2024-04-26,58,3,MMB-001,MMB_HOLE_POSITION_TP,Motor Mount Hole True Position,gdandt_position,0.0,0.0,0.2,0.0944,mm,False
SPC-MMB_HOLE_POSITION_TP-058-4,2024-04-26,58,4,MMB-001,MMB_HOLE_POSITION_TP,Motor Mount Hole True Position,gdandt_position,0.0,0.0,0.2,0.0896,mm,False
SPC-MMB_HOLE_POSITION_TP-058-5,2024-04-26,58,5,MMB-001,MMB_HOLE_POSITION_TP,Motor Mount Hole True Position,gdandt_position,0.0,0.0,0.2,0.102,mm,False
SPC-MMB_HOLE_POSITION_TP-059-1,2024-04-28,59,1,MMB-001,MMB_HOLE_POSITION_TP,Motor Mount Hole True Position,gdandt_position,0.0,0.0,0.2,0.0485,mm,False
SPC-MMB_HOLE_POSITION_TP-059-2,2024-04-28,59,2,MMB-001,MMB_HOLE_POSITION_TP,Motor Mount Hole True Position,gdandt_position,0.0,0.0,0.2,0.0948,mm,False
SPC-MMB_HOLE_POSITION_TP-059-3,2024-04-28,59,3,MMB-001,MMB_HOLE_POSITION_TP,Motor Mount Hole True Position,gdandt_position,0.0,0.0,0.2,0.1424,mm,False
SPC-MMB_HOLE_POSITION_TP-059-4,2024-04-28,59,4,MMB-001,MMB_HOLE_POSITION_TP,Motor Mount Hole True Position,gdandt_position,0.0,0.0,0.2,0.0864,mm,False
SPC-MMB_HOLE_POSITION_TP-059-5,2024-04-28,59,5,MMB-001,MMB_HOLE_POSITION_TP,Motor Mount Hole True Position,gdandt_position,0.0,0.0,0.2,0.1095,mm,False
SPC-MMB_HOLE_POSITION_TP-060-1,2024-04-30,60,1,MMB-001,MMB_HOLE_POSITION_TP,Motor Mount Hole True Position,gdandt_position,0.0,0.0,0.2,0.1081,mm,False
SPC-MMB_HOLE_POSITION_TP-060-2,2024-04-30,60,2,MMB-001,MMB_HOLE_POSITION_TP,Motor Mount Hole True Position,gdandt_position,0.0,0.0,0.2,0.1242,mm,False
SPC-MMB_HOLE_POSITION_TP-060-3,2024-04-30,60,3,MMB-001,MMB_HOLE_POSITION_TP,Motor Mount Hole True Position,gdandt_position,0.0,0.0,0.2,0.104,mm,False
SPC-MMB_HOLE_POSITION_TP-060-4,2024-04-30,60,4,MMB-001,MMB_HOLE_POSITION_TP,Motor Mount Hole True Position,gdandt_position,0.0,0.0,0.2,0.1236,mm,False
SPC-MMB_HOLE_POSITION_TP-060-5,2024-04-30,60,5,MMB-001,MMB_HOLE_POSITION_TP,Motor Mount Hole True Position,gdandt_position,0.0,0.0,0.2,0.1118,mm,False
SPC-MMB_HOLE_POSITION_TP-061-1,2024-05-02,61,1,MMB-001,MMB_HOLE_POSITION_TP,Motor Mount Hole True Position,gdandt_position,0.0,0.0,0.2,0.1188,mm,False
SPC-MMB_HOLE_POSITION_TP-061-2,2024-05-02,61,2,MMB-001,MMB_HOLE_POSITION_TP,Motor Mount Hole True Position,gdandt_position,0.0,0.0,0.2,0.1113,mm,False
SPC-MMB_HOLE_POSITION_TP-061-3,2024-05-02,61,3,MMB-001,MMB_HOLE_POSITION_TP,Motor Mount Hole True Position,gdandt_position,0.0,0.0,0.2,0.0606,mm,False
SPC-MMB_HOLE_POSITION_TP-061-4,2024-05-02,61,4,MMB-001,MMB_HOLE_POSITION_TP,Motor Mount Hole True Position,gdandt_position,0.0,0.0,0.2,0.0548,mm,False
SPC-MMB_HOLE_POSITION_TP-061-5,2024-05-02,61,5,MMB-001,MMB_HOLE_POSITION_TP,Motor Mount Hole True Position,gdandt_position,0.0,0.0,0.2,0.0834,mm,False
SPC-MMB_HOLE_POSITION_TP-062-1,2024-05-04,62,1,MMB-001,MMB_HOLE_POSITION_TP,Motor Mount Hole True Position,gdandt_position,0.0,0.0,0.2,0.1519,mm,False
SPC-MMB_HOLE_POSITION_TP-062-2,2024-05-04,62,2,MMB-001,MMB_HOLE_POSITION_TP,Motor Mount Hole True Position,gdandt_position,0.0,0.0,0.2,0.0916,mm,False
SPC-MMB_HOLE_POSITION_TP-062-3,2024-05-04,62,3,MMB-001,MMB_HOLE_POSITION_TP,Motor Mount Hole True Position,gdandt_position,0.0,0.0,0.2,0.1084,mm,False
SPC-MMB_HOLE_POSITION_TP-062-4,2024-05-04,62,4,MMB-001,MMB_HOLE_POSITION_TP,Motor Mount Hole True Position,gdandt_position,0.0,0.0,0.2,0.0287,mm,False
SPC-MMB_HOLE_POSITION_TP-062-5,2024-05-04,62,5,MMB-001,MMB_HOLE_POSITION_TP,Motor Mount Hole True Position,gdandt_position,0.0,0.0,0.2,0.1044,mm,False
SPC-MMB_HOLE_POSITION_TP-063-1,2024-05-06,63,1,MMB-001,MMB_HOLE_POSITION_TP,Motor Mount Hole True Position,gdandt_position,0.0,0.0,0.2,0.1024,mm,False
SPC-MMB_HOLE_POSITION_TP-063-2,2024-05-06,63,2,MMB-001,MMB_HOLE_POSITION_TP,Motor Mount Hole True Position,gdandt_position,0.0,0.0,0.2,0.0058,mm,False
SPC-MMB_HOLE_POSITION_TP-063-3,2024-05-06,63,3,MMB-001,MMB_HOLE_POSITION_TP,Motor Mount Hole True Position,gdandt_position,0.0,0.0,0.2,0.1096,mm,False
SPC-MMB_HOLE_POSITION_TP-063-4,2024-05-06,63,4,MMB-001,MMB_HOLE_POSITION_TP,Motor Mount Hole True Position,gdandt_position,0.0,0.0,0.2,0.0416,mm,False
SPC-MMB_HOLE_POSITION_TP-063-5,2024-05-06,63,5,MMB-001,MMB_HOLE_POSITION_TP,Motor Mount Hole True Position,gdandt_position,0.0,0.0,0.2,0.074,mm,False
SPC-MMB_HOLE_POSITION_TP-064-1,2024-05-08,64,1,MMB-001,MMB_HOLE_POSITION_TP,Motor Mount Hole True Position,gdandt_position,0.0,0.0,0.2,0.136,mm,False
SPC-MMB_HOLE_POSITION_TP-064-2,2024-05-08,64,2,MMB-001,MMB_HOLE_POSITION_TP,Motor Mount Hole True Position,gdandt_position,0.0,0.0,0.2,0.1067,mm,False
SPC-MMB_HOLE_POSITION_TP-064-3,2024-05-08,64,3,MMB-001,MMB_HOLE_POSITION_TP,Motor Mount Hole True Position,gdandt_position,0.0,0.0,0.2,0.0855,mm,False
SPC-MMB_HOLE_POSITION_TP-064-4,2024-05-08,64,4,MMB-001,MMB_HOLE_POSITION_TP,Motor Mount Hole True Position,gdandt_position,0.0,0.0,0.2,0.0825,mm,False
SPC-MMB_HOLE_POSITION_TP-064-5,2024-05-08,64,5,MMB-001,MMB_HOLE_POSITION_TP,Motor Mount Hole True Position,gdandt_position,0.0,0.0,0.2,0.0866,mm,False
SPC-MMB_HOLE_POSITION_TP-065-1,2024-05-10,65,1,MMB-001,MMB_HOLE_POSITION_TP,Motor Mount Hole True Position,gdandt_position,0.0,0.0,0.2,0.1086,mm,False
SPC-MMB_HOLE_POSITION_TP-065-2,2024-05-10,65,2,MMB-001,MMB_HOLE_POSITION_TP,Motor Mount Hole True Position,gdandt_position,0.0,0.0,0.2,0.061,mm,False
SPC-MMB_HOLE_POSITION_TP-065-3,2024-05-10,65,3,MMB-001,MMB_HOLE_POSITION_TP,Motor Mount Hole True Position,gdandt_position,0.0,0.0,0.2,0.1424,mm,False
SPC-MMB_HOLE_POSITION_TP-065-4,2024-05-10,65,4,MMB-001,MMB_HOLE_POSITION_TP,Motor Mount Hole True Position,gdandt_position,0.0,0.0,0.2,0.0628,mm,False
SPC-MMB_HOLE_POSITION_TP-065-5,2024-05-10,65,5,MMB-001,MMB_HOLE_POSITION_TP,Motor Mount Hole True Position,gdandt_position,0.0,0.0,0.2,0.0426,mm,False
SPC-MMB_HOLE_POSITION_TP-066-1,2024-05-12,66,1,MMB-001,MMB_HOLE_POSITION_TP,Motor Mount Hole True Position,gdandt_position,0.0,0.0,0.2,0.1395,mm,False
SPC-MMB_HOLE_POSITION_TP-066-2,2024-05-12,66,2,MMB-001,MMB_HOLE_POSITION_TP,Motor Mount Hole True Position,gdandt_position,0.0,0.0,0.2,0.0895,mm,False
SPC-MMB_HOLE_POSITION_TP-066-3,2024-05-12,66,3,MMB-001,MMB_HOLE_POSITION_TP,Motor Mount Hole True Position,gdandt_position,0.0,0.0,0.2,0.1073,mm,False
SPC-MMB_HOLE_POSITION_TP-066-4,2024-05-12,66,4,MMB-001,MMB_HOLE_POSITION_TP,Motor Mount Hole True Position,gdandt_position,0.0,0.0,0.2,0.1277,mm,False
SPC-MMB_HOLE_POSITION_TP-066-5,2024-05-12,66,5,MMB-001,MMB_HOLE_POSITION_TP,Motor Mount Hole True Position,gdandt_position,0.0,0.0,0.2,0.0796,mm,False
SPC-MMB_HOLE_POSITION_TP-067-1,2024-05-14,67,1,MMB-001,MMB_HOLE_POSITION_TP,Motor Mount Hole True Position,gdandt_position,0.0,0.0,0.2,0.1114,mm,False
SPC-MMB_HOLE_POSITION_TP-067-2,2024-05-14,67,2,MMB-001,MMB_HOLE_POSITION_TP,Motor Mount Hole True Position,gdandt_position,0.0,0.0,0.2,0.1293,mm,False
SPC-MMB_HOLE_POSITION_TP-067-3,2024-05-14,67,3,MMB-001,MMB_HOLE_POSITION_TP,Motor Mount Hole True Position,gdandt_position,0.0,0.0,0.2,0.1641,mm,False
SPC-MMB_HOLE_POSITION_TP-067-4,2024-05-14,67,4,MMB-001,MMB_HOLE_POSITION_TP,Motor Mount Hole True Position,gdandt_position,0.0,0.0,0.2,0.0887,mm,False
SPC-MMB_HOLE_POSITION_TP-067-5,2024-05-14,67,5,MMB-001,MMB_HOLE_POSITION_TP,Motor Mount Hole True Position,gdandt_position,0.0,0.0,0.2,0.0904,mm,False
SPC-MMB_HOLE_POSITION_TP-068-1,2024-05-16,68,1,MMB-001,MMB_HOLE_POSITION_TP,Motor Mount Hole True Position,gdandt_position,0.0,0.0,0.2,0.1281,mm,False
SPC-MMB_HOLE_POSITION_TP-068-2,2024-05-16,68,2,MMB-001,MMB_HOLE_POSITION_TP,Motor Mount Hole True Position,gdandt_position,0.0,0.0,0.2,0.1157,mm,False
SPC-MMB_HOLE_POSITION_TP-068-3,2024-05-16,68,3,MMB-001,MMB_HOLE_POSITION_TP,Motor Mount Hole True Position,gdandt_position,0.0,0.0,0.2,0.1036,mm,False
SPC-MMB_HOLE_POSITION_TP-068-4,2024-05-16,68,4,MMB-001,MMB_HOLE_POSITION_TP,Motor Mount Hole True Position,gdandt_position,0.0,0.0,0.2,0.1641,mm,False
SPC-MMB_HOLE_POSITION_TP-068-5,2024-05-16,68,5,MMB-001,MMB_HOLE_POSITION_TP,Motor Mount Hole True Position,gdandt_position,0.0,0.0,0.2,0.0495,mm,False
SPC-MMB_HOLE_POSITION_TP-069-1,2024-05-18,69,1,MMB-001,MMB_HOLE_POSITION_TP,Motor Mount Hole True Position,gdandt_position,0.0,0.0,0.2,0.0604,mm,False
SPC-MMB_HOLE_POSITION_TP-069-2,2024-05-18,69,2,MMB-001,MMB_HOLE_POSITION_TP,Motor Mount Hole True Position,gdandt_position,0.0,0.0,0.2,0.0517,mm,False
SPC-MMB_HOLE_POSITION_TP-069-3,2024-05-18,69,3,MMB-001,MMB_HOLE_POSITION_TP,Motor Mount Hole True Position,gdandt_position,0.0,0.0,0.2,0.1523,mm,False
SPC-MMB_HOLE_POSITION_TP-069-4,2024-05-18,69,4,MMB-001,MMB_HOLE_POSITION_TP,Motor Mount Hole True Position,gdandt_position,0.0,0.0,0.2,0.1282,mm,False
SPC-MMB_HOLE_POSITION_TP-069-5,2024-05-18,69,5,MMB-001,MMB_HOLE_POSITION_TP,Motor Mount Hole True Position,gdandt_position,0.0,0.0,0.2,0.0622,mm,False
SPC-MMB_HOLE_POSITION_TP-070-1,2024-05-20,70,1,MMB-001,MMB_HOLE_POSITION_TP,Motor Mount Hole True Position,gdandt_position,0.0,0.0,0.2,0.1077,mm,False
SPC-MMB_HOLE_POSITION_TP-070-2,2024-05-20,70,2,MMB-001,MMB_HOLE_POSITION_TP,Motor Mount Hole True Position,gdandt_position,0.0,0.0,0.2,0.111,mm,False
SPC-MMB_HOLE_POSITION_TP-070-3,2024-05-20,70,3,MMB-001,MMB_HOLE_POSITION_TP,Motor Mount Hole True Position,gdandt_position,0.0,0.0,0.2,0.0347,mm,False
SPC-MMB_HOLE_POSITION_TP-070-4,2024-05-20,70,4,MMB-001,MMB_HOLE_POSITION_TP,Motor Mount Hole True Position,gdandt_position,0.0,0.0,0.2,0.1186,mm,False
SPC-MMB_HOLE_POSITION_TP-070-5,2024-05-20,70,5,MMB-001,MMB_HOLE_POSITION_TP,Motor Mount Hole True Position,gdandt_position,0.0,0.0,0.2,0.0708,mm,False
SPC-MMB_HOLE_POSITION_TP-071-1,2024-05-22,71,1,MMB-001,MMB_HOLE_POSITION_TP,Motor Mount Hole True Position,gdandt_position,0.0,0.0,0.2,0.1385,mm,False
SPC-MMB_HOLE_POSITION_TP-071-2,2024-05-22,71,2,MMB-001,MMB_HOLE_POSITION_TP,Motor Mount Hole True Position,gdandt_position,0.0,0.0,0.2,0.0737,mm,False
SPC-MMB_HOLE_POSITION_TP-071-3,2024-05-22,71,3,MMB-001,MMB_HOLE_POSITION_TP,Motor Mount Hole True Position,gdandt_position,0.0,0.0,0.2,0.1215,mm,False
SPC-MMB_HOLE_POSITION_TP-071-4,2024-05-22,71,4,MMB-001,MMB_HOLE_POSITION_TP,Motor Mount Hole True Position,gdandt_position,0.0,0.0,0.2,0.1591,mm,False
SPC-MMB_HOLE_POSITION_TP-071-5,2024-05-22,71,5,MMB-001,MMB_HOLE_POSITION_TP,Motor Mount Hole True Position,gdandt_position,0.0,0.0,0.2,0.1479,mm,False
SPC-MMB_HOLE_POSITION_TP-072-1,2024-05-24,72,1,MMB-001,MMB_HOLE_POSITION_TP,Motor Mount Hole True Position,gdandt_position,0.0,0.0,0.2,0.1334,mm,False
SPC-MMB_HOLE_POSITION_TP-072-2,2024-05-24,72,2,MMB-001,MMB_HOLE_POSITION_TP,Motor Mount Hole True Position,gdandt_position,0.0,0.0,0.2,0.1128,mm,False
SPC-MMB_HOLE_POSITION_TP-072-3,2024-05-24,72,3,MMB-001,MMB_HOLE_POSITION_TP,Motor Mount Hole True Position,gdandt_position,0.0,0.0,0.2,0.0631,mm,False
SPC-MMB_HOLE_POSITION_TP-072-4,2024-05-24,72,4,MMB-001,MMB_HOLE_POSITION_TP,Motor Mount Hole True Position,gdandt_position,0.0,0.0,0.2,0.1002,mm,False
SPC-MMB_HOLE_POSITION_TP-072-5,2024-05-24,72,5,MMB-001,MMB_HOLE_POSITION_TP,Motor Mount Hole True Position,gdandt_position,0.0,0.0,0.2,0.1077,mm,False
SPC-MMB_HOLE_POSITION_TP-073-1,2024-05-26,73,1,MMB-001,MMB_HOLE_POSITION_TP,Motor Mount Hole True Position,gdandt_position,0.0,0.0,0.2,0.107,mm,False
SPC-MMB_HOLE_POSITION_TP-073-2,2024-05-26,73,2,MMB-001,MMB_HOLE_POSITION_TP,Motor Mount Hole True Position,gdandt_position,0.0,0.0,0.2,0.0637,mm,False
SPC-MMB_HOLE_POSITION_TP-073-3,2024-05-26,73,3,MMB-001,MMB_HOLE_POSITION_TP,Motor Mount Hole True Position,gdandt_position,0.0,0.0,0.2,0.1326,mm,False
SPC-MMB_HOLE_POSITION_TP-073-4,2024-05-26,73,4,MMB-001,MMB_HOLE_POSITION_TP,Motor Mount Hole True Position,gdandt_position,0.0,0.0,0.2,0.0761,mm,False
SPC-MMB_HOLE_POSITION_TP-073-5,2024-05-26,73,5,MMB-001,MMB_HOLE_POSITION_TP,Motor Mount Hole True Position,gdandt_position,0.0,0.0,0.2,0.1715,mm,False
SPC-MMB_HOLE_POSITION_TP-074-1,2024-05-28,74,1,MMB-001,MMB_HOLE_POSITION_TP,Motor Mount Hole True Position,gdandt_position,0.0,0.0,0.2,0.1244,mm,False
SPC-MMB_HOLE_POSITION_TP-074-2,2024-05-28,74,2,MMB-001,MMB_HOLE_POSITION_TP,Motor Mount Hole True Position,gdandt_position,0.0,0.0,0.2,0.1535,mm,False
SPC-MMB_HOLE_POSITION_TP-074-3,2024-05-28,74,3,MMB-001,MMB_HOLE_POSITION_TP,Motor Mount Hole True Position,gdandt_position,0.0,0.0,0.2,0.1528,mm,False
SPC-MMB_HOLE_POSITION_TP-074-4,2024-05-28,74,4,MMB-001,MMB_HOLE_POSITION_TP,Motor Mount Hole True Position,gdandt_position,0.0,0.0,0.2,0.1919,mm,False
SPC-MMB_HOLE_POSITION_TP-074-5,2024-05-28,74,5,MMB-001,MMB_HOLE_POSITION_TP,Motor Mount Hole True Position,gdandt_position,0.0,0.0,0.2,0.1256,mm,False
SPC-MMB_HOLE_POSITION_TP-075-1,2024-05-30,75,1,MMB-001,MMB_HOLE_POSITION_TP,Motor Mount Hole True Position,gdandt_position,0.0,0.0,0.2,0.1073,mm,False
SPC-MMB_HOLE_POSITION_TP-075-2,2024-05-30,75,2,MMB-001,MMB_HOLE_POSITION_TP,Motor Mount Hole True Position,gdandt_position,0.0,0.0,0.2,0.108,mm,False
SPC-MMB_HOLE_POSITION_TP-075-3,2024-05-30,75,3,MMB-001,MMB_HOLE_POSITION_TP,Motor Mount Hole True Position,gdandt_position,0.0,0.0,0.2,0.1734,mm,False
SPC-MMB_HOLE_POSITION_TP-075-4,2024-05-30,75,4,MMB-001,MMB_HOLE_POSITION_TP,Motor Mount Hole True Position,gdandt_position,0.0,0.0,0.2,0.0748,mm,False
SPC-MMB_HOLE_POSITION_TP-075-5,2024-05-30,75,5,MMB-001,MMB_HOLE_POSITION_TP,Motor Mount Hole True Position,gdandt_position,0.0,0.0,0.2,0.0903,mm,False
SPC-MMB_HOLE_POSITION_TP-076-1,2024-06-01,76,1,MMB-001,MMB_HOLE_POSITION_TP,Motor Mount Hole True Position,gdandt_position,0.0,0.0,0.2,0.1311,mm,False
SPC-MMB_HOLE_POSITION_TP-076-2,2024-06-01,76,2,MMB-001,MMB_HOLE_POSITION_TP,Motor Mount Hole True Position,gdandt_position,0.0,0.0,0.2,0.1175,mm,False
SPC-MMB_HOLE_POSITION_TP-076-3,2024-06-01,76,3,MMB-001,MMB_HOLE_POSITION_TP,Motor Mount Hole True Position,gdandt_position,0.0,0.0,0.2,0.1567,mm,False
SPC-MMB_HOLE_POSITION_TP-076-4,2024-06-01,76,4,MMB-001,MMB_HOLE_POSITION_TP,Motor Mount Hole True Position,gdandt_position,0.0,0.0,0.2,0.0759,mm,False
SPC-MMB_HOLE_POSITION_TP-076-5,2024-06-01,76,5,MMB-001,MMB_HOLE_POSITION_TP,Motor Mount Hole True Position,gdandt_position,0.0,0.0,0.2,0.1205,mm,False
SPC-MMB_HOLE_POSITION_TP-077-1,2024-06-03,77,1,MMB-001,MMB_HOLE_POSITION_TP,Motor Mount Hole True Position,gdandt_position,0.0,0.0,0.2,0.1181,mm,False
SPC-MMB_HOLE_POSITION_TP-077-2,2024-06-03,77,2,MMB-001,MMB_HOLE_POSITION_TP,Motor Mount Hole True Position,gdandt_position,0.0,0.0,0.2,0.0871,mm,False
SPC-MMB_HOLE_POSITION_TP-077-3,2024-06-03,77,3,MMB-001,MMB_HOLE_POSITION_TP,Motor Mount Hole True Position,gdandt_position,0.0,0.0,0.2,0.1554,mm,False
SPC-MMB_HOLE_POSITION_TP-077-4,2024-06-03,77,4,MMB-001,MMB_HOLE_POSITION_TP,Motor Mount Hole True Position,gdandt_position,0.0,0.0,0.2,0.1214,mm,False
SPC-MMB_HOLE_POSITION_TP-077-5,2024-06-03,77,5,MMB-001,MMB_HOLE_POSITION_TP,Motor Mount Hole True Position,gdandt_position,0.0,0.0,0.2,0.1199,mm,False
SPC-MMB_HOLE_POSITION_TP-078-1,2024-06-05,78,1,MMB-001,MMB_HOLE_POSITION_TP,Motor Mount Hole True Position,gdandt_position,0.0,0.0,0.2,0.0975,mm,False
SPC-MMB_HOLE_POSITION_TP-078-2,2024-06-05,78,2,MMB-001,MMB_HOLE_POSITION_TP,Motor Mount Hole True Position,gdandt_position,0.0,0.0,0.2,0.1135,mm,False
SPC-MMB_HOLE_POSITION_TP-078-3,2024-06-05,78,3,MMB-001,MMB_HOLE_POSITION_TP,Motor Mount Hole True Position,gdandt_position,0.0,0.0,0.2,0.0906,mm,False
SPC-MMB_HOLE_POSITION_TP-078-4,2024-06-05,78,4,MMB-001,MMB_HOLE_POSITION_TP,Motor Mount Hole True Position,gdandt_position,0.0,0.0,0.2,0.1566,mm,False
SPC-MMB_HOLE_POSITION_TP-078-5,2024-06-05,78,5,MMB-001,MMB_HOLE_POSITION_TP,Motor Mount Hole True Position,gdandt_position,0.0,0.0,0.2,0.1625,mm,False
SPC-MMB_HOLE_POSITION_TP-079-1,2024-06-07,79,1,MMB-001,MMB_HOLE_POSITION_TP,Motor Mount Hole True Position,gdandt_position,0.0,0.0,0.2,0.187,mm,False
SPC-MMB_HOLE_POSITION_TP-079-2,2024-06-07,79,2,MMB-001,MMB_HOLE_POSITION_TP,Motor Mount Hole True Position,gdandt_position,0.0,0.0,0.2,0.1434,mm,False
SPC-MMB_HOLE_POSITION_TP-079-3,2024-06-07,79,3,MMB-001,MMB_HOLE_POSITION_TP,Motor Mount Hole True Position,gdandt_position,0.0,0.0,0.2,0.1163,mm,False
SPC-MMB_HOLE_POSITION_TP-079-4,2024-06-07,79,4,MMB-001,MMB_HOLE_POSITION_TP,Motor Mount Hole True Position,gdandt_position,0.0,0.0,0.2,0.1118,mm,False
SPC-MMB_HOLE_POSITION_TP-079-5,2024-06-07,79,5,MMB-001,MMB_HOLE_POSITION_TP,Motor Mount Hole True Position,gdandt_position,0.0,0.0,0.2,0.1454,mm,False
SPC-MMB_HOLE_POSITION_TP-080-1,2024-06-09,80,1,MMB-001,MMB_HOLE_POSITION_TP,Motor Mount Hole True Position,gdandt_position,0.0,0.0,0.2,0.137,mm,False
SPC-MMB_HOLE_POSITION_TP-080-2,2024-06-09,80,2,MMB-001,MMB_HOLE_POSITION_TP,Motor Mount Hole True Position,gdandt_position,0.0,0.0,0.2,0.1239,mm,False
SPC-MMB_HOLE_POSITION_TP-080-3,2024-06-09,80,3,MMB-001,MMB_HOLE_POSITION_TP,Motor Mount Hole True Position,gdandt_position,0.0,0.0,0.2,0.1208,mm,False
SPC-MMB_HOLE_POSITION_TP-080-4,2024-06-09,80,4,MMB-001,MMB_HOLE_POSITION_TP,Motor Mount Hole True Position,gdandt_position,0.0,0.0,0.2,0.171,mm,False
SPC-MMB_HOLE_POSITION_TP-080-5,2024-06-09,80,5,MMB-001,MMB_HOLE_POSITION_TP,Motor Mount Hole True Position,gdandt_position,0.0,0.0,0.2,0.1149,mm,False
SPC-MMB_HOLE_POSITION_TP-081-1,2024-06-11,81,1,MMB-001,MMB_HOLE_POSITION_TP,Motor Mount Hole True Position,gdandt_position,0.0,0.0,0.2,0.1789,mm,False
SPC-MMB_HOLE_POSITION_TP-081-2,2024-06-11,81,2,MMB-001,MMB_HOLE_POSITION_TP,Motor Mount Hole True Position,gdandt_position,0.0,0.0,0.2,0.1382,mm,False
SPC-MMB_HOLE_POSITION_TP-081-3,2024-06-11,81,3,MMB-001,MMB_HOLE_POSITION_TP,Motor Mount Hole True Position,gdandt_position,0.0,0.0,0.2,0.1189,mm,False
SPC-MMB_HOLE_POSITION_TP-081-4,2024-06-11,81,4,MMB-001,MMB_HOLE_POSITION_TP,Motor Mount Hole True Position,gdandt_position,0.0,0.0,0.2,0.1043,mm,False
SPC-MMB_HOLE_POSITION_TP-081-5,2024-06-11,81,5,MMB-001,MMB_HOLE_POSITION_TP,Motor Mount Hole True Position,gdandt_position,0.0,0.0,0.2,0.1264,mm,False
SPC-MMB_HOLE_POSITION_TP-082-1,2024-06-13,82,1,MMB-001,MMB_HOLE_POSITION_TP,Motor Mount Hole True Position,gdandt_position,0.0,0.0,0.2,0.1512,mm,False
SPC-MMB_HOLE_POSITION_TP-082-2,2024-06-13,82,2,MMB-001,MMB_HOLE_POSITION_TP,Motor Mount Hole True Position,gdandt_position,0.0,0.0,0.2,0.1204,mm,False
SPC-MMB_HOLE_POSITION_TP-082-3,2024-06-13,82,3,MMB-001,MMB_HOLE_POSITION_TP,Motor Mount Hole True Position,gdandt_position,0.0,0.0,0.2,0.1634,mm,False
SPC-MMB_HOLE_POSITION_TP-082-4,2024-06-13,82,4,MMB-001,MMB_HOLE_POSITION_TP,Motor Mount Hole True Position,gdandt_position,0.0,0.0,0.2,0.1187,mm,False
SPC-MMB_HOLE_POSITION_TP-082-5,2024-06-13,82,5,MMB-001,MMB_HOLE_POSITION_TP,Motor Mount Hole True Position,gdandt_position,0.0,0.0,0.2,0.1292,mm,False
SPC-MMB_HOLE_POSITION_TP-083-1,2024-06-15,83,1,MMB-001,MMB_HOLE_POSITION_TP,Motor Mount Hole True Position,gdandt_position,0.0,0.0,0.2,0.0904,mm,False
SPC-MMB_HOLE_POSITION_TP-083-2,2024-06-15,83,2,MMB-001,MMB_HOLE_POSITION_TP,Motor Mount Hole True Position,gdandt_position,0.0,0.0,0.2,0.155,mm,False
SPC-MMB_HOLE_POSITION_TP-083-3,2024-06-15,83,3,MMB-001,MMB_HOLE_POSITION_TP,Motor Mount Hole True Position,gdandt_position,0.0,0.0,0.2,0.126,mm,False
SPC-MMB_HOLE_POSITION_TP-083-4,2024-06-15,83,4,MMB-001,MMB_HOLE_POSITION_TP,Motor Mount Hole True Position,gdandt_position,0.0,0.0,0.2,0.1907,mm,False
SPC-MMB_HOLE_POSITION_TP-083-5,2024-06-15,83,5,MMB-001,MMB_HOLE_POSITION_TP,Motor Mount Hole True Position,gdandt_position,0.0,0.0,0.2,0.1601,mm,False
SPC-MMB_HOLE_POSITION_TP-084-1,2024-06-17,84,1,MMB-001,MMB_HOLE_POSITION_TP,Motor Mount Hole True Position,gdandt_position,0.0,0.0,0.2,0.1402,mm,False
SPC-MMB_HOLE_POSITION_TP-084-2,2024-06-17,84,2,MMB-001,MMB_HOLE_POSITION_TP,Motor Mount Hole True Position,gdandt_position,0.0,0.0,0.2,0.1801,mm,False
SPC-MMB_HOLE_POSITION_TP-084-3,2024-06-17,84,3,MMB-001,MMB_HOLE_POSITION_TP,Motor Mount Hole True Position,gdandt_position,0.0,0.0,0.2,0.1514,mm,False
SPC-MMB_HOLE_POSITION_TP-084-4,2024-06-17,84,4,MMB-001,MMB_HOLE_POSITION_TP,Motor Mount Hole True Position,gdandt_position,0.0,0.0,0.2,0.1725,mm,False
SPC-MMB_HOLE_POSITION_TP-084-5,2024-06-17,84,5,MMB-001,MMB_HOLE_POSITION_TP,Motor Mount Hole True Position,gdandt_position,0.0,0.0,0.2,0.107,mm,False
SPC-MMB_HOLE_POSITION_TP-085-1,2024-06-19,85,1,MMB-001,MMB_HOLE_POSITION_TP,Motor Mount Hole True Position,gdandt_position,0.0,0.0,0.2,0.1551,mm,False
SPC-MMB_HOLE_POSITION_TP-085-2,2024-06-19,85,2,MMB-001,MMB_HOLE_POSITION_TP,Motor Mount Hole True Position,gdandt_position,0.0,0.0,0.2,0.1566,mm,False
SPC-MMB_HOLE_POSITION_TP-085-3,2024-06-19,85,3,MMB-001,MMB_HOLE_POSITION_TP,Motor Mount Hole True Position,gdandt_position,0.0,0.0,0.2,0.0849,mm,False
SPC-MMB_HOLE_POSITION_TP-085-4,2024-06-19,85,4,MMB-001,MMB_HOLE_POSITION_TP,Motor Mount Hole True Position,gdandt_position,0.0,0.0,0.2,0.1917,mm,False
SPC-MMB_HOLE_POSITION_TP-085-5,2024-06-19,85,5,MMB-001,MMB_HOLE_POSITION_TP,Motor Mount Hole True Position,gdandt_position,0.0,0.0,0.2,0.0984,mm,False
SPC-MMB_HOLE_POSITION_TP-086-1,2024-06-21,86,1,MMB-001,MMB_HOLE_POSITION_TP,Motor Mount Hole True Position,gdandt_position,0.0,0.0,0.2,0.0953,mm,False
SPC-MMB_HOLE_POSITION_TP-086-2,2024-06-21,86,2,MMB-001,MMB_HOLE_POSITION_TP,Motor Mount Hole True Position,gdandt_position,0.0,0.0,0.2,0.0411,mm,False
SPC-MMB_HOLE_POSITION_TP-086-3,2024-06-21,86,3,MMB-001,MMB_HOLE_POSITION_TP,Motor Mount Hole True Position,gdandt_position,0.0,0.0,0.2,0.1574,mm,False
SPC-MMB_HOLE_POSITION_TP-086-4,2024-06-21,86,4,MMB-001,MMB_HOLE_POSITION_TP,Motor Mount Hole True Position,gdandt_position,0.0,0.0,0.2,0.0833,mm,False
SPC-MMB_HOLE_POSITION_TP-086-5,2024-06-21,86,5,MMB-001,MMB_HOLE_POSITION_TP,Motor Mount Hole True Position,gdandt_position,0.0,0.0,0.2,0.1227,mm,False
SPC-MMB_HOLE_POSITION_TP-087-1,2024-06-23,87,1,MMB-001,MMB_HOLE_POSITION_TP,Motor Mount Hole True Position,gdandt_position,0.0,0.0,0.2,0.1719,mm,False
SPC-MMB_HOLE_POSITION_TP-087-2,2024-06-23,87,2,MMB-001,MMB_HOLE_POSITION_TP,Motor Mount Hole True Position,gdandt_position,0.0,0.0,0.2,0.1493,mm,False
SPC-MMB_HOLE_POSITION_TP-087-3,2024-06-23,87,3,MMB-001,MMB_HOLE_POSITION_TP,Motor Mount Hole True Position,gdandt_position,0.0,0.0,0.2,0.1208,mm,False
SPC-MMB_HOLE_POSITION_TP-087-4,2024-06-23,87,4,MMB-001,MMB_HOLE_POSITION_TP,Motor Mount Hole True Position,gdandt_position,0.0,0.0,0.2,0.0869,mm,False
SPC-MMB_HOLE_POSITION_TP-087-5,2024-06-23,87,5,MMB-001,MMB_HOLE_POSITION_TP,Motor Mount Hole True Position,gdandt_position,0.0,0.0,0.2,0.1388,mm,False
SPC-MMB_HOLE_POSITION_TP-088-1,2024-06-25,88,1,MMB-001,MMB_HOLE_POSITION_TP,Motor Mount Hole True Position,gdandt_position,0.0,0.0,0.2,0.1743,mm,False
SPC-MMB_HOLE_POSITION_TP-088-2,2024-06-25,88,2,MMB-001,MMB_HOLE_POSITION_TP,Motor Mount Hole True Position,gdandt_position,0.0,0.0,0.2,0.1689,mm,False
SPC-MMB_HOLE_POSITION_TP-088-3,2024-06-25,88,3,MMB-001,MMB_HOLE_POSITION_TP,Motor Mount Hole True Position,gdandt_position,0.0,0.0,0.2,0.2069,mm,True
SPC-MMB_HOLE_POSITION_TP-088-4,2024-06-25,88,4,MMB-001,MMB_HOLE_POSITION_TP,Motor Mount Hole True Position,gdandt_position,0.0,0.0,0.2,0.1215,mm,False
SPC-MMB_HOLE_POSITION_TP-088-5,2024-06-25,88,5,MMB-001,MMB_HOLE_POSITION_TP,Motor Mount Hole True Position,gdandt_position,0.0,0.0,0.2,0.0983,mm,False
SPC-MMB_HOLE_POSITION_TP-089-1,2024-06-27,89,1,MMB-001,MMB_HOLE_POSITION_TP,Motor Mount Hole True Position,gdandt_position,0.0,0.0,0.2,0.157,mm,False
SPC-MMB_HOLE_POSITION_TP-089-2,2024-06-27,89,2,MMB-001,MMB_HOLE_POSITION_TP,Motor Mount Hole True Position,gdandt_position,0.0,0.0,0.2,0.1536,mm,False
SPC-MMB_HOLE_POSITION_TP-089-3,2024-06-27,89,3,MMB-001,MMB_HOLE_POSITION_TP,Motor Mount Hole True Position,gdandt_position,0.0,0.0,0.2,0.146,mm,False
SPC-MMB_HOLE_POSITION_TP-089-4,2024-06-27,89,4,MMB-001,MMB_HOLE_POSITION_TP,Motor Mount Hole True Position,gdandt_position,0.0,0.0,0.2,0.1201,mm,False
SPC-MMB_HOLE_POSITION_TP-089-5,2024-06-27,89,5,MMB-001,MMB_HOLE_POSITION_TP,Motor Mount Hole True Position,gdandt_position,0.0,0.0,0.2,0.0533,mm,False
SPC-MMB_HOLE_POSITION_TP-090-1,2024-06-29,90,1,MMB-001,MMB_HOLE_POSITION_TP,Motor Mount Hole True Position,gdandt_position,0.0,0.0,0.2,0.1128,mm,False
SPC-MMB_HOLE_POSITION_TP-090-2,2024-06-29,90,2,MMB-001,MMB_HOLE_POSITION_TP,Motor Mount Hole True Position,gdandt_position,0.0,0.0,0.2,0.1675,mm,False
SPC-MMB_HOLE_POSITION_TP-090-3,2024-06-29,90,3,MMB-001,MMB_HOLE_POSITION_TP,Motor Mount Hole True Position,gdandt_position,0.0,0.0,0.2,0.1579,mm,False
SPC-MMB_HOLE_POSITION_TP-090-4,2024-06-29,90,4,MMB-001,MMB_HOLE_POSITION_TP,Motor Mount Hole True Position,gdandt_position,0.0,0.0,0.2,0.1818,mm,False
SPC-MMB_HOLE_POSITION_TP-090-5,2024-06-29,90,5,MMB-001,MMB_HOLE_POSITION_TP,Motor Mount Hole True Position,gdandt_position,0.0,0.0,0.2,0.1601,mm,False
SPC-MMB_HOLE_DIAMETER-001-1,2024-01-03,1,1,MMB-001,MMB_HOLE_DIAMETER,Motor Mount Hole Diameter,dimension,5.0,4.95,5.05,5.0088,mm,False
SPC-MMB_HOLE_DIAMETER-001-2,2024-01-03,1,2,MMB-001,MMB_HOLE_DIAMETER,Motor Mount Hole Diameter,dimension,5.0,4.95,5.05,5.0092,mm,False
SPC-MMB_HOLE_DIAMETER-001-3,2024-01-03,1,3,MMB-001,MMB_HOLE_DIAMETER,Motor Mount Hole Diameter,dimension,5.0,4.95,5.05,5.0002,mm,False
SPC-MMB_HOLE_DIAMETER-001-4,2024-01-03,1,4,MMB-001,MMB_HOLE_DIAMETER,Motor Mount Hole Diameter,dimension,5.0,4.95,5.05,5.0003,mm,False
SPC-MMB_HOLE_DIAMETER-001-5,2024-01-03,1,5,MMB-001,MMB_HOLE_DIAMETER,Motor Mount Hole Diameter,dimension,5.0,4.95,5.05,4.9651,mm,False
SPC-MMB_HOLE_DIAMETER-002-1,2024-01-05,2,1,MMB-001,MMB_HOLE_DIAMETER,Motor Mount Hole Diameter,dimension,5.0,4.95,5.05,4.9921,mm,False
SPC-MMB_HOLE_DIAMETER-002-2,2024-01-05,2,2,MMB-001,MMB_HOLE_DIAMETER,Motor Mount Hole Diameter,dimension,5.0,4.95,5.05,4.9926,mm,False
SPC-MMB_HOLE_DIAMETER-002-3,2024-01-05,2,3,MMB-001,MMB_HOLE_DIAMETER,Motor Mount Hole Diameter,dimension,5.0,4.95,5.05,4.9987,mm,False
SPC-MMB_HOLE_DIAMETER-002-4,2024-01-05,2,4,MMB-001,MMB_HOLE_DIAMETER,Motor Mount Hole Diameter,dimension,5.0,4.95,5.05,4.9888,mm,False
SPC-MMB_HOLE_DIAMETER-002-5,2024-01-05,2,5,MMB-001,MMB_HOLE_DIAMETER,Motor Mount Hole Diameter,dimension,5.0,4.95,5.05,5.0113,mm,False
SPC-MMB_HOLE_DIAMETER-003-1,2024-01-07,3,1,MMB-001,MMB_HOLE_DIAMETER,Motor Mount Hole Diameter,dimension,5.0,4.95,5.05,4.9894,mm,False
SPC-MMB_HOLE_DIAMETER-003-2,2024-01-07,3,2,MMB-001,MMB_HOLE_DIAMETER,Motor Mount Hole Diameter,dimension,5.0,4.95,5.05,5.0132,mm,False
SPC-MMB_HOLE_DIAMETER-003-3,2024-01-07,3,3,MMB-001,MMB_HOLE_DIAMETER,Motor Mount Hole Diameter,dimension,5.0,4.95,5.05,4.9885,mm,False
SPC-MMB_HOLE_DIAMETER-003-4,2024-01-07,3,4,MMB-001,MMB_HOLE_DIAMETER,Motor Mount Hole Diameter,dimension,5.0,4.95,5.05,4.9928,mm,False
SPC-MMB_HOLE_DIAMETER-003-5,2024-01-07,3,5,MMB-001,MMB_HOLE_DIAMETER,Motor Mount Hole Diameter,dimension,5.0,4.95,5.05,4.9918,mm,False
SPC-MMB_HOLE_DIAMETER-004-1,2024-01-09,4,1,MMB-001,MMB_HOLE_DIAMETER,Motor Mount Hole Diameter,dimension,5.0,4.95,5.05,4.994,mm,False
SPC-MMB_HOLE_DIAMETER-004-2,2024-01-09,4,2,MMB-001,MMB_HOLE_DIAMETER,Motor Mount Hole Diameter,dimension,5.0,4.95,5.05,5.0141,mm,False
SPC-MMB_HOLE_DIAMETER-004-3,2024-01-09,4,3,MMB-001,MMB_HOLE_DIAMETER,Motor Mount Hole Diameter,dimension,5.0,4.95,5.05,4.9961,mm,False
SPC-MMB_HOLE_DIAMETER-004-4,2024-01-09,4,4,MMB-001,MMB_HOLE_DIAMETER,Motor Mount Hole Diameter,dimension,5.0,4.95,5.05,4.9964,mm,False
SPC-MMB_HOLE_DIAMETER-004-5,2024-01-09,4,5,MMB-001,MMB_HOLE_DIAMETER,Motor Mount Hole Diameter,dimension,5.0,4.95,5.05,4.9911,mm,False
SPC-MMB_HOLE_DIAMETER-005-1,2024-01-11,5,1,MMB-001,MMB_HOLE_DIAMETER,Motor Mount Hole Diameter,dimension,5.0,4.95,5.05,4.9969,mm,False
SPC-MMB_HOLE_DIAMETER-005-2,2024-01-11,5,2,MMB-001,MMB_HOLE_DIAMETER,Motor Mount Hole Diameter,dimension,5.0,4.95,5.05,5.0026,mm,False
SPC-MMB_HOLE_DIAMETER-005-3,2024-01-11,5,3,MMB-001,MMB_HOLE_DIAMETER,Motor Mount Hole Diameter,dimension,5.0,4.95,5.05,4.9974,mm,False
SPC-MMB_HOLE_DIAMETER-005-4,2024-01-11,5,4,MMB-001,MMB_HOLE_DIAMETER,Motor Mount Hole Diameter,dimension,5.0,4.95,5.05,4.9982,mm,False
SPC-MMB_HOLE_DIAMETER-005-5,2024-01-11,5,5,MMB-001,MMB_HOLE_DIAMETER,Motor Mount Hole Diameter,dimension,5.0,4.95,5.05,5.0122,mm,False
SPC-MMB_HOLE_DIAMETER-006-1,2024-01-13,6,1,MMB-001,MMB_HOLE_DIAMETER,Motor Mount Hole Diameter,dimension,5.0,4.95,5.05,5.0033,mm,False
SPC-MMB_HOLE_DIAMETER-006-2,2024-01-13,6,2,MMB-001,MMB_HOLE_DIAMETER,Motor Mount Hole Diameter,dimension,5.0,4.95,5.05,4.9862,mm,False
SPC-MMB_HOLE_DIAMETER-006-3,2024-01-13,6,3,MMB-001,MMB_HOLE_DIAMETER,Motor Mount Hole Diameter,dimension,5.0,4.95,5.05,4.999,mm,False
SPC-MMB_HOLE_DIAMETER-006-4,2024-01-13,6,4,MMB-001,MMB_HOLE_DIAMETER,Motor Mount Hole Diameter,dimension,5.0,4.95,5.05,4.9935,mm,False
SPC-MMB_HOLE_DIAMETER-006-5,2024-01-13,6,5,MMB-001,MMB_HOLE_DIAMETER,Motor Mount Hole Diameter,dimension,5.0,4.95,5.05,5.0063,mm,False
SPC-MMB_HOLE_DIAMETER-007-1,2024-01-15,7,1,MMB-001,MMB_HOLE_DIAMETER,Motor Mount Hole Diameter,dimension,5.0,4.95,5.05,5.0012,mm,False
SPC-MMB_HOLE_DIAMETER-007-2,2024-01-15,7,2,MMB-001,MMB_HOLE_DIAMETER,Motor Mount Hole Diameter,dimension,5.0,4.95,5.05,5.0136,mm,False
SPC-MMB_HOLE_DIAMETER-007-3,2024-01-15,7,3,MMB-001,MMB_HOLE_DIAMETER,Motor Mount Hole Diameter,dimension,5.0,4.95,5.05,4.9911,mm,False
SPC-MMB_HOLE_DIAMETER-007-4,2024-01-15,7,4,MMB-001,MMB_HOLE_DIAMETER,Motor Mount Hole Diameter,dimension,5.0,4.95,5.05,4.9977,mm,False
SPC-MMB_HOLE_DIAMETER-007-5,2024-01-15,7,5,MMB-001,MMB_HOLE_DIAMETER,Motor Mount Hole Diameter,dimension,5.0,4.95,5.05,4.9872,mm,False
SPC-MMB_HOLE_DIAMETER-008-1,2024-01-17,8,1,MMB-001,MMB_HOLE_DIAMETER,Motor Mount Hole Diameter,dimension,5.0,4.95,5.05,4.9995,mm,False
SPC-MMB_HOLE_DIAMETER-008-2,2024-01-17,8,2,MMB-001,MMB_HOLE_DIAMETER,Motor Mount Hole Diameter,dimension,5.0,4.95,5.05,4.9816,mm,False
SPC-MMB_HOLE_DIAMETER-008-3,2024-01-17,8,3,MMB-001,MMB_HOLE_DIAMETER,Motor Mount Hole Diameter,dimension,5.0,4.95,5.05,5.0039,mm,False
SPC-MMB_HOLE_DIAMETER-008-4,2024-01-17,8,4,MMB-001,MMB_HOLE_DIAMETER,Motor Mount Hole Diameter,dimension,5.0,4.95,5.05,4.9993,mm,False
SPC-MMB_HOLE_DIAMETER-008-5,2024-01-17,8,5,MMB-001,MMB_HOLE_DIAMETER,Motor Mount Hole Diameter,dimension,5.0,4.95,5.05,5.0019,mm,False
SPC-MMB_HOLE_DIAMETER-009-1,2024-01-19,9,1,MMB-001,MMB_HOLE_DIAMETER,Motor Mount Hole Diameter,dimension,5.0,4.95,5.05,5.0095,mm,False
SPC-MMB_HOLE_DIAMETER-009-2,2024-01-19,9,2,MMB-001,MMB_HOLE_DIAMETER,Motor Mount Hole Diameter,dimension,5.0,4.95,5.05,5.0027,mm,False
SPC-MMB_HOLE_DIAMETER-009-3,2024-01-19,9,3,MMB-001,MMB_HOLE_DIAMETER,Motor Mount Hole Diameter,dimension,5.0,4.95,5.05,4.9847,mm,False
SPC-MMB_HOLE_DIAMETER-009-4,2024-01-19,9,4,MMB-001,MMB_HOLE_DIAMETER,Motor Mount Hole Diameter,dimension,5.0,4.95,5.05,4.9933,mm,False
SPC-MMB_HOLE_DIAMETER-009-5,2024-01-19,9,5,MMB-001,MMB_HOLE_DIAMETER,Motor Mount Hole Diameter,dimension,5.0,4.95,5.05,4.999,mm,False
SPC-MMB_HOLE_DIAMETER-010-1,2024-01-21,10,1,MMB-001,MMB_HOLE_DIAMETER,Motor Mount Hole Diameter,dimension,5.0,4.95,5.05,4.9961,mm,False
SPC-MMB_HOLE_DIAMETER-010-2,2024-01-21,10,2,MMB-001,MMB_HOLE_DIAMETER,Motor Mount Hole Diameter,dimension,5.0,4.95,5.05,4.9975,mm,False
SPC-MMB_HOLE_DIAMETER-010-3,2024-01-21,10,3,MMB-001,MMB_HOLE_DIAMETER,Motor Mount Hole Diameter,dimension,5.0,4.95,5.05,5.0195,mm,False
SPC-MMB_HOLE_DIAMETER-010-4,2024-01-21,10,4,MMB-001,MMB_HOLE_DIAMETER,Motor Mount Hole Diameter,dimension,5.0,4.95,5.05,5.0012,mm,False
SPC-MMB_HOLE_DIAMETER-010-5,2024-01-21,10,5,MMB-001,MMB_HOLE_DIAMETER,Motor Mount Hole Diameter,dimension,5.0,4.95,5.05,5.0046,mm,False
SPC-MMB_HOLE_DIAMETER-011-1,2024-01-23,11,1,MMB-001,MMB_HOLE_DIAMETER,Motor Mount Hole Diameter,dimension,5.0,4.95,5.05,4.9759,mm,False
SPC-MMB_HOLE_DIAMETER-011-2,2024-01-23,11,2,MMB-001,MMB_HOLE_DIAMETER,Motor Mount Hole Diameter,dimension,5.0,4.95,5.05,5.009,mm,False
SPC-MMB_HOLE_DIAMETER-011-3,2024-01-23,11,3,MMB-001,MMB_HOLE_DIAMETER,Motor Mount Hole Diameter,dimension,5.0,4.95,5.05,5.0342,mm,False
SPC-MMB_HOLE_DIAMETER-011-4,2024-01-23,11,4,MMB-001,MMB_HOLE_DIAMETER,Motor Mount Hole Diameter,dimension,5.0,4.95,5.05,5.0161,mm,False
SPC-MMB_HOLE_DIAMETER-011-5,2024-01-23,11,5,MMB-001,MMB_HOLE_DIAMETER,Motor Mount Hole Diameter,dimension,5.0,4.95,5.05,4.9947,mm,False
SPC-MMB_HOLE_DIAMETER-012-1,2024-01-25,12,1,MMB-001,MMB_HOLE_DIAMETER,Motor Mount Hole Diameter,dimension,5.0,4.95,5.05,5.0274,mm,False
SPC-MMB_HOLE_DIAMETER-012-2,2024-01-25,12,2,MMB-001,MMB_HOLE_DIAMETER,Motor Mount Hole Diameter,dimension,5.0,4.95,5.05,5.0003,mm,False
SPC-MMB_HOLE_DIAMETER-012-3,2024-01-25,12,3,MMB-001,MMB_HOLE_DIAMETER,Motor Mount Hole Diameter,dimension,5.0,4.95,5.05,5.0037,mm,False
SPC-MMB_HOLE_DIAMETER-012-4,2024-01-25,12,4,MMB-001,MMB_HOLE_DIAMETER,Motor Mount Hole Diameter,dimension,5.0,4.95,5.05,4.9968,mm,False
SPC-MMB_HOLE_DIAMETER-012-5,2024-01-25,12,5,MMB-001,MMB_HOLE_DIAMETER,Motor Mount Hole Diameter,dimension,5.0,4.95,5.05,4.9965,mm,False
SPC-MMB_HOLE_DIAMETER-013-1,2024-01-27,13,1,MMB-001,MMB_HOLE_DIAMETER,Motor Mount Hole Diameter,dimension,5.0,4.95,5.05,4.973,mm,False
SPC-MMB_HOLE_DIAMETER-013-2,2024-01-27,13,2,MMB-001,MMB_HOLE_DIAMETER,Motor Mount Hole Diameter,dimension,5.0,4.95,5.05,5.0094,mm,False
SPC-MMB_HOLE_DIAMETER-013-3,2024-01-27,13,3,MMB-001,MMB_HOLE_DIAMETER,Motor Mount Hole Diameter,dimension,5.0,4.95,5.05,4.9964,mm,False
SPC-MMB_HOLE_DIAMETER-013-4,2024-01-27,13,4,MMB-001,MMB_HOLE_DIAMETER,Motor Mount Hole Diameter,dimension,5.0,4.95,5.05,4.9977,mm,False
SPC-MMB_HOLE_DIAMETER-013-5,2024-01-27,13,5,MMB-001,MMB_HOLE_DIAMETER,Motor Mount Hole Diameter,dimension,5.0,4.95,5.05,5.0033,mm,False
SPC-MMB_HOLE_DIAMETER-014-1,2024-01-29,14,1,MMB-001,MMB_HOLE_DIAMETER,Motor Mount Hole Diameter,dimension,5.0,4.95,5.05,4.995,mm,False
SPC-MMB_HOLE_DIAMETER-014-2,2024-01-29,14,2,MMB-001,MMB_HOLE_DIAMETER,Motor Mount Hole Diameter,dimension,5.0,4.95,5.05,5.0032,mm,False
SPC-MMB_HOLE_DIAMETER-014-3,2024-01-29,14,3,MMB-001,MMB_HOLE_DIAMETER,Motor Mount Hole Diameter,dimension,5.0,4.95,5.05,5.0144,mm,False
SPC-MMB_HOLE_DIAMETER-014-4,2024-01-29,14,4,MMB-001,MMB_HOLE_DIAMETER,Motor Mount Hole Diameter,dimension,5.0,4.95,5.05,5.0049,mm,False
SPC-MMB_HOLE_DIAMETER-014-5,2024-01-29,14,5,MMB-001,MMB_HOLE_DIAMETER,Motor Mount Hole Diameter,dimension,5.0,4.95,5.05,4.9982,mm,False
SPC-MMB_HOLE_DIAMETER-015-1,2024-01-31,15,1,MMB-001,MMB_HOLE_DIAMETER,Motor Mount Hole Diameter,dimension,5.0,4.95,5.05,4.9985,mm,False
SPC-MMB_HOLE_DIAMETER-015-2,2024-01-31,15,2,MMB-001,MMB_HOLE_DIAMETER,Motor Mount Hole Diameter,dimension,5.0,4.95,5.05,5.0024,mm,False
SPC-MMB_HOLE_DIAMETER-015-3,2024-01-31,15,3,MMB-001,MMB_HOLE_DIAMETER,Motor Mount Hole Diameter,dimension,5.0,4.95,5.05,4.99,mm,False
SPC-MMB_HOLE_DIAMETER-015-4,2024-01-31,15,4,MMB-001,MMB_HOLE_DIAMETER,Motor Mount Hole Diameter,dimension,5.0,4.95,5.05,5.0025,mm,False
SPC-MMB_HOLE_DIAMETER-015-5,2024-01-31,15,5,MMB-001,MMB_HOLE_DIAMETER,Motor Mount Hole Diameter,dimension,5.0,4.95,5.05,5.0082,mm,False
SPC-MMB_HOLE_DIAMETER-016-1,2024-02-02,16,1,MMB-001,MMB_HOLE_DIAMETER,Motor Mount Hole Diameter,dimension,5.0,4.95,5.05,5.0011,mm,False
SPC-MMB_HOLE_DIAMETER-016-2,2024-02-02,16,2,MMB-001,MMB_HOLE_DIAMETER,Motor Mount Hole Diameter,dimension,5.0,4.95,5.05,4.9949,mm,False
SPC-MMB_HOLE_DIAMETER-016-3,2024-02-02,16,3,MMB-001,MMB_HOLE_DIAMETER,Motor Mount Hole Diameter,dimension,5.0,4.95,5.05,4.9966,mm,False
SPC-MMB_HOLE_DIAMETER-016-4,2024-02-02,16,4,MMB-001,MMB_HOLE_DIAMETER,Motor Mount Hole Diameter,dimension,5.0,4.95,5.05,5.0078,mm,False
SPC-MMB_HOLE_DIAMETER-016-5,2024-02-02,16,5,MMB-001,MMB_HOLE_DIAMETER,Motor Mount Hole Diameter,dimension,5.0,4.95,5.05,4.9868,mm,False
SPC-MMB_HOLE_DIAMETER-017-1,2024-02-04,17,1,MMB-001,MMB_HOLE_DIAMETER,Motor Mount Hole Diameter,dimension,5.0,4.95,5.05,4.9902,mm,False
SPC-MMB_HOLE_DIAMETER-017-2,2024-02-04,17,2,MMB-001,MMB_HOLE_DIAMETER,Motor Mount Hole Diameter,dimension,5.0,4.95,5.05,4.9807,mm,False
SPC-MMB_HOLE_DIAMETER-017-3,2024-02-04,17,3,MMB-001,MMB_HOLE_DIAMETER,Motor Mount Hole Diameter,dimension,5.0,4.95,5.05,5.0004,mm,False
SPC-MMB_HOLE_DIAMETER-017-4,2024-02-04,17,4,MMB-001,MMB_HOLE_DIAMETER,Motor Mount Hole Diameter,dimension,5.0,4.95,5.05,5.0103,mm,False
SPC-MMB_HOLE_DIAMETER-017-5,2024-02-04,17,5,MMB-001,MMB_HOLE_DIAMETER,Motor Mount Hole Diameter,dimension,5.0,4.95,5.05,5.016,mm,False
SPC-MMB_HOLE_DIAMETER-018-1,2024-02-06,18,1,MMB-001,MMB_HOLE_DIAMETER,Motor Mount Hole Diameter,dimension,5.0,4.95,5.05,5.0186,mm,False
SPC-MMB_HOLE_DIAMETER-018-2,2024-02-06,18,2,MMB-001,MMB_HOLE_DIAMETER,Motor Mount Hole Diameter,dimension,5.0,4.95,5.05,4.9917,mm,False
SPC-MMB_HOLE_DIAMETER-018-3,2024-02-06,18,3,MMB-001,MMB_HOLE_DIAMETER,Motor Mount Hole Diameter,dimension,5.0,4.95,5.05,5.003,mm,False
SPC-MMB_HOLE_DIAMETER-018-4,2024-02-06,18,4,MMB-001,MMB_HOLE_DIAMETER,Motor Mount Hole Diameter,dimension,5.0,4.95,5.05,4.9952,mm,False
SPC-MMB_HOLE_DIAMETER-018-5,2024-02-06,18,5,MMB-001,MMB_HOLE_DIAMETER,Motor Mount Hole Diameter,dimension,5.0,4.95,5.05,5.0198,mm,False
SPC-MMB_HOLE_DIAMETER-019-1,2024-02-08,19,1,MMB-001,MMB_HOLE_DIAMETER,Motor Mount Hole Diameter,dimension,5.0,4.95,5.05,5.0156,mm,False
SPC-MMB_HOLE_DIAMETER-019-2,2024-02-08,19,2,MMB-001,MMB_HOLE_DIAMETER,Motor Mount Hole Diameter,dimension,5.0,4.95,5.05,5.002,mm,False
SPC-MMB_HOLE_DIAMETER-019-3,2024-02-08,19,3,MMB-001,MMB_HOLE_DIAMETER,Motor Mount Hole Diameter,dimension,5.0,4.95,5.05,4.9926,mm,False
SPC-MMB_HOLE_DIAMETER-019-4,2024-02-08,19,4,MMB-001,MMB_HOLE_DIAMETER,Motor Mount Hole Diameter,dimension,5.0,4.95,5.05,4.9586,mm,False
SPC-MMB_HOLE_DIAMETER-019-5,2024-02-08,19,5,MMB-001,MMB_HOLE_DIAMETER,Motor Mount Hole Diameter,dimension,5.0,4.95,5.05,4.9828,mm,False
SPC-MMB_HOLE_DIAMETER-020-1,2024-02-10,20,1,MMB-001,MMB_HOLE_DIAMETER,Motor Mount Hole Diameter,dimension,5.0,4.95,5.05,4.9778,mm,False
SPC-MMB_HOLE_DIAMETER-020-2,2024-02-10,20,2,MMB-001,MMB_HOLE_DIAMETER,Motor Mount Hole Diameter,dimension,5.0,4.95,5.05,4.9826,mm,False
SPC-MMB_HOLE_DIAMETER-020-3,2024-02-10,20,3,MMB-001,MMB_HOLE_DIAMETER,Motor Mount Hole Diameter,dimension,5.0,4.95,5.05,5.0225,mm,False
SPC-MMB_HOLE_DIAMETER-020-4,2024-02-10,20,4,MMB-001,MMB_HOLE_DIAMETER,Motor Mount Hole Diameter,dimension,5.0,4.95,5.05,4.9845,mm,False
SPC-MMB_HOLE_DIAMETER-020-5,2024-02-10,20,5,MMB-001,MMB_HOLE_DIAMETER,Motor Mount Hole Diameter,dimension,5.0,4.95,5.05,4.9873,mm,False
SPC-MMB_HOLE_DIAMETER-021-1,2024-02-12,21,1,MMB-001,MMB_HOLE_DIAMETER,Motor Mount Hole Diameter,dimension,5.0,4.95,5.05,4.989,mm,False
SPC-MMB_HOLE_DIAMETER-021-2,2024-02-12,21,2,MMB-001,MMB_HOLE_DIAMETER,Motor Mount Hole Diameter,dimension,5.0,4.95,5.05,5.0312,mm,False
SPC-MMB_HOLE_DIAMETER-021-3,2024-02-12,21,3,MMB-001,MMB_HOLE_DIAMETER,Motor Mount Hole Diameter,dimension,5.0,4.95,5.05,4.9993,mm,False
SPC-MMB_HOLE_DIAMETER-021-4,2024-02-12,21,4,MMB-001,MMB_HOLE_DIAMETER,Motor Mount Hole Diameter,dimension,5.0,4.95,5.05,5.0119,mm,False
SPC-MMB_HOLE_DIAMETER-021-5,2024-02-12,21,5,MMB-001,MMB_HOLE_DIAMETER,Motor Mount Hole Diameter,dimension,5.0,4.95,5.05,5.0021,mm,False
SPC-MMB_HOLE_DIAMETER-022-1,2024-02-14,22,1,MMB-001,MMB_HOLE_DIAMETER,Motor Mount Hole Diameter,dimension,5.0,4.95,5.05,4.9762,mm,False
SPC-MMB_HOLE_DIAMETER-022-2,2024-02-14,22,2,MMB-001,MMB_HOLE_DIAMETER,Motor Mount Hole Diameter,dimension,5.0,4.95,5.05,5.0184,mm,False
SPC-MMB_HOLE_DIAMETER-022-3,2024-02-14,22,3,MMB-001,MMB_HOLE_DIAMETER,Motor Mount Hole Diameter,dimension,5.0,4.95,5.05,5.0048,mm,False
SPC-MMB_HOLE_DIAMETER-022-4,2024-02-14,22,4,MMB-001,MMB_HOLE_DIAMETER,Motor Mount Hole Diameter,dimension,5.0,4.95,5.05,4.9985,mm,False
SPC-MMB_HOLE_DIAMETER-022-5,2024-02-14,22,5,MMB-001,MMB_HOLE_DIAMETER,Motor Mount Hole Diameter,dimension,5.0,4.95,5.05,5.0211,mm,False
SPC-MMB_HOLE_DIAMETER-023-1,2024-02-16,23,1,MMB-001,MMB_HOLE_DIAMETER,Motor Mount Hole Diameter,dimension,5.0,4.95,5.05,4.9958,mm,False
SPC-MMB_HOLE_DIAMETER-023-2,2024-02-16,23,2,MMB-001,MMB_HOLE_DIAMETER,Motor Mount Hole Diameter,dimension,5.0,4.95,5.05,4.9983,mm,False
SPC-MMB_HOLE_DIAMETER-023-3,2024-02-16,23,3,MMB-001,MMB_HOLE_DIAMETER,Motor Mount Hole Diameter,dimension,5.0,4.95,5.05,4.9959,mm,False
SPC-MMB_HOLE_DIAMETER-023-4,2024-02-16,23,4,MMB-001,MMB_HOLE_DIAMETER,Motor Mount Hole Diameter,dimension,5.0,4.95,5.05,5.0129,mm,False
SPC-MMB_HOLE_DIAMETER-023-5,2024-02-16,23,5,MMB-001,MMB_HOLE_DIAMETER,Motor Mount Hole Diameter,dimension,5.0,4.95,5.05,5.0098,mm,False
SPC-MMB_HOLE_DIAMETER-024-1,2024-02-18,24,1,MMB-001,MMB_HOLE_DIAMETER,Motor Mount Hole Diameter,dimension,5.0,4.95,5.05,5.0033,mm,False
SPC-MMB_HOLE_DIAMETER-024-2,2024-02-18,24,2,MMB-001,MMB_HOLE_DIAMETER,Motor Mount Hole Diameter,dimension,5.0,4.95,5.05,4.9874,mm,False
SPC-MMB_HOLE_DIAMETER-024-3,2024-02-18,24,3,MMB-001,MMB_HOLE_DIAMETER,Motor Mount Hole Diameter,dimension,5.0,4.95,5.05,4.9956,mm,False
SPC-MMB_HOLE_DIAMETER-024-4,2024-02-18,24,4,MMB-001,MMB_HOLE_DIAMETER,Motor Mount Hole Diameter,dimension,5.0,4.95,5.05,4.9874,mm,False
SPC-MMB_HOLE_DIAMETER-024-5,2024-02-18,24,5,MMB-001,MMB_HOLE_DIAMETER,Motor Mount Hole Diameter,dimension,5.0,4.95,5.05,5.0139,mm,False
SPC-MMB_HOLE_DIAMETER-025-1,2024-02-20,25,1,MMB-001,MMB_HOLE_DIAMETER,Motor Mount Hole Diameter,dimension,5.0,4.95,5.05,4.9811,mm,False
SPC-MMB_HOLE_DIAMETER-025-2,2024-02-20,25,2,MMB-001,MMB_HOLE_DIAMETER,Motor Mount Hole Diameter,dimension,5.0,4.95,5.05,5.0191,mm,False
SPC-MMB_HOLE_DIAMETER-025-3,2024-02-20,25,3,MMB-001,MMB_HOLE_DIAMETER,Motor Mount Hole Diameter,dimension,5.0,4.95,5.05,5.0155,mm,False
SPC-MMB_HOLE_DIAMETER-025-4,2024-02-20,25,4,MMB-001,MMB_HOLE_DIAMETER,Motor Mount Hole Diameter,dimension,5.0,4.95,5.05,4.989,mm,False
SPC-MMB_HOLE_DIAMETER-025-5,2024-02-20,25,5,MMB-001,MMB_HOLE_DIAMETER,Motor Mount Hole Diameter,dimension,5.0,4.95,5.05,4.995,mm,False
SPC-MMB_HOLE_DIAMETER-026-1,2024-02-22,26,1,MMB-001,MMB_HOLE_DIAMETER,Motor Mount Hole Diameter,dimension,5.0,4.95,5.05,4.9915,mm,False
SPC-MMB_HOLE_DIAMETER-026-2,2024-02-22,26,2,MMB-001,MMB_HOLE_DIAMETER,Motor Mount Hole Diameter,dimension,5.0,4.95,5.05,5.0052,mm,False
SPC-MMB_HOLE_DIAMETER-026-3,2024-02-22,26,3,MMB-001,MMB_HOLE_DIAMETER,Motor Mount Hole Diameter,dimension,5.0,4.95,5.05,5.0169,mm,False
SPC-MMB_HOLE_DIAMETER-026-4,2024-02-22,26,4,MMB-001,MMB_HOLE_DIAMETER,Motor Mount Hole Diameter,dimension,5.0,4.95,5.05,5.0142,mm,False
SPC-MMB_HOLE_DIAMETER-026-5,2024-02-22,26,5,MMB-001,MMB_HOLE_DIAMETER,Motor Mount Hole Diameter,dimension,5.0,4.95,5.05,4.9948,mm,False
SPC-MMB_HOLE_DIAMETER-027-1,2024-02-24,27,1,MMB-001,MMB_HOLE_DIAMETER,Motor Mount Hole Diameter,dimension,5.0,4.95,5.05,5.0151,mm,False
SPC-MMB_HOLE_DIAMETER-027-2,2024-02-24,27,2,MMB-001,MMB_HOLE_DIAMETER,Motor Mount Hole Diameter,dimension,5.0,4.95,5.05,5.0141,mm,False
SPC-MMB_HOLE_DIAMETER-027-3,2024-02-24,27,3,MMB-001,MMB_HOLE_DIAMETER,Motor Mount Hole Diameter,dimension,5.0,4.95,5.05,4.9977,mm,False
SPC-MMB_HOLE_DIAMETER-027-4,2024-02-24,27,4,MMB-001,MMB_HOLE_DIAMETER,Motor Mount Hole Diameter,dimension,5.0,4.95,5.05,4.9999,mm,False
SPC-MMB_HOLE_DIAMETER-027-5,2024-02-24,27,5,MMB-001,MMB_HOLE_DIAMETER,Motor Mount Hole Diameter,dimension,5.0,4.95,5.05,5.0185,mm,False
SPC-MMB_HOLE_DIAMETER-028-1,2024-02-26,28,1,MMB-001,MMB_HOLE_DIAMETER,Motor Mount Hole Diameter,dimension,5.0,4.95,5.05,5.0127,mm,False
SPC-MMB_HOLE_DIAMETER-028-2,2024-02-26,28,2,MMB-001,MMB_HOLE_DIAMETER,Motor Mount Hole Diameter,dimension,5.0,4.95,5.05,5.0147,mm,False
SPC-MMB_HOLE_DIAMETER-028-3,2024-02-26,28,3,MMB-001,MMB_HOLE_DIAMETER,Motor Mount Hole Diameter,dimension,5.0,4.95,5.05,5.031,mm,False
SPC-MMB_HOLE_DIAMETER-028-4,2024-02-26,28,4,MMB-001,MMB_HOLE_DIAMETER,Motor Mount Hole Diameter,dimension,5.0,4.95,5.05,5.0066,mm,False
SPC-MMB_HOLE_DIAMETER-028-5,2024-02-26,28,5,MMB-001,MMB_HOLE_DIAMETER,Motor Mount Hole Diameter,dimension,5.0,4.95,5.05,5.0039,mm,False
SPC-MMB_HOLE_DIAMETER-029-1,2024-02-28,29,1,MMB-001,MMB_HOLE_DIAMETER,Motor Mount Hole Diameter,dimension,5.0,4.95,5.05,5.0163,mm,False
SPC-MMB_HOLE_DIAMETER-029-2,2024-02-28,29,2,MMB-001,MMB_HOLE_DIAMETER,Motor Mount Hole Diameter,dimension,5.0,4.95,5.05,5.0239,mm,False
SPC-MMB_HOLE_DIAMETER-029-3,2024-02-28,29,3,MMB-001,MMB_HOLE_DIAMETER,Motor Mount Hole Diameter,dimension,5.0,4.95,5.05,4.9927,mm,False
SPC-MMB_HOLE_DIAMETER-029-4,2024-02-28,29,4,MMB-001,MMB_HOLE_DIAMETER,Motor Mount Hole Diameter,dimension,5.0,4.95,5.05,4.9976,mm,False
SPC-MMB_HOLE_DIAMETER-029-5,2024-02-28,29,5,MMB-001,MMB_HOLE_DIAMETER,Motor Mount Hole Diameter,dimension,5.0,4.95,5.05,4.9878,mm,False
SPC-MMB_HOLE_DIAMETER-030-1,2024-03-01,30,1,MMB-001,MMB_HOLE_DIAMETER,Motor Mount Hole Diameter,dimension,5.0,4.95,5.05,5.0041,mm,False
SPC-MMB_HOLE_DIAMETER-030-2,2024-03-01,30,2,MMB-001,MMB_HOLE_DIAMETER,Motor Mount Hole Diameter,dimension,5.0,4.95,5.05,5.0107,mm,False
SPC-MMB_HOLE_DIAMETER-030-3,2024-03-01,30,3,MMB-001,MMB_HOLE_DIAMETER,Motor Mount Hole Diameter,dimension,5.0,4.95,5.05,4.9886,mm,False
SPC-MMB_HOLE_DIAMETER-030-4,2024-03-01,30,4,MMB-001,MMB_HOLE_DIAMETER,Motor Mount Hole Diameter,dimension,5.0,4.95,5.05,5.0136,mm,False
SPC-MMB_HOLE_DIAMETER-030-5,2024-03-01,30,5,MMB-001,MMB_HOLE_DIAMETER,Motor Mount Hole Diameter,dimension,5.0,4.95,5.05,4.9946,mm,False
SPC-MMB_HOLE_DIAMETER-031-1,2024-03-03,31,1,MMB-001,MMB_HOLE_DIAMETER,Motor Mount Hole Diameter,dimension,5.0,4.95,5.05,4.9936,mm,False
SPC-MMB_HOLE_DIAMETER-031-2,2024-03-03,31,2,MMB-001,MMB_HOLE_DIAMETER,Motor Mount Hole Diameter,dimension,5.0,4.95,5.05,5.0136,mm,False
SPC-MMB_HOLE_DIAMETER-031-3,2024-03-03,31,3,MMB-001,MMB_HOLE_DIAMETER,Motor Mount Hole Diameter,dimension,5.0,4.95,5.05,4.9925,mm,False
SPC-MMB_HOLE_DIAMETER-031-4,2024-03-03,31,4,MMB-001,MMB_HOLE_DIAMETER,Motor Mount Hole Diameter,dimension,5.0,4.95,5.05,4.9832,mm,False
SPC-MMB_HOLE_DIAMETER-031-5,2024-03-03,31,5,MMB-001,MMB_HOLE_DIAMETER,Motor Mount Hole Diameter,dimension,5.0,4.95,5.05,5.0089,mm,False
SPC-MMB_HOLE_DIAMETER-032-1,2024-03-05,32,1,MMB-001,MMB_HOLE_DIAMETER,Motor Mount Hole Diameter,dimension,5.0,4.95,5.05,4.9984,mm,False
SPC-MMB_HOLE_DIAMETER-032-2,2024-03-05,32,2,MMB-001,MMB_HOLE_DIAMETER,Motor Mount Hole Diameter,dimension,5.0,4.95,5.05,5.0144,mm,False
SPC-MMB_HOLE_DIAMETER-032-3,2024-03-05,32,3,MMB-001,MMB_HOLE_DIAMETER,Motor Mount Hole Diameter,dimension,5.0,4.95,5.05,5.01,mm,False
SPC-MMB_HOLE_DIAMETER-032-4,2024-03-05,32,4,MMB-001,MMB_HOLE_DIAMETER,Motor Mount Hole Diameter,dimension,5.0,4.95,5.05,4.979,mm,False
SPC-MMB_HOLE_DIAMETER-032-5,2024-03-05,32,5,MMB-001,MMB_HOLE_DIAMETER,Motor Mount Hole Diameter,dimension,5.0,4.95,5.05,5.0158,mm,False
SPC-MMB_HOLE_DIAMETER-033-1,2024-03-07,33,1,MMB-001,MMB_HOLE_DIAMETER,Motor Mount Hole Diameter,dimension,5.0,4.95,5.05,5.0228,mm,False
SPC-MMB_HOLE_DIAMETER-033-2,2024-03-07,33,2,MMB-001,MMB_HOLE_DIAMETER,Motor Mount Hole Diameter,dimension,5.0,4.95,5.05,5.0124,mm,False
SPC-MMB_HOLE_DIAMETER-033-3,2024-03-07,33,3,MMB-001,MMB_HOLE_DIAMETER,Motor Mount Hole Diameter,dimension,5.0,4.95,5.05,5.0129,mm,False
SPC-MMB_HOLE_DIAMETER-033-4,2024-03-07,33,4,MMB-001,MMB_HOLE_DIAMETER,Motor Mount Hole Diameter,dimension,5.0,4.95,5.05,4.997,mm,False
SPC-MMB_HOLE_DIAMETER-033-5,2024-03-07,33,5,MMB-001,MMB_HOLE_DIAMETER,Motor Mount Hole Diameter,dimension,5.0,4.95,5.05,4.9943,mm,False
SPC-MMB_HOLE_DIAMETER-034-1,2024-03-09,34,1,MMB-001,MMB_HOLE_DIAMETER,Motor Mount Hole Diameter,dimension,5.0,4.95,5.05,5.0025,mm,False
SPC-MMB_HOLE_DIAMETER-034-2,2024-03-09,34,2,MMB-001,MMB_HOLE_DIAMETER,Motor Mount Hole Diameter,dimension,5.0,4.95,5.05,5.011,mm,False
SPC-MMB_HOLE_DIAMETER-034-3,2024-03-09,34,3,MMB-001,MMB_HOLE_DIAMETER,Motor Mount Hole Diameter,dimension,5.0,4.95,5.05,5.0107,mm,False
SPC-MMB_HOLE_DIAMETER-034-4,2024-03-09,34,4,MMB-001,MMB_HOLE_DIAMETER,Motor Mount Hole Diameter,dimension,5.0,4.95,5.05,4.9947,mm,False
SPC-MMB_HOLE_DIAMETER-034-5,2024-03-09,34,5,MMB-001,MMB_HOLE_DIAMETER,Motor Mount Hole Diameter,dimension,5.0,4.95,5.05,4.9935,mm,False
SPC-MMB_HOLE_DIAMETER-035-1,2024-03-11,35,1,MMB-001,MMB_HOLE_DIAMETER,Motor Mount Hole Diameter,dimension,5.0,4.95,5.05,4.9821,mm,False
SPC-MMB_HOLE_DIAMETER-035-2,2024-03-11,35,2,MMB-001,MMB_HOLE_DIAMETER,Motor Mount Hole Diameter,dimension,5.0,4.95,5.05,5.0078,mm,False
SPC-MMB_HOLE_DIAMETER-035-3,2024-03-11,35,3,MMB-001,MMB_HOLE_DIAMETER,Motor Mount Hole Diameter,dimension,5.0,4.95,5.05,4.9953,mm,False
SPC-MMB_HOLE_DIAMETER-035-4,2024-03-11,35,4,MMB-001,MMB_HOLE_DIAMETER,Motor Mount Hole Diameter,dimension,5.0,4.95,5.05,4.9964,mm,False
SPC-MMB_HOLE_DIAMETER-035-5,2024-03-11,35,5,MMB-001,MMB_HOLE_DIAMETER,Motor Mount Hole Diameter,dimension,5.0,4.95,5.05,5.0207,mm,False
SPC-MMB_HOLE_DIAMETER-036-1,2024-03-13,36,1,MMB-001,MMB_HOLE_DIAMETER,Motor Mount Hole Diameter,dimension,5.0,4.95,5.05,5.0072,mm,False
SPC-MMB_HOLE_DIAMETER-036-2,2024-03-13,36,2,MMB-001,MMB_HOLE_DIAMETER,Motor Mount Hole Diameter,dimension,5.0,4.95,5.05,5.0039,mm,False
SPC-MMB_HOLE_DIAMETER-036-3,2024-03-13,36,3,MMB-001,MMB_HOLE_DIAMETER,Motor Mount Hole Diameter,dimension,5.0,4.95,5.05,5.01,mm,False
SPC-MMB_HOLE_DIAMETER-036-4,2024-03-13,36,4,MMB-001,MMB_HOLE_DIAMETER,Motor Mount Hole Diameter,dimension,5.0,4.95,5.05,5.017,mm,False
SPC-MMB_HOLE_DIAMETER-036-5,2024-03-13,36,5,MMB-001,MMB_HOLE_DIAMETER,Motor Mount Hole Diameter,dimension,5.0,4.95,5.05,4.9806,mm,False
SPC-MMB_HOLE_DIAMETER-037-1,2024-03-15,37,1,MMB-001,MMB_HOLE_DIAMETER,Motor Mount Hole Diameter,dimension,5.0,4.95,5.05,4.9932,mm,False
SPC-MMB_HOLE_DIAMETER-037-2,2024-03-15,37,2,MMB-001,MMB_HOLE_DIAMETER,Motor Mount Hole Diameter,dimension,5.0,4.95,5.05,4.9972,mm,False
SPC-MMB_HOLE_DIAMETER-037-3,2024-03-15,37,3,MMB-001,MMB_HOLE_DIAMETER,Motor Mount Hole Diameter,dimension,5.0,4.95,5.05,4.9883,mm,False
SPC-MMB_HOLE_DIAMETER-037-4,2024-03-15,37,4,MMB-001,MMB_HOLE_DIAMETER,Motor Mount Hole Diameter,dimension,5.0,4.95,5.05,4.9968,mm,False
SPC-MMB_HOLE_DIAMETER-037-5,2024-03-15,37,5,MMB-001,MMB_HOLE_DIAMETER,Motor Mount Hole Diameter,dimension,5.0,4.95,5.05,4.9814,mm,False
SPC-MMB_HOLE_DIAMETER-038-1,2024-03-17,38,1,MMB-001,MMB_HOLE_DIAMETER,Motor Mount Hole Diameter,dimension,5.0,4.95,5.05,5.0111,mm,False
SPC-MMB_HOLE_DIAMETER-038-2,2024-03-17,38,2,MMB-001,MMB_HOLE_DIAMETER,Motor Mount Hole Diameter,dimension,5.0,4.95,5.05,4.9938,mm,False
SPC-MMB_HOLE_DIAMETER-038-3,2024-03-17,38,3,MMB-001,MMB_HOLE_DIAMETER,Motor Mount Hole Diameter,dimension,5.0,4.95,5.05,5.0024,mm,False
SPC-MMB_HOLE_DIAMETER-038-4,2024-03-17,38,4,MMB-001,MMB_HOLE_DIAMETER,Motor Mount Hole Diameter,dimension,5.0,4.95,5.05,5.0006,mm,False
SPC-MMB_HOLE_DIAMETER-038-5,2024-03-17,38,5,MMB-001,MMB_HOLE_DIAMETER,Motor Mount Hole Diameter,dimension,5.0,4.95,5.05,5.0067,mm,False
SPC-MMB_HOLE_DIAMETER-039-1,2024-03-19,39,1,MMB-001,MMB_HOLE_DIAMETER,Motor Mount Hole Diameter,dimension,5.0,4.95,5.05,4.9705,mm,False
SPC-MMB_HOLE_DIAMETER-039-2,2024-03-19,39,2,MMB-001,MMB_HOLE_DIAMETER,Motor Mount Hole Diameter,dimension,5.0,4.95,5.05,5.0054,mm,False
SPC-MMB_HOLE_DIAMETER-039-3,2024-03-19,39,3,MMB-001,MMB_HOLE_DIAMETER,Motor Mount Hole Diameter,dimension,5.0,4.95,5.05,4.9967,mm,False
SPC-MMB_HOLE_DIAMETER-039-4,2024-03-19,39,4,MMB-001,MMB_HOLE_DIAMETER,Motor Mount Hole Diameter,dimension,5.0,4.95,5.05,5.0049,mm,False
SPC-MMB_HOLE_DIAMETER-039-5,2024-03-19,39,5,MMB-001,MMB_HOLE_DIAMETER,Motor Mount Hole Diameter,dimension,5.0,4.95,5.05,4.9858,mm,False
SPC-MMB_HOLE_DIAMETER-040-1,2024-03-21,40,1,MMB-001,MMB_HOLE_DIAMETER,Motor Mount Hole Diameter,dimension,5.0,4.95,5.05,5.005,mm,False
SPC-MMB_HOLE_DIAMETER-040-2,2024-03-21,40,2,MMB-001,MMB_HOLE_DIAMETER,Motor Mount Hole Diameter,dimension,5.0,4.95,5.05,5.0156,mm,False
SPC-MMB_HOLE_DIAMETER-040-3,2024-03-21,40,3,MMB-001,MMB_HOLE_DIAMETER,Motor Mount Hole Diameter,dimension,5.0,4.95,5.05,5.0023,mm,False
SPC-MMB_HOLE_DIAMETER-040-4,2024-03-21,40,4,MMB-001,MMB_HOLE_DIAMETER,Motor Mount Hole Diameter,dimension,5.0,4.95,5.05,4.9914,mm,False
SPC-MMB_HOLE_DIAMETER-040-5,2024-03-21,40,5,MMB-001,MMB_HOLE_DIAMETER,Motor Mount Hole Diameter,dimension,5.0,4.95,5.05,4.9919,mm,False
SPC-MMB_HOLE_DIAMETER-041-1,2024-03-23,41,1,MMB-001,MMB_HOLE_DIAMETER,Motor Mount Hole Diameter,dimension,5.0,4.95,5.05,5.0069,mm,False
SPC-MMB_HOLE_DIAMETER-041-2,2024-03-23,41,2,MMB-001,MMB_HOLE_DIAMETER,Motor Mount Hole Diameter,dimension,5.0,4.95,5.05,5.0068,mm,False
SPC-MMB_HOLE_DIAMETER-041-3,2024-03-23,41,3,MMB-001,MMB_HOLE_DIAMETER,Motor Mount Hole Diameter,dimension,5.0,4.95,5.05,5.0043,mm,False
SPC-MMB_HOLE_DIAMETER-041-4,2024-03-23,41,4,MMB-001,MMB_HOLE_DIAMETER,Motor Mount Hole Diameter,dimension,5.0,4.95,5.05,4.9995,mm,False
SPC-MMB_HOLE_DIAMETER-041-5,2024-03-23,41,5,MMB-001,MMB_HOLE_DIAMETER,Motor Mount Hole Diameter,dimension,5.0,4.95,5.05,5.0024,mm,False
SPC-MMB_HOLE_DIAMETER-042-1,2024-03-25,42,1,MMB-001,MMB_HOLE_DIAMETER,Motor Mount Hole Diameter,dimension,5.0,4.95,5.05,4.9992,mm,False
SPC-MMB_HOLE_DIAMETER-042-2,2024-03-25,42,2,MMB-001,MMB_HOLE_DIAMETER,Motor Mount Hole Diameter,dimension,5.0,4.95,5.05,4.9954,mm,False
SPC-MMB_HOLE_DIAMETER-042-3,2024-03-25,42,3,MMB-001,MMB_HOLE_DIAMETER,Motor Mount Hole Diameter,dimension,5.0,4.95,5.05,5.0091,mm,False
SPC-MMB_HOLE_DIAMETER-042-4,2024-03-25,42,4,MMB-001,MMB_HOLE_DIAMETER,Motor Mount Hole Diameter,dimension,5.0,4.95,5.05,5.0037,mm,False
SPC-MMB_HOLE_DIAMETER-042-5,2024-03-25,42,5,MMB-001,MMB_HOLE_DIAMETER,Motor Mount Hole Diameter,dimension,5.0,4.95,5.05,5.0155,mm,False
SPC-MMB_HOLE_DIAMETER-043-1,2024-03-27,43,1,MMB-001,MMB_HOLE_DIAMETER,Motor Mount Hole Diameter,dimension,5.0,4.95,5.05,5.0134,mm,False
SPC-MMB_HOLE_DIAMETER-043-2,2024-03-27,43,2,MMB-001,MMB_HOLE_DIAMETER,Motor Mount Hole Diameter,dimension,5.0,4.95,5.05,5.0033,mm,False
SPC-MMB_HOLE_DIAMETER-043-3,2024-03-27,43,3,MMB-001,MMB_HOLE_DIAMETER,Motor Mount Hole Diameter,dimension,5.0,4.95,5.05,5.0071,mm,False
SPC-MMB_HOLE_DIAMETER-043-4,2024-03-27,43,4,MMB-001,MMB_HOLE_DIAMETER,Motor Mount Hole Diameter,dimension,5.0,4.95,5.05,4.9885,mm,False
SPC-MMB_HOLE_DIAMETER-043-5,2024-03-27,43,5,MMB-001,MMB_HOLE_DIAMETER,Motor Mount Hole Diameter,dimension,5.0,4.95,5.05,4.9991,mm,False
SPC-MMB_HOLE_DIAMETER-044-1,2024-03-29,44,1,MMB-001,MMB_HOLE_DIAMETER,Motor Mount Hole Diameter,dimension,5.0,4.95,5.05,5.0041,mm,False
SPC-MMB_HOLE_DIAMETER-044-2,2024-03-29,44,2,MMB-001,MMB_HOLE_DIAMETER,Motor Mount Hole Diameter,dimension,5.0,4.95,5.05,4.981,mm,False
SPC-MMB_HOLE_DIAMETER-044-3,2024-03-29,44,3,MMB-001,MMB_HOLE_DIAMETER,Motor Mount Hole Diameter,dimension,5.0,4.95,5.05,5.0052,mm,False
SPC-MMB_HOLE_DIAMETER-044-4,2024-03-29,44,4,MMB-001,MMB_HOLE_DIAMETER,Motor Mount Hole Diameter,dimension,5.0,4.95,5.05,4.9885,mm,False
SPC-MMB_HOLE_DIAMETER-044-5,2024-03-29,44,5,MMB-001,MMB_HOLE_DIAMETER,Motor Mount Hole Diameter,dimension,5.0,4.95,5.05,4.9898,mm,False
SPC-MMB_HOLE_DIAMETER-045-1,2024-03-31,45,1,MMB-001,MMB_HOLE_DIAMETER,Motor Mount Hole Diameter,dimension,5.0,4.95,5.05,4.9936,mm,False
SPC-MMB_HOLE_DIAMETER-045-2,2024-03-31,45,2,MMB-001,MMB_HOLE_DIAMETER,Motor Mount Hole Diameter,dimension,5.0,4.95,5.05,4.9996,mm,False
SPC-MMB_HOLE_DIAMETER-045-3,2024-03-31,45,3,MMB-001,MMB_HOLE_DIAMETER,Motor Mount Hole Diameter,dimension,5.0,4.95,5.05,4.9841,mm,False
SPC-MMB_HOLE_DIAMETER-045-4,2024-03-31,45,4,MMB-001,MMB_HOLE_DIAMETER,Motor Mount Hole Diameter,dimension,5.0,4.95,5.05,5.0103,mm,False
SPC-MMB_HOLE_DIAMETER-045-5,2024-03-31,45,5,MMB-001,MMB_HOLE_DIAMETER,Motor Mount Hole Diameter,dimension,5.0,4.95,5.05,5.0021,mm,False
SPC-MMB_HOLE_DIAMETER-046-1,2024-04-02,46,1,MMB-001,MMB_HOLE_DIAMETER,Motor Mount Hole Diameter,dimension,5.0,4.95,5.05,5.0231,mm,False
SPC-MMB_HOLE_DIAMETER-046-2,2024-04-02,46,2,MMB-001,MMB_HOLE_DIAMETER,Motor Mount Hole Diameter,dimension,5.0,4.95,5.05,5.0036,mm,False
SPC-MMB_HOLE_DIAMETER-046-3,2024-04-02,46,3,MMB-001,MMB_HOLE_DIAMETER,Motor Mount Hole Diameter,dimension,5.0,4.95,5.05,5.0068,mm,False
SPC-MMB_HOLE_DIAMETER-046-4,2024-04-02,46,4,MMB-001,MMB_HOLE_DIAMETER,Motor Mount Hole Diameter,dimension,5.0,4.95,5.05,4.9898,mm,False
SPC-MMB_HOLE_DIAMETER-046-5,2024-04-02,46,5,MMB-001,MMB_HOLE_DIAMETER,Motor Mount Hole Diameter,dimension,5.0,4.95,5.05,4.9858,mm,False
SPC-MMB_HOLE_DIAMETER-047-1,2024-04-04,47,1,MMB-001,MMB_HOLE_DIAMETER,Motor Mount Hole Diameter,dimension,5.0,4.95,5.05,5.0074,mm,False
SPC-MMB_HOLE_DIAMETER-047-2,2024-04-04,47,2,MMB-001,MMB_HOLE_DIAMETER,Motor Mount Hole Diameter,dimension,5.0,4.95,5.05,4.9869,mm,False
SPC-MMB_HOLE_DIAMETER-047-3,2024-04-04,47,3,MMB-001,MMB_HOLE_DIAMETER,Motor Mount Hole Diameter,dimension,5.0,4.95,5.05,5.0077,mm,False
SPC-MMB_HOLE_DIAMETER-047-4,2024-04-04,47,4,MMB-001,MMB_HOLE_DIAMETER,Motor Mount Hole Diameter,dimension,5.0,4.95,5.05,5.0205,mm,False
SPC-MMB_HOLE_DIAMETER-047-5,2024-04-04,47,5,MMB-001,MMB_HOLE_DIAMETER,Motor Mount Hole Diameter,dimension,5.0,4.95,5.05,5.0113,mm,False
SPC-MMB_HOLE_DIAMETER-048-1,2024-04-06,48,1,MMB-001,MMB_HOLE_DIAMETER,Motor Mount Hole Diameter,dimension,5.0,4.95,5.05,5.0068,mm,False
SPC-MMB_HOLE_DIAMETER-048-2,2024-04-06,48,2,MMB-001,MMB_HOLE_DIAMETER,Motor Mount Hole Diameter,dimension,5.0,4.95,5.05,5.0032,mm,False
SPC-MMB_HOLE_DIAMETER-048-3,2024-04-06,48,3,MMB-001,MMB_HOLE_DIAMETER,Motor Mount Hole Diameter,dimension,5.0,4.95,5.05,4.9954,mm,False
SPC-MMB_HOLE_DIAMETER-048-4,2024-04-06,48,4,MMB-001,MMB_HOLE_DIAMETER,Motor Mount Hole Diameter,dimension,5.0,4.95,5.05,4.9986,mm,False
SPC-MMB_HOLE_DIAMETER-048-5,2024-04-06,48,5,MMB-001,MMB_HOLE_DIAMETER,Motor Mount Hole Diameter,dimension,5.0,4.95,5.05,4.9932,mm,False
SPC-MMB_HOLE_DIAMETER-049-1,2024-04-08,49,1,MMB-001,MMB_HOLE_DIAMETER,Motor Mount Hole Diameter,dimension,5.0,4.95,5.05,4.9842,mm,False
SPC-MMB_HOLE_DIAMETER-049-2,2024-04-08,49,2,MMB-001,MMB_HOLE_DIAMETER,Motor Mount Hole Diameter,dimension,5.0,4.95,5.05,5.0004,mm,False
SPC-MMB_HOLE_DIAMETER-049-3,2024-04-08,49,3,MMB-001,MMB_HOLE_DIAMETER,Motor Mount Hole Diameter,dimension,5.0,4.95,5.05,5.0133,mm,False
SPC-MMB_HOLE_DIAMETER-049-4,2024-04-08,49,4,MMB-001,MMB_HOLE_DIAMETER,Motor Mount Hole Diameter,dimension,5.0,4.95,5.05,4.9845,mm,False
SPC-MMB_HOLE_DIAMETER-049-5,2024-04-08,49,5,MMB-001,MMB_HOLE_DIAMETER,Motor Mount Hole Diameter,dimension,5.0,4.95,5.05,5.0168,mm,False
SPC-MMB_HOLE_DIAMETER-050-1,2024-04-10,50,1,MMB-001,MMB_HOLE_DIAMETER,Motor Mount Hole Diameter,dimension,5.0,4.95,5.05,5.0146,mm,False
SPC-MMB_HOLE_DIAMETER-050-2,2024-04-10,50,2,MMB-001,MMB_HOLE_DIAMETER,Motor Mount Hole Diameter,dimension,5.0,4.95,5.05,5.0048,mm,False
SPC-MMB_HOLE_DIAMETER-050-3,2024-04-10,50,3,MMB-001,MMB_HOLE_DIAMETER,Motor Mount Hole Diameter,dimension,5.0,4.95,5.05,5.0049,mm,False
SPC-MMB_HOLE_DIAMETER-050-4,2024-04-10,50,4,MMB-001,MMB_HOLE_DIAMETER,Motor Mount Hole Diameter,dimension,5.0,4.95,5.05,4.9978,mm,False
SPC-MMB_HOLE_DIAMETER-050-5,2024-04-10,50,5,MMB-001,MMB_HOLE_DIAMETER,Motor Mount Hole Diameter,dimension,5.0,4.95,5.05,5.0005,mm,False
SPC-MMB_HOLE_DIAMETER-051-1,2024-04-12,51,1,MMB-001,MMB_HOLE_DIAMETER,Motor Mount Hole Diameter,dimension,5.0,4.95,5.05,4.9944,mm,False
SPC-MMB_HOLE_DIAMETER-051-2,2024-04-12,51,2,MMB-001,MMB_HOLE_DIAMETER,Motor Mount Hole Diameter,dimension,5.0,4.95,5.05,5.0004,mm,False
SPC-MMB_HOLE_DIAMETER-051-3,2024-04-12,51,3,MMB-001,MMB_HOLE_DIAMETER,Motor Mount Hole Diameter,dimension,5.0,4.95,5.05,5.0017,mm,False
SPC-MMB_HOLE_DIAMETER-051-4,2024-04-12,51,4,MMB-001,MMB_HOLE_DIAMETER,Motor Mount Hole Diameter,dimension,5.0,4.95,5.05,5.0226,mm,False
SPC-MMB_HOLE_DIAMETER-051-5,2024-04-12,51,5,MMB-001,MMB_HOLE_DIAMETER,Motor Mount Hole Diameter,dimension,5.0,4.95,5.05,5.0068,mm,False
SPC-MMB_HOLE_DIAMETER-052-1,2024-04-14,52,1,MMB-001,MMB_HOLE_DIAMETER,Motor Mount Hole Diameter,dimension,5.0,4.95,5.05,4.9975,mm,False
SPC-MMB_HOLE_DIAMETER-052-2,2024-04-14,52,2,MMB-001,MMB_HOLE_DIAMETER,Motor Mount Hole Diameter,dimension,5.0,4.95,5.05,4.9988,mm,False
SPC-MMB_HOLE_DIAMETER-052-3,2024-04-14,52,3,MMB-001,MMB_HOLE_DIAMETER,Motor Mount Hole Diameter,dimension,5.0,4.95,5.05,4.9914,mm,False
SPC-MMB_HOLE_DIAMETER-052-4,2024-04-14,52,4,MMB-001,MMB_HOLE_DIAMETER,Motor Mount Hole Diameter,dimension,5.0,4.95,5.05,4.9934,mm,False
SPC-MMB_HOLE_DIAMETER-052-5,2024-04-14,52,5,MMB-001,MMB_HOLE_DIAMETER,Motor Mount Hole Diameter,dimension,5.0,4.95,5.05,5.0109,mm,False
SPC-MMB_HOLE_DIAMETER-053-1,2024-04-16,53,1,MMB-001,MMB_HOLE_DIAMETER,Motor Mount Hole Diameter,dimension,5.0,4.95,5.05,4.9941,mm,False
SPC-MMB_HOLE_DIAMETER-053-2,2024-04-16,53,2,MMB-001,MMB_HOLE_DIAMETER,Motor Mount Hole Diameter,dimension,5.0,4.95,5.05,4.9926,mm,False
SPC-MMB_HOLE_DIAMETER-053-3,2024-04-16,53,3,MMB-001,MMB_HOLE_DIAMETER,Motor Mount Hole Diameter,dimension,5.0,4.95,5.05,4.9929,mm,False
SPC-MMB_HOLE_DIAMETER-053-4,2024-04-16,53,4,MMB-001,MMB_HOLE_DIAMETER,Motor Mount Hole Diameter,dimension,5.0,4.95,5.05,4.9912,mm,False
SPC-MMB_HOLE_DIAMETER-053-5,2024-04-16,53,5,MMB-001,MMB_HOLE_DIAMETER,Motor Mount Hole Diameter,dimension,5.0,4.95,5.05,5.0135,mm,False
SPC-MMB_HOLE_DIAMETER-054-1,2024-04-18,54,1,MMB-001,MMB_HOLE_DIAMETER,Motor Mount Hole Diameter,dimension,5.0,4.95,5.05,5.0017,mm,False
SPC-MMB_HOLE_DIAMETER-054-2,2024-04-18,54,2,MMB-001,MMB_HOLE_DIAMETER,Motor Mount Hole Diameter,dimension,5.0,4.95,5.05,4.9966,mm,False
SPC-MMB_HOLE_DIAMETER-054-3,2024-04-18,54,3,MMB-001,MMB_HOLE_DIAMETER,Motor Mount Hole Diameter,dimension,5.0,4.95,5.05,5.0004,mm,False
SPC-MMB_HOLE_DIAMETER-054-4,2024-04-18,54,4,MMB-001,MMB_HOLE_DIAMETER,Motor Mount Hole Diameter,dimension,5.0,4.95,5.05,5.0026,mm,False
SPC-MMB_HOLE_DIAMETER-054-5,2024-04-18,54,5,MMB-001,MMB_HOLE_DIAMETER,Motor Mount Hole Diameter,dimension,5.0,4.95,5.05,4.991,mm,False
SPC-MMB_HOLE_DIAMETER-055-1,2024-04-20,55,1,MMB-001,MMB_HOLE_DIAMETER,Motor Mount Hole Diameter,dimension,5.0,4.95,5.05,4.9833,mm,False
SPC-MMB_HOLE_DIAMETER-055-2,2024-04-20,55,2,MMB-001,MMB_HOLE_DIAMETER,Motor Mount Hole Diameter,dimension,5.0,4.95,5.05,5.0161,mm,False
SPC-MMB_HOLE_DIAMETER-055-3,2024-04-20,55,3,MMB-001,MMB_HOLE_DIAMETER,Motor Mount Hole Diameter,dimension,5.0,4.95,5.05,5.0119,mm,False
SPC-MMB_HOLE_DIAMETER-055-4,2024-04-20,55,4,MMB-001,MMB_HOLE_DIAMETER,Motor Mount Hole Diameter,dimension,5.0,4.95,5.05,5.0045,mm,False
SPC-MMB_HOLE_DIAMETER-055-5,2024-04-20,55,5,MMB-001,MMB_HOLE_DIAMETER,Motor Mount Hole Diameter,dimension,5.0,4.95,5.05,5.011,mm,False
SPC-MMB_HOLE_DIAMETER-056-1,2024-04-22,56,1,MMB-001,MMB_HOLE_DIAMETER,Motor Mount Hole Diameter,dimension,5.0,4.95,5.05,5.0242,mm,False
SPC-MMB_HOLE_DIAMETER-056-2,2024-04-22,56,2,MMB-001,MMB_HOLE_DIAMETER,Motor Mount Hole Diameter,dimension,5.0,4.95,5.05,4.9948,mm,False
SPC-MMB_HOLE_DIAMETER-056-3,2024-04-22,56,3,MMB-001,MMB_HOLE_DIAMETER,Motor Mount Hole Diameter,dimension,5.0,4.95,5.05,4.9878,mm,False
SPC-MMB_HOLE_DIAMETER-056-4,2024-04-22,56,4,MMB-001,MMB_HOLE_DIAMETER,Motor Mount Hole Diameter,dimension,5.0,4.95,5.05,5.0091,mm,False
SPC-MMB_HOLE_DIAMETER-056-5,2024-04-22,56,5,MMB-001,MMB_HOLE_DIAMETER,Motor Mount Hole Diameter,dimension,5.0,4.95,5.05,4.9836,mm,False
SPC-MMB_HOLE_DIAMETER-057-1,2024-04-24,57,1,MMB-001,MMB_HOLE_DIAMETER,Motor Mount Hole Diameter,dimension,5.0,4.95,5.05,5.0029,mm,False
SPC-MMB_HOLE_DIAMETER-057-2,2024-04-24,57,2,MMB-001,MMB_HOLE_DIAMETER,Motor Mount Hole Diameter,dimension,5.0,4.95,5.05,4.9988,mm,False
SPC-MMB_HOLE_DIAMETER-057-3,2024-04-24,57,3,MMB-001,MMB_HOLE_DIAMETER,Motor Mount Hole Diameter,dimension,5.0,4.95,5.05,5.0105,mm,False
SPC-MMB_HOLE_DIAMETER-057-4,2024-04-24,57,4,MMB-001,MMB_HOLE_DIAMETER,Motor Mount Hole Diameter,dimension,5.0,4.95,5.05,4.9966,mm,False
SPC-MMB_HOLE_DIAMETER-057-5,2024-04-24,57,5,MMB-001,MMB_HOLE_DIAMETER,Motor Mount Hole Diameter,dimension,5.0,4.95,5.05,5.0168,mm,False
SPC-MMB_HOLE_DIAMETER-058-1,2024-04-26,58,1,MMB-001,MMB_HOLE_DIAMETER,Motor Mount Hole Diameter,dimension,5.0,4.95,5.05,4.9946,mm,False
SPC-MMB_HOLE_DIAMETER-058-2,2024-04-26,58,2,MMB-001,MMB_HOLE_DIAMETER,Motor Mount Hole Diameter,dimension,5.0,4.95,5.05,5.0121,mm,False
SPC-MMB_HOLE_DIAMETER-058-3,2024-04-26,58,3,MMB-001,MMB_HOLE_DIAMETER,Motor Mount Hole Diameter,dimension,5.0,4.95,5.05,4.9956,mm,False
SPC-MMB_HOLE_DIAMETER-058-4,2024-04-26,58,4,MMB-001,MMB_HOLE_DIAMETER,Motor Mount Hole Diameter,dimension,5.0,4.95,5.05,5.0102,mm,False
SPC-MMB_HOLE_DIAMETER-058-5,2024-04-26,58,5,MMB-001,MMB_HOLE_DIAMETER,Motor Mount Hole Diameter,dimension,5.0,4.95,5.05,4.9914,mm,False
SPC-MMB_HOLE_DIAMETER-059-1,2024-04-28,59,1,MMB-001,MMB_HOLE_DIAMETER,Motor Mount Hole Diameter,dimension,5.0,4.95,5.05,5.0045,mm,False
SPC-MMB_HOLE_DIAMETER-059-2,2024-04-28,59,2,MMB-001,MMB_HOLE_DIAMETER,Motor Mount Hole Diameter,dimension,5.0,4.95,5.05,5.0207,mm,False
SPC-MMB_HOLE_DIAMETER-059-3,2024-04-28,59,3,MMB-001,MMB_HOLE_DIAMETER,Motor Mount Hole Diameter,dimension,5.0,4.95,5.05,5.0062,mm,False
SPC-MMB_HOLE_DIAMETER-059-4,2024-04-28,59,4,MMB-001,MMB_HOLE_DIAMETER,Motor Mount Hole Diameter,dimension,5.0,4.95,5.05,5.019,mm,False
SPC-MMB_HOLE_DIAMETER-059-5,2024-04-28,59,5,MMB-001,MMB_HOLE_DIAMETER,Motor Mount Hole Diameter,dimension,5.0,4.95,5.05,5.0045,mm,False
SPC-MMB_HOLE_DIAMETER-060-1,2024-04-30,60,1,MMB-001,MMB_HOLE_DIAMETER,Motor Mount Hole Diameter,dimension,5.0,4.95,5.05,4.9999,mm,False
SPC-MMB_HOLE_DIAMETER-060-2,2024-04-30,60,2,MMB-001,MMB_HOLE_DIAMETER,Motor Mount Hole Diameter,dimension,5.0,4.95,5.05,5.0081,mm,False
SPC-MMB_HOLE_DIAMETER-060-3,2024-04-30,60,3,MMB-001,MMB_HOLE_DIAMETER,Motor Mount Hole Diameter,dimension,5.0,4.95,5.05,5.0134,mm,False
SPC-MMB_HOLE_DIAMETER-060-4,2024-04-30,60,4,MMB-001,MMB_HOLE_DIAMETER,Motor Mount Hole Diameter,dimension,5.0,4.95,5.05,4.9831,mm,False
SPC-MMB_HOLE_DIAMETER-060-5,2024-04-30,60,5,MMB-001,MMB_HOLE_DIAMETER,Motor Mount Hole Diameter,dimension,5.0,4.95,5.05,5.0123,mm,False
SPC-MMB_HOLE_DIAMETER-061-1,2024-05-02,61,1,MMB-001,MMB_HOLE_DIAMETER,Motor Mount Hole Diameter,dimension,5.0,4.95,5.05,4.9959,mm,False
SPC-MMB_HOLE_DIAMETER-061-2,2024-05-02,61,2,MMB-001,MMB_HOLE_DIAMETER,Motor Mount Hole Diameter,dimension,5.0,4.95,5.05,4.9929,mm,False
SPC-MMB_HOLE_DIAMETER-061-3,2024-05-02,61,3,MMB-001,MMB_HOLE_DIAMETER,Motor Mount Hole Diameter,dimension,5.0,4.95,5.05,5.0137,mm,False
SPC-MMB_HOLE_DIAMETER-061-4,2024-05-02,61,4,MMB-001,MMB_HOLE_DIAMETER,Motor Mount Hole Diameter,dimension,5.0,4.95,5.05,5.0233,mm,False
SPC-MMB_HOLE_DIAMETER-061-5,2024-05-02,61,5,MMB-001,MMB_HOLE_DIAMETER,Motor Mount Hole Diameter,dimension,5.0,4.95,5.05,5.0098,mm,False
SPC-MMB_HOLE_DIAMETER-062-1,2024-05-04,62,1,MMB-001,MMB_HOLE_DIAMETER,Motor Mount Hole Diameter,dimension,5.0,4.95,5.05,4.9921,mm,False
SPC-MMB_HOLE_DIAMETER-062-2,2024-05-04,62,2,MMB-001,MMB_HOLE_DIAMETER,Motor Mount Hole Diameter,dimension,5.0,4.95,5.05,5.0004,mm,False
SPC-MMB_HOLE_DIAMETER-062-3,2024-05-04,62,3,MMB-001,MMB_HOLE_DIAMETER,Motor Mount Hole Diameter,dimension,5.0,4.95,5.05,5.0034,mm,False
SPC-MMB_HOLE_DIAMETER-062-4,2024-05-04,62,4,MMB-001,MMB_HOLE_DIAMETER,Motor Mount Hole Diameter,dimension,5.0,4.95,5.05,5.0108,mm,False
SPC-MMB_HOLE_DIAMETER-062-5,2024-05-04,62,5,MMB-001,MMB_HOLE_DIAMETER,Motor Mount Hole Diameter,dimension,5.0,4.95,5.05,5.0075,mm,False
SPC-MMB_HOLE_DIAMETER-063-1,2024-05-06,63,1,MMB-001,MMB_HOLE_DIAMETER,Motor Mount Hole Diameter,dimension,5.0,4.95,5.05,5.0155,mm,False
SPC-MMB_HOLE_DIAMETER-063-2,2024-05-06,63,2,MMB-001,MMB_HOLE_DIAMETER,Motor Mount Hole Diameter,dimension,5.0,4.95,5.05,5.0216,mm,False
SPC-MMB_HOLE_DIAMETER-063-3,2024-05-06,63,3,MMB-001,MMB_HOLE_DIAMETER,Motor Mount Hole Diameter,dimension,5.0,4.95,5.05,5.0137,mm,False
SPC-MMB_HOLE_DIAMETER-063-4,2024-05-06,63,4,MMB-001,MMB_HOLE_DIAMETER,Motor Mount Hole Diameter,dimension,5.0,4.95,5.05,5.0204,mm,False
SPC-MMB_HOLE_DIAMETER-063-5,2024-05-06,63,5,MMB-001,MMB_HOLE_DIAMETER,Motor Mount Hole Diameter,dimension,5.0,4.95,5.05,5.0064,mm,False
SPC-MMB_HOLE_DIAMETER-064-1,2024-05-08,64,1,MMB-001,MMB_HOLE_DIAMETER,Motor Mount Hole Diameter,dimension,5.0,4.95,5.05,5.0504,mm,True
SPC-MMB_HOLE_DIAMETER-064-2,2024-05-08,64,2,MMB-001,MMB_HOLE_DIAMETER,Motor Mount Hole Diameter,dimension,5.0,4.95,5.05,5.0174,mm,False
SPC-MMB_HOLE_DIAMETER-064-3,2024-05-08,64,3,MMB-001,MMB_HOLE_DIAMETER,Motor Mount Hole Diameter,dimension,5.0,4.95,5.05,5.019,mm,False
SPC-MMB_HOLE_DIAMETER-064-4,2024-05-08,64,4,MMB-001,MMB_HOLE_DIAMETER,Motor Mount Hole Diameter,dimension,5.0,4.95,5.05,5.0319,mm,False
SPC-MMB_HOLE_DIAMETER-064-5,2024-05-08,64,5,MMB-001,MMB_HOLE_DIAMETER,Motor Mount Hole Diameter,dimension,5.0,4.95,5.05,5.0119,mm,False
SPC-MMB_HOLE_DIAMETER-065-1,2024-05-10,65,1,MMB-001,MMB_HOLE_DIAMETER,Motor Mount Hole Diameter,dimension,5.0,4.95,5.05,5.0043,mm,False
SPC-MMB_HOLE_DIAMETER-065-2,2024-05-10,65,2,MMB-001,MMB_HOLE_DIAMETER,Motor Mount Hole Diameter,dimension,5.0,4.95,5.05,5.0277,mm,False
SPC-MMB_HOLE_DIAMETER-065-3,2024-05-10,65,3,MMB-001,MMB_HOLE_DIAMETER,Motor Mount Hole Diameter,dimension,5.0,4.95,5.05,5.0284,mm,False
SPC-MMB_HOLE_DIAMETER-065-4,2024-05-10,65,4,MMB-001,MMB_HOLE_DIAMETER,Motor Mount Hole Diameter,dimension,5.0,4.95,5.05,5.0138,mm,False
SPC-MMB_HOLE_DIAMETER-065-5,2024-05-10,65,5,MMB-001,MMB_HOLE_DIAMETER,Motor Mount Hole Diameter,dimension,5.0,4.95,5.05,5.0331,mm,False
SPC-MMB_HOLE_DIAMETER-066-1,2024-05-12,66,1,MMB-001,MMB_HOLE_DIAMETER,Motor Mount Hole Diameter,dimension,5.0,4.95,5.05,5.0122,mm,False
SPC-MMB_HOLE_DIAMETER-066-2,2024-05-12,66,2,MMB-001,MMB_HOLE_DIAMETER,Motor Mount Hole Diameter,dimension,5.0,4.95,5.05,5.0244,mm,False
SPC-MMB_HOLE_DIAMETER-066-3,2024-05-12,66,3,MMB-001,MMB_HOLE_DIAMETER,Motor Mount Hole Diameter,dimension,5.0,4.95,5.05,5.0314,mm,False
SPC-MMB_HOLE_DIAMETER-066-4,2024-05-12,66,4,MMB-001,MMB_HOLE_DIAMETER,Motor Mount Hole Diameter,dimension,5.0,4.95,5.05,5.0144,mm,False
SPC-MMB_HOLE_DIAMETER-066-5,2024-05-12,66,5,MMB-001,MMB_HOLE_DIAMETER,Motor Mount Hole Diameter,dimension,5.0,4.95,5.05,5.0187,mm,False
SPC-MMB_HOLE_DIAMETER-067-1,2024-05-14,67,1,MMB-001,MMB_HOLE_DIAMETER,Motor Mount Hole Diameter,dimension,5.0,4.95,5.05,5.0267,mm,False
SPC-MMB_HOLE_DIAMETER-067-2,2024-05-14,67,2,MMB-001,MMB_HOLE_DIAMETER,Motor Mount Hole Diameter,dimension,5.0,4.95,5.05,5.01,mm,False
SPC-MMB_HOLE_DIAMETER-067-3,2024-05-14,67,3,MMB-001,MMB_HOLE_DIAMETER,Motor Mount Hole Diameter,dimension,5.0,4.95,5.05,5.0046,mm,False
SPC-MMB_HOLE_DIAMETER-067-4,2024-05-14,67,4,MMB-001,MMB_HOLE_DIAMETER,Motor Mount Hole Diameter,dimension,5.0,4.95,5.05,5.0304,mm,False
SPC-MMB_HOLE_DIAMETER-067-5,2024-05-14,67,5,MMB-001,MMB_HOLE_DIAMETER,Motor Mount Hole Diameter,dimension,5.0,4.95,5.05,5.0181,mm,False
SPC-MMB_HOLE_DIAMETER-068-1,2024-05-16,68,1,MMB-001,MMB_HOLE_DIAMETER,Motor Mount Hole Diameter,dimension,5.0,4.95,5.05,5.0095,mm,False
SPC-MMB_HOLE_DIAMETER-068-2,2024-05-16,68,2,MMB-001,MMB_HOLE_DIAMETER,Motor Mount Hole Diameter,dimension,5.0,4.95,5.05,5.0167,mm,False
SPC-MMB_HOLE_DIAMETER-068-3,2024-05-16,68,3,MMB-001,MMB_HOLE_DIAMETER,Motor Mount Hole Diameter,dimension,5.0,4.95,5.05,5.0217,mm,False
SPC-MMB_HOLE_DIAMETER-068-4,2024-05-16,68,4,MMB-001,MMB_HOLE_DIAMETER,Motor Mount Hole Diameter,dimension,5.0,4.95,5.05,4.9968,mm,False
SPC-MMB_HOLE_DIAMETER-068-5,2024-05-16,68,5,MMB-001,MMB_HOLE_DIAMETER,Motor Mount Hole Diameter,dimension,5.0,4.95,5.05,5.0242,mm,False
SPC-MMB_HOLE_DIAMETER-069-1,2024-05-18,69,1,MMB-001,MMB_HOLE_DIAMETER,Motor Mount Hole Diameter,dimension,5.0,4.95,5.05,5.0217,mm,False
SPC-MMB_HOLE_DIAMETER-069-2,2024-05-18,69,2,MMB-001,MMB_HOLE_DIAMETER,Motor Mount Hole Diameter,dimension,5.0,4.95,5.05,5.0367,mm,False
SPC-MMB_HOLE_DIAMETER-069-3,2024-05-18,69,3,MMB-001,MMB_HOLE_DIAMETER,Motor Mount Hole Diameter,dimension,5.0,4.95,5.05,5.0142,mm,False
SPC-MMB_HOLE_DIAMETER-069-4,2024-05-18,69,4,MMB-001,MMB_HOLE_DIAMETER,Motor Mount Hole Diameter,dimension,5.0,4.95,5.05,5.0333,mm,False
SPC-MMB_HOLE_DIAMETER-069-5,2024-05-18,69,5,MMB-001,MMB_HOLE_DIAMETER,Motor Mount Hole Diameter,dimension,5.0,4.95,5.05,5.0163,mm,False
SPC-MMB_HOLE_DIAMETER-070-1,2024-05-20,70,1,MMB-001,MMB_HOLE_DIAMETER,Motor Mount Hole Diameter,dimension,5.0,4.95,5.05,5.0197,mm,False
SPC-MMB_HOLE_DIAMETER-070-2,2024-05-20,70,2,MMB-001,MMB_HOLE_DIAMETER,Motor Mount Hole Diameter,dimension,5.0,4.95,5.05,5.0214,mm,False
SPC-MMB_HOLE_DIAMETER-070-3,2024-05-20,70,3,MMB-001,MMB_HOLE_DIAMETER,Motor Mount Hole Diameter,dimension,5.0,4.95,5.05,5.0431,mm,False
SPC-MMB_HOLE_DIAMETER-070-4,2024-05-20,70,4,MMB-001,MMB_HOLE_DIAMETER,Motor Mount Hole Diameter,dimension,5.0,4.95,5.05,5.0031,mm,False
SPC-MMB_HOLE_DIAMETER-070-5,2024-05-20,70,5,MMB-001,MMB_HOLE_DIAMETER,Motor Mount Hole Diameter,dimension,5.0,4.95,5.05,5.0239,mm,False
SPC-MMB_HOLE_DIAMETER-071-1,2024-05-22,71,1,MMB-001,MMB_HOLE_DIAMETER,Motor Mount Hole Diameter,dimension,5.0,4.95,5.05,5.0197,mm,False
SPC-MMB_HOLE_DIAMETER-071-2,2024-05-22,71,2,MMB-001,MMB_HOLE_DIAMETER,Motor Mount Hole Diameter,dimension,5.0,4.95,5.05,5.0189,mm,False
SPC-MMB_HOLE_DIAMETER-071-3,2024-05-22,71,3,MMB-001,MMB_HOLE_DIAMETER,Motor Mount Hole Diameter,dimension,5.0,4.95,5.05,5.0262,mm,False
SPC-MMB_HOLE_DIAMETER-071-4,2024-05-22,71,4,MMB-001,MMB_HOLE_DIAMETER,Motor Mount Hole Diameter,dimension,5.0,4.95,5.05,5.0325,mm,False
SPC-MMB_HOLE_DIAMETER-071-5,2024-05-22,71,5,MMB-001,MMB_HOLE_DIAMETER,Motor Mount Hole Diameter,dimension,5.0,4.95,5.05,5.0256,mm,False
SPC-MMB_HOLE_DIAMETER-072-1,2024-05-24,72,1,MMB-001,MMB_HOLE_DIAMETER,Motor Mount Hole Diameter,dimension,5.0,4.95,5.05,5.0352,mm,False
SPC-MMB_HOLE_DIAMETER-072-2,2024-05-24,72,2,MMB-001,MMB_HOLE_DIAMETER,Motor Mount Hole Diameter,dimension,5.0,4.95,5.05,5.0174,mm,False
SPC-MMB_HOLE_DIAMETER-072-3,2024-05-24,72,3,MMB-001,MMB_HOLE_DIAMETER,Motor Mount Hole Diameter,dimension,5.0,4.95,5.05,5.0198,mm,False
SPC-MMB_HOLE_DIAMETER-072-4,2024-05-24,72,4,MMB-001,MMB_HOLE_DIAMETER,Motor Mount Hole Diameter,dimension,5.0,4.95,5.05,5.0084,mm,False
SPC-MMB_HOLE_DIAMETER-072-5,2024-05-24,72,5,MMB-001,MMB_HOLE_DIAMETER,Motor Mount Hole Diameter,dimension,5.0,4.95,5.05,5.0442,mm,False
SPC-MMB_HOLE_DIAMETER-073-1,2024-05-26,73,1,MMB-001,MMB_HOLE_DIAMETER,Motor Mount Hole Diameter,dimension,5.0,4.95,5.05,5.0194,mm,False
SPC-MMB_HOLE_DIAMETER-073-2,2024-05-26,73,2,MMB-001,MMB_HOLE_DIAMETER,Motor Mount Hole Diameter,dimension,5.0,4.95,5.05,5.018,mm,False
SPC-MMB_HOLE_DIAMETER-073-3,2024-05-26,73,3,MMB-001,MMB_HOLE_DIAMETER,Motor Mount Hole Diameter,dimension,5.0,4.95,5.05,5.0289,mm,False
SPC-MMB_HOLE_DIAMETER-073-4,2024-05-26,73,4,MMB-001,MMB_HOLE_DIAMETER,Motor Mount Hole Diameter,dimension,5.0,4.95,5.05,5.0349,mm,False
SPC-MMB_HOLE_DIAMETER-073-5,2024-05-26,73,5,MMB-001,MMB_HOLE_DIAMETER,Motor Mount Hole Diameter,dimension,5.0,4.95,5.05,5.0133,mm,False
SPC-MMB_HOLE_DIAMETER-074-1,2024-05-28,74,1,MMB-001,MMB_HOLE_DIAMETER,Motor Mount Hole Diameter,dimension,5.0,4.95,5.05,5.037,mm,False
SPC-MMB_HOLE_DIAMETER-074-2,2024-05-28,74,2,MMB-001,MMB_HOLE_DIAMETER,Motor Mount Hole Diameter,dimension,5.0,4.95,5.05,5.0192,mm,False
SPC-MMB_HOLE_DIAMETER-074-3,2024-05-28,74,3,MMB-001,MMB_HOLE_DIAMETER,Motor Mount Hole Diameter,dimension,5.0,4.95,5.05,5.04,mm,False
SPC-MMB_HOLE_DIAMETER-074-4,2024-05-28,74,4,MMB-001,MMB_HOLE_DIAMETER,Motor Mount Hole Diameter,dimension,5.0,4.95,5.05,5.0163,mm,False
SPC-MMB_HOLE_DIAMETER-074-5,2024-05-28,74,5,MMB-001,MMB_HOLE_DIAMETER,Motor Mount Hole Diameter,dimension,5.0,4.95,5.05,5.0316,mm,False
SPC-MMB_HOLE_DIAMETER-075-1,2024-05-30,75,1,MMB-001,MMB_HOLE_DIAMETER,Motor Mount Hole Diameter,dimension,5.0,4.95,5.05,5.0245,mm,False
SPC-MMB_HOLE_DIAMETER-075-2,2024-05-30,75,2,MMB-001,MMB_HOLE_DIAMETER,Motor Mount Hole Diameter,dimension,5.0,4.95,5.05,5.0105,mm,False
SPC-MMB_HOLE_DIAMETER-075-3,2024-05-30,75,3,MMB-001,MMB_HOLE_DIAMETER,Motor Mount Hole Diameter,dimension,5.0,4.95,5.05,5.007,mm,False
SPC-MMB_HOLE_DIAMETER-075-4,2024-05-30,75,4,MMB-001,MMB_HOLE_DIAMETER,Motor Mount Hole Diameter,dimension,5.0,4.95,5.05,5.0151,mm,False
SPC-MMB_HOLE_DIAMETER-075-5,2024-05-30,75,5,MMB-001,MMB_HOLE_DIAMETER,Motor Mount Hole Diameter,dimension,5.0,4.95,5.05,5.0359,mm,False
SPC-MMB_HOLE_DIAMETER-076-1,2024-06-01,76,1,MMB-001,MMB_HOLE_DIAMETER,Motor Mount Hole Diameter,dimension,5.0,4.95,5.05,5.0019,mm,False
SPC-MMB_HOLE_DIAMETER-076-2,2024-06-01,76,2,MMB-001,MMB_HOLE_DIAMETER,Motor Mount Hole Diameter,dimension,5.0,4.95,5.05,5.0292,mm,False
SPC-MMB_HOLE_DIAMETER-076-3,2024-06-01,76,3,MMB-001,MMB_HOLE_DIAMETER,Motor Mount Hole Diameter,dimension,5.0,4.95,5.05,5.0282,mm,False
SPC-MMB_HOLE_DIAMETER-076-4,2024-06-01,76,4,MMB-001,MMB_HOLE_DIAMETER,Motor Mount Hole Diameter,dimension,5.0,4.95,5.05,5.005,mm,False
SPC-MMB_HOLE_DIAMETER-076-5,2024-06-01,76,5,MMB-001,MMB_HOLE_DIAMETER,Motor Mount Hole Diameter,dimension,5.0,4.95,5.05,5.0156,mm,False
SPC-MMB_HOLE_DIAMETER-077-1,2024-06-03,77,1,MMB-001,MMB_HOLE_DIAMETER,Motor Mount Hole Diameter,dimension,5.0,4.95,5.05,5.0168,mm,False
SPC-MMB_HOLE_DIAMETER-077-2,2024-06-03,77,2,MMB-001,MMB_HOLE_DIAMETER,Motor Mount Hole Diameter,dimension,5.0,4.95,5.05,5.027,mm,False
SPC-MMB_HOLE_DIAMETER-077-3,2024-06-03,77,3,MMB-001,MMB_HOLE_DIAMETER,Motor Mount Hole Diameter,dimension,5.0,4.95,5.05,5.044,mm,False
SPC-MMB_HOLE_DIAMETER-077-4,2024-06-03,77,4,MMB-001,MMB_HOLE_DIAMETER,Motor Mount Hole Diameter,dimension,5.0,4.95,5.05,5.0393,mm,False
SPC-MMB_HOLE_DIAMETER-077-5,2024-06-03,77,5,MMB-001,MMB_HOLE_DIAMETER,Motor Mount Hole Diameter,dimension,5.0,4.95,5.05,5.0221,mm,False
SPC-MMB_HOLE_DIAMETER-078-1,2024-06-05,78,1,MMB-001,MMB_HOLE_DIAMETER,Motor Mount Hole Diameter,dimension,5.0,4.95,5.05,5.0176,mm,False
SPC-MMB_HOLE_DIAMETER-078-2,2024-06-05,78,2,MMB-001,MMB_HOLE_DIAMETER,Motor Mount Hole Diameter,dimension,5.0,4.95,5.05,5.0089,mm,False
SPC-MMB_HOLE_DIAMETER-078-3,2024-06-05,78,3,MMB-001,MMB_HOLE_DIAMETER,Motor Mount Hole Diameter,dimension,5.0,4.95,5.05,5.0231,mm,False
SPC-MMB_HOLE_DIAMETER-078-4,2024-06-05,78,4,MMB-001,MMB_HOLE_DIAMETER,Motor Mount Hole Diameter,dimension,5.0,4.95,5.05,5.0168,mm,False
SPC-MMB_HOLE_DIAMETER-078-5,2024-06-05,78,5,MMB-001,MMB_HOLE_DIAMETER,Motor Mount Hole Diameter,dimension,5.0,4.95,5.05,5.0272,mm,False
SPC-MMB_HOLE_DIAMETER-079-1,2024-06-07,79,1,MMB-001,MMB_HOLE_DIAMETER,Motor Mount Hole Diameter,dimension,5.0,4.95,5.05,5.0288,mm,False
SPC-MMB_HOLE_DIAMETER-079-2,2024-06-07,79,2,MMB-001,MMB_HOLE_DIAMETER,Motor Mount Hole Diameter,dimension,5.0,4.95,5.05,5.0231,mm,False
SPC-MMB_HOLE_DIAMETER-079-3,2024-06-07,79,3,MMB-001,MMB_HOLE_DIAMETER,Motor Mount Hole Diameter,dimension,5.0,4.95,5.05,5.0233,mm,False
SPC-MMB_HOLE_DIAMETER-079-4,2024-06-07,79,4,MMB-001,MMB_HOLE_DIAMETER,Motor Mount Hole Diameter,dimension,5.0,4.95,5.05,5.0205,mm,False
SPC-MMB_HOLE_DIAMETER-079-5,2024-06-07,79,5,MMB-001,MMB_HOLE_DIAMETER,Motor Mount Hole Diameter,dimension,5.0,4.95,5.05,5.0227,mm,False
SPC-MMB_HOLE_DIAMETER-080-1,2024-06-09,80,1,MMB-001,MMB_HOLE_DIAMETER,Motor Mount Hole Diameter,dimension,5.0,4.95,5.05,5.0472,mm,False
SPC-MMB_HOLE_DIAMETER-080-2,2024-06-09,80,2,MMB-001,MMB_HOLE_DIAMETER,Motor Mount Hole Diameter,dimension,5.0,4.95,5.05,5.0362,mm,False
SPC-MMB_HOLE_DIAMETER-080-3,2024-06-09,80,3,MMB-001,MMB_HOLE_DIAMETER,Motor Mount Hole Diameter,dimension,5.0,4.95,5.05,5.0364,mm,False
SPC-MMB_HOLE_DIAMETER-080-4,2024-06-09,80,4,MMB-001,MMB_HOLE_DIAMETER,Motor Mount Hole Diameter,dimension,5.0,4.95,5.05,5.0421,mm,False
SPC-MMB_HOLE_DIAMETER-080-5,2024-06-09,80,5,MMB-001,MMB_HOLE_DIAMETER,Motor Mount Hole Diameter,dimension,5.0,4.95,5.05,5.0411,mm,False
SPC-MMB_HOLE_DIAMETER-081-1,2024-06-11,81,1,MMB-001,MMB_HOLE_DIAMETER,Motor Mount Hole Diameter,dimension,5.0,4.95,5.05,5.0483,mm,False
SPC-MMB_HOLE_DIAMETER-081-2,2024-06-11,81,2,MMB-001,MMB_HOLE_DIAMETER,Motor Mount Hole Diameter,dimension,5.0,4.95,5.05,5.0383,mm,False
SPC-MMB_HOLE_DIAMETER-081-3,2024-06-11,81,3,MMB-001,MMB_HOLE_DIAMETER,Motor Mount Hole Diameter,dimension,5.0,4.95,5.05,5.0337,mm,False
SPC-MMB_HOLE_DIAMETER-081-4,2024-06-11,81,4,MMB-001,MMB_HOLE_DIAMETER,Motor Mount Hole Diameter,dimension,5.0,4.95,5.05,5.0241,mm,False
SPC-MMB_HOLE_DIAMETER-081-5,2024-06-11,81,5,MMB-001,MMB_HOLE_DIAMETER,Motor Mount Hole Diameter,dimension,5.0,4.95,5.05,5.0213,mm,False
SPC-MMB_HOLE_DIAMETER-082-1,2024-06-13,82,1,MMB-001,MMB_HOLE_DIAMETER,Motor Mount Hole Diameter,dimension,5.0,4.95,5.05,5.043,mm,False
SPC-MMB_HOLE_DIAMETER-082-2,2024-06-13,82,2,MMB-001,MMB_HOLE_DIAMETER,Motor Mount Hole Diameter,dimension,5.0,4.95,5.05,5.0311,mm,False
SPC-MMB_HOLE_DIAMETER-082-3,2024-06-13,82,3,MMB-001,MMB_HOLE_DIAMETER,Motor Mount Hole Diameter,dimension,5.0,4.95,5.05,5.0161,mm,False
SPC-MMB_HOLE_DIAMETER-082-4,2024-06-13,82,4,MMB-001,MMB_HOLE_DIAMETER,Motor Mount Hole Diameter,dimension,5.0,4.95,5.05,5.0073,mm,False
SPC-MMB_HOLE_DIAMETER-082-5,2024-06-13,82,5,MMB-001,MMB_HOLE_DIAMETER,Motor Mount Hole Diameter,dimension,5.0,4.95,5.05,5.0582,mm,True
SPC-MMB_HOLE_DIAMETER-083-1,2024-06-15,83,1,MMB-001,MMB_HOLE_DIAMETER,Motor Mount Hole Diameter,dimension,5.0,4.95,5.05,5.0218,mm,False
SPC-MMB_HOLE_DIAMETER-083-2,2024-06-15,83,2,MMB-001,MMB_HOLE_DIAMETER,Motor Mount Hole Diameter,dimension,5.0,4.95,5.05,5.0254,mm,False
SPC-MMB_HOLE_DIAMETER-083-3,2024-06-15,83,3,MMB-001,MMB_HOLE_DIAMETER,Motor Mount Hole Diameter,dimension,5.0,4.95,5.05,5.0483,mm,False
SPC-MMB_HOLE_DIAMETER-083-4,2024-06-15,83,4,MMB-001,MMB_HOLE_DIAMETER,Motor Mount Hole Diameter,dimension,5.0,4.95,5.05,5.0191,mm,False
SPC-MMB_HOLE_DIAMETER-083-5,2024-06-15,83,5,MMB-001,MMB_HOLE_DIAMETER,Motor Mount Hole Diameter,dimension,5.0,4.95,5.05,5.04,mm,False
SPC-MMB_HOLE_DIAMETER-084-1,2024-06-17,84,1,MMB-001,MMB_HOLE_DIAMETER,Motor Mount Hole Diameter,dimension,5.0,4.95,5.05,5.0567,mm,True
SPC-MMB_HOLE_DIAMETER-084-2,2024-06-17,84,2,MMB-001,MMB_HOLE_DIAMETER,Motor Mount Hole Diameter,dimension,5.0,4.95,5.05,5.0602,mm,True
SPC-MMB_HOLE_DIAMETER-084-3,2024-06-17,84,3,MMB-001,MMB_HOLE_DIAMETER,Motor Mount Hole Diameter,dimension,5.0,4.95,5.05,5.0294,mm,False
SPC-MMB_HOLE_DIAMETER-084-4,2024-06-17,84,4,MMB-001,MMB_HOLE_DIAMETER,Motor Mount Hole Diameter,dimension,5.0,4.95,5.05,5.0347,mm,False
SPC-MMB_HOLE_DIAMETER-084-5,2024-06-17,84,5,MMB-001,MMB_HOLE_DIAMETER,Motor Mount Hole Diameter,dimension,5.0,4.95,5.05,5.03,mm,False
SPC-MMB_HOLE_DIAMETER-085-1,2024-06-19,85,1,MMB-001,MMB_HOLE_DIAMETER,Motor Mount Hole Diameter,dimension,5.0,4.95,5.05,5.0358,mm,False
SPC-MMB_HOLE_DIAMETER-085-2,2024-06-19,85,2,MMB-001,MMB_HOLE_DIAMETER,Motor Mount Hole Diameter,dimension,5.0,4.95,5.05,5.0516,mm,True
SPC-MMB_HOLE_DIAMETER-085-3,2024-06-19,85,3,MMB-001,MMB_HOLE_DIAMETER,Motor Mount Hole Diameter,dimension,5.0,4.95,5.05,5.0192,mm,False
SPC-MMB_HOLE_DIAMETER-085-4,2024-06-19,85,4,MMB-001,MMB_HOLE_DIAMETER,Motor Mount Hole Diameter,dimension,5.0,4.95,5.05,5.0438,mm,False
SPC-MMB_HOLE_DIAMETER-085-5,2024-06-19,85,5,MMB-001,MMB_HOLE_DIAMETER,Motor Mount Hole Diameter,dimension,5.0,4.95,5.05,5.0337,mm,False
SPC-MMB_HOLE_DIAMETER-086-1,2024-06-21,86,1,MMB-001,MMB_HOLE_DIAMETER,Motor Mount Hole Diameter,dimension,5.0,4.95,5.05,5.0536,mm,True
SPC-MMB_HOLE_DIAMETER-086-2,2024-06-21,86,2,MMB-001,MMB_HOLE_DIAMETER,Motor Mount Hole Diameter,dimension,5.0,4.95,5.05,5.053,mm,True
SPC-MMB_HOLE_DIAMETER-086-3,2024-06-21,86,3,MMB-001,MMB_HOLE_DIAMETER,Motor Mount Hole Diameter,dimension,5.0,4.95,5.05,5.0323,mm,False
SPC-MMB_HOLE_DIAMETER-086-4,2024-06-21,86,4,MMB-001,MMB_HOLE_DIAMETER,Motor Mount Hole Diameter,dimension,5.0,4.95,5.05,5.0359,mm,False
SPC-MMB_HOLE_DIAMETER-086-5,2024-06-21,86,5,MMB-001,MMB_HOLE_DIAMETER,Motor Mount Hole Diameter,dimension,5.0,4.95,5.05,5.0479,mm,False
SPC-MMB_HOLE_DIAMETER-087-1,2024-06-23,87,1,MMB-001,MMB_HOLE_DIAMETER,Motor Mount Hole Diameter,dimension,5.0,4.95,5.05,5.0502,mm,True
SPC-MMB_HOLE_DIAMETER-087-2,2024-06-23,87,2,MMB-001,MMB_HOLE_DIAMETER,Motor Mount Hole Diameter,dimension,5.0,4.95,5.05,5.0087,mm,False
SPC-MMB_HOLE_DIAMETER-087-3,2024-06-23,87,3,MMB-001,MMB_HOLE_DIAMETER,Motor Mount Hole Diameter,dimension,5.0,4.95,5.05,5.0491,mm,False
SPC-MMB_HOLE_DIAMETER-087-4,2024-06-23,87,4,MMB-001,MMB_HOLE_DIAMETER,Motor Mount Hole Diameter,dimension,5.0,4.95,5.05,5.0582,mm,True
SPC-MMB_HOLE_DIAMETER-087-5,2024-06-23,87,5,MMB-001,MMB_HOLE_DIAMETER,Motor Mount Hole Diameter,dimension,5.0,4.95,5.05,5.0415,mm,False
SPC-MMB_HOLE_DIAMETER-088-1,2024-06-25,88,1,MMB-001,MMB_HOLE_DIAMETER,Motor Mount Hole Diameter,dimension,5.0,4.95,5.05,5.051,mm,True
SPC-MMB_HOLE_DIAMETER-088-2,2024-06-25,88,2,MMB-001,MMB_HOLE_DIAMETER,Motor Mount Hole Diameter,dimension,5.0,4.95,5.05,5.0549,mm,True
SPC-MMB_HOLE_DIAMETER-088-3,2024-06-25,88,3,MMB-001,MMB_HOLE_DIAMETER,Motor Mount Hole Diameter,dimension,5.0,4.95,5.05,5.0423,mm,False
SPC-MMB_HOLE_DIAMETER-088-4,2024-06-25,88,4,MMB-001,MMB_HOLE_DIAMETER,Motor Mount Hole Diameter,dimension,5.0,4.95,5.05,5.0494,mm,False
SPC-MMB_HOLE_DIAMETER-088-5,2024-06-25,88,5,MMB-001,MMB_HOLE_DIAMETER,Motor Mount Hole Diameter,dimension,5.0,4.95,5.05,5.0398,mm,False
SPC-MMB_HOLE_DIAMETER-089-1,2024-06-27,89,1,MMB-001,MMB_HOLE_DIAMETER,Motor Mount Hole Diameter,dimension,5.0,4.95,5.05,5.0402,mm,False
SPC-MMB_HOLE_DIAMETER-089-2,2024-06-27,89,2,MMB-001,MMB_HOLE_DIAMETER,Motor Mount Hole Diameter,dimension,5.0,4.95,5.05,5.0329,mm,False
SPC-MMB_HOLE_DIAMETER-089-3,2024-06-27,89,3,MMB-001,MMB_HOLE_DIAMETER,Motor Mount Hole Diameter,dimension,5.0,4.95,5.05,5.0429,mm,False
SPC-MMB_HOLE_DIAMETER-089-4,2024-06-27,89,4,MMB-001,MMB_HOLE_DIAMETER,Motor Mount Hole Diameter,dimension,5.0,4.95,5.05,5.0634,mm,True
SPC-MMB_HOLE_DIAMETER-089-5,2024-06-27,89,5,MMB-001,MMB_HOLE_DIAMETER,Motor Mount Hole Diameter,dimension,5.0,4.95,5.05,5.03,mm,False
SPC-MMB_HOLE_DIAMETER-090-1,2024-06-29,90,1,MMB-001,MMB_HOLE_DIAMETER,Motor Mount Hole Diameter,dimension,5.0,4.95,5.05,5.0494,mm,False
SPC-MMB_HOLE_DIAMETER-090-2,2024-06-29,90,2,MMB-001,MMB_HOLE_DIAMETER,Motor Mount Hole Diameter,dimension,5.0,4.95,5.05,5.0459,mm,False
SPC-MMB_HOLE_DIAMETER-090-3,2024-06-29,90,3,MMB-001,MMB_HOLE_DIAMETER,Motor Mount Hole Diameter,dimension,5.0,4.95,5.05,5.0597,mm,True
SPC-MMB_HOLE_DIAMETER-090-4,2024-06-29,90,4,MMB-001,MMB_HOLE_DIAMETER,Motor Mount Hole Diameter,dimension,5.0,4.95,5.05,5.062,mm,True
SPC-MMB_HOLE_DIAMETER-090-5,2024-06-29,90,5,MMB-001,MMB_HOLE_DIAMETER,Motor Mount Hole Diameter,dimension,5.0,4.95,5.05,5.0309,mm,False
SPC-MMB_BRACKET_THICKNESS-001-1,2024-01-03,1,1,MMB-001,MMB_BRACKET_THICKNESS,Motor Mount Bracket Thickness,dimension,6.0,5.9,6.1,5.9856,mm,False
SPC-MMB_BRACKET_THICKNESS-001-2,2024-01-03,1,2,MMB-001,MMB_BRACKET_THICKNESS,Motor Mount Bracket Thickness,dimension,6.0,5.9,6.1,5.987,mm,False
SPC-MMB_BRACKET_THICKNESS-001-3,2024-01-03,1,3,MMB-001,MMB_BRACKET_THICKNESS,Motor Mount Bracket Thickness,dimension,6.0,5.9,6.1,5.9879,mm,False
SPC-MMB_BRACKET_THICKNESS-001-4,2024-01-03,1,4,MMB-001,MMB_BRACKET_THICKNESS,Motor Mount Bracket Thickness,dimension,6.0,5.9,6.1,5.99,mm,False
SPC-MMB_BRACKET_THICKNESS-001-5,2024-01-03,1,5,MMB-001,MMB_BRACKET_THICKNESS,Motor Mount Bracket Thickness,dimension,6.0,5.9,6.1,6.0087,mm,False
SPC-MMB_BRACKET_THICKNESS-002-1,2024-01-05,2,1,MMB-001,MMB_BRACKET_THICKNESS,Motor Mount Bracket Thickness,dimension,6.0,5.9,6.1,5.9787,mm,False
SPC-MMB_BRACKET_THICKNESS-002-2,2024-01-05,2,2,MMB-001,MMB_BRACKET_THICKNESS,Motor Mount Bracket Thickness,dimension,6.0,5.9,6.1,5.9822,mm,False
SPC-MMB_BRACKET_THICKNESS-002-3,2024-01-05,2,3,MMB-001,MMB_BRACKET_THICKNESS,Motor Mount Bracket Thickness,dimension,6.0,5.9,6.1,5.9802,mm,False
SPC-MMB_BRACKET_THICKNESS-002-4,2024-01-05,2,4,MMB-001,MMB_BRACKET_THICKNESS,Motor Mount Bracket Thickness,dimension,6.0,5.9,6.1,6.0123,mm,False
SPC-MMB_BRACKET_THICKNESS-002-5,2024-01-05,2,5,MMB-001,MMB_BRACKET_THICKNESS,Motor Mount Bracket Thickness,dimension,6.0,5.9,6.1,5.9984,mm,False
SPC-MMB_BRACKET_THICKNESS-003-1,2024-01-07,3,1,MMB-001,MMB_BRACKET_THICKNESS,Motor Mount Bracket Thickness,dimension,6.0,5.9,6.1,5.994,mm,False
SPC-MMB_BRACKET_THICKNESS-003-2,2024-01-07,3,2,MMB-001,MMB_BRACKET_THICKNESS,Motor Mount Bracket Thickness,dimension,6.0,5.9,6.1,5.979,mm,False
SPC-MMB_BRACKET_THICKNESS-003-3,2024-01-07,3,3,MMB-001,MMB_BRACKET_THICKNESS,Motor Mount Bracket Thickness,dimension,6.0,5.9,6.1,5.9599,mm,False
SPC-MMB_BRACKET_THICKNESS-003-4,2024-01-07,3,4,MMB-001,MMB_BRACKET_THICKNESS,Motor Mount Bracket Thickness,dimension,6.0,5.9,6.1,6.0408,mm,False
SPC-MMB_BRACKET_THICKNESS-003-5,2024-01-07,3,5,MMB-001,MMB_BRACKET_THICKNESS,Motor Mount Bracket Thickness,dimension,6.0,5.9,6.1,5.9928,mm,False
SPC-MMB_BRACKET_THICKNESS-004-1,2024-01-09,4,1,MMB-001,MMB_BRACKET_THICKNESS,Motor Mount Bracket Thickness,dimension,6.0,5.9,6.1,6.0678,mm,False
SPC-MMB_BRACKET_THICKNESS-004-2,2024-01-09,4,2,MMB-001,MMB_BRACKET_THICKNESS,Motor Mount Bracket Thickness,dimension,6.0,5.9,6.1,6.0193,mm,False
SPC-MMB_BRACKET_THICKNESS-004-3,2024-01-09,4,3,MMB-001,MMB_BRACKET_THICKNESS,Motor Mount Bracket Thickness,dimension,6.0,5.9,6.1,6.0457,mm,False
SPC-MMB_BRACKET_THICKNESS-004-4,2024-01-09,4,4,MMB-001,MMB_BRACKET_THICKNESS,Motor Mount Bracket Thickness,dimension,6.0,5.9,6.1,6.0248,mm,False
SPC-MMB_BRACKET_THICKNESS-004-5,2024-01-09,4,5,MMB-001,MMB_BRACKET_THICKNESS,Motor Mount Bracket Thickness,dimension,6.0,5.9,6.1,6.004,mm,False
SPC-MMB_BRACKET_THICKNESS-005-1,2024-01-11,5,1,MMB-001,MMB_BRACKET_THICKNESS,Motor Mount Bracket Thickness,dimension,6.0,5.9,6.1,5.9851,mm,False
SPC-MMB_BRACKET_THICKNESS-005-2,2024-01-11,5,2,MMB-001,MMB_BRACKET_THICKNESS,Motor Mount Bracket Thickness,dimension,6.0,5.9,6.1,5.9756,mm,False
SPC-MMB_BRACKET_THICKNESS-005-3,2024-01-11,5,3,MMB-001,MMB_BRACKET_THICKNESS,Motor Mount Bracket Thickness,dimension,6.0,5.9,6.1,6.028,mm,False
SPC-MMB_BRACKET_THICKNESS-005-4,2024-01-11,5,4,MMB-001,MMB_BRACKET_THICKNESS,Motor Mount Bracket Thickness,dimension,6.0,5.9,6.1,6.0066,mm,False
SPC-MMB_BRACKET_THICKNESS-005-5,2024-01-11,5,5,MMB-001,MMB_BRACKET_THICKNESS,Motor Mount Bracket Thickness,dimension,6.0,5.9,6.1,6.0154,mm,False
SPC-MMB_BRACKET_THICKNESS-006-1,2024-01-13,6,1,MMB-001,MMB_BRACKET_THICKNESS,Motor Mount Bracket Thickness,dimension,6.0,5.9,6.1,6.0204,mm,False
SPC-MMB_BRACKET_THICKNESS-006-2,2024-01-13,6,2,MMB-001,MMB_BRACKET_THICKNESS,Motor Mount Bracket Thickness,dimension,6.0,5.9,6.1,6.0089,mm,False
SPC-MMB_BRACKET_THICKNESS-006-3,2024-01-13,6,3,MMB-001,MMB_BRACKET_THICKNESS,Motor Mount Bracket Thickness,dimension,6.0,5.9,6.1,5.9882,mm,False
SPC-MMB_BRACKET_THICKNESS-006-4,2024-01-13,6,4,MMB-001,MMB_BRACKET_THICKNESS,Motor Mount Bracket Thickness,dimension,6.0,5.9,6.1,6.0253,mm,False
SPC-MMB_BRACKET_THICKNESS-006-5,2024-01-13,6,5,MMB-001,MMB_BRACKET_THICKNESS,Motor Mount Bracket Thickness,dimension,6.0,5.9,6.1,5.995,mm,False
SPC-MMB_BRACKET_THICKNESS-007-1,2024-01-15,7,1,MMB-001,MMB_BRACKET_THICKNESS,Motor Mount Bracket Thickness,dimension,6.0,5.9,6.1,6.0023,mm,False
SPC-MMB_BRACKET_THICKNESS-007-2,2024-01-15,7,2,MMB-001,MMB_BRACKET_THICKNESS,Motor Mount Bracket Thickness,dimension,6.0,5.9,6.1,6.0179,mm,False
SPC-MMB_BRACKET_THICKNESS-007-3,2024-01-15,7,3,MMB-001,MMB_BRACKET_THICKNESS,Motor Mount Bracket Thickness,dimension,6.0,5.9,6.1,5.9985,mm,False
SPC-MMB_BRACKET_THICKNESS-007-4,2024-01-15,7,4,MMB-001,MMB_BRACKET_THICKNESS,Motor Mount Bracket Thickness,dimension,6.0,5.9,6.1,5.9546,mm,False
SPC-MMB_BRACKET_THICKNESS-007-5,2024-01-15,7,5,MMB-001,MMB_BRACKET_THICKNESS,Motor Mount Bracket Thickness,dimension,6.0,5.9,6.1,6.026,mm,False
SPC-MMB_BRACKET_THICKNESS-008-1,2024-01-17,8,1,MMB-001,MMB_BRACKET_THICKNESS,Motor Mount Bracket Thickness,dimension,6.0,5.9,6.1,6.0314,mm,False
SPC-MMB_BRACKET_THICKNESS-008-2,2024-01-17,8,2,MMB-001,MMB_BRACKET_THICKNESS,Motor Mount Bracket Thickness,dimension,6.0,5.9,6.1,5.9542,mm,False
SPC-MMB_BRACKET_THICKNESS-008-3,2024-01-17,8,3,MMB-001,MMB_BRACKET_THICKNESS,Motor Mount Bracket Thickness,dimension,6.0,5.9,6.1,5.9739,mm,False
SPC-MMB_BRACKET_THICKNESS-008-4,2024-01-17,8,4,MMB-001,MMB_BRACKET_THICKNESS,Motor Mount Bracket Thickness,dimension,6.0,5.9,6.1,6.0506,mm,False
SPC-MMB_BRACKET_THICKNESS-008-5,2024-01-17,8,5,MMB-001,MMB_BRACKET_THICKNESS,Motor Mount Bracket Thickness,dimension,6.0,5.9,6.1,6.0058,mm,False
SPC-MMB_BRACKET_THICKNESS-009-1,2024-01-19,9,1,MMB-001,MMB_BRACKET_THICKNESS,Motor Mount Bracket Thickness,dimension,6.0,5.9,6.1,6.0001,mm,False
SPC-MMB_BRACKET_THICKNESS-009-2,2024-01-19,9,2,MMB-001,MMB_BRACKET_THICKNESS,Motor Mount Bracket Thickness,dimension,6.0,5.9,6.1,5.9893,mm,False
SPC-MMB_BRACKET_THICKNESS-009-3,2024-01-19,9,3,MMB-001,MMB_BRACKET_THICKNESS,Motor Mount Bracket Thickness,dimension,6.0,5.9,6.1,5.9742,mm,False
SPC-MMB_BRACKET_THICKNESS-009-4,2024-01-19,9,4,MMB-001,MMB_BRACKET_THICKNESS,Motor Mount Bracket Thickness,dimension,6.0,5.9,6.1,5.9951,mm,False
SPC-MMB_BRACKET_THICKNESS-009-5,2024-01-19,9,5,MMB-001,MMB_BRACKET_THICKNESS,Motor Mount Bracket Thickness,dimension,6.0,5.9,6.1,6.0244,mm,False
SPC-MMB_BRACKET_THICKNESS-010-1,2024-01-21,10,1,MMB-001,MMB_BRACKET_THICKNESS,Motor Mount Bracket Thickness,dimension,6.0,5.9,6.1,5.9996,mm,False
SPC-MMB_BRACKET_THICKNESS-010-2,2024-01-21,10,2,MMB-001,MMB_BRACKET_THICKNESS,Motor Mount Bracket Thickness,dimension,6.0,5.9,6.1,6.0153,mm,False
SPC-MMB_BRACKET_THICKNESS-010-3,2024-01-21,10,3,MMB-001,MMB_BRACKET_THICKNESS,Motor Mount Bracket Thickness,dimension,6.0,5.9,6.1,6.0441,mm,False
SPC-MMB_BRACKET_THICKNESS-010-4,2024-01-21,10,4,MMB-001,MMB_BRACKET_THICKNESS,Motor Mount Bracket Thickness,dimension,6.0,5.9,6.1,5.9855,mm,False
SPC-MMB_BRACKET_THICKNESS-010-5,2024-01-21,10,5,MMB-001,MMB_BRACKET_THICKNESS,Motor Mount Bracket Thickness,dimension,6.0,5.9,6.1,6.0076,mm,False
SPC-MMB_BRACKET_THICKNESS-011-1,2024-01-23,11,1,MMB-001,MMB_BRACKET_THICKNESS,Motor Mount Bracket Thickness,dimension,6.0,5.9,6.1,6.0251,mm,False
SPC-MMB_BRACKET_THICKNESS-011-2,2024-01-23,11,2,MMB-001,MMB_BRACKET_THICKNESS,Motor Mount Bracket Thickness,dimension,6.0,5.9,6.1,5.9767,mm,False
SPC-MMB_BRACKET_THICKNESS-011-3,2024-01-23,11,3,MMB-001,MMB_BRACKET_THICKNESS,Motor Mount Bracket Thickness,dimension,6.0,5.9,6.1,6.0045,mm,False
SPC-MMB_BRACKET_THICKNESS-011-4,2024-01-23,11,4,MMB-001,MMB_BRACKET_THICKNESS,Motor Mount Bracket Thickness,dimension,6.0,5.9,6.1,6.0468,mm,False
SPC-MMB_BRACKET_THICKNESS-011-5,2024-01-23,11,5,MMB-001,MMB_BRACKET_THICKNESS,Motor Mount Bracket Thickness,dimension,6.0,5.9,6.1,5.9915,mm,False
SPC-MMB_BRACKET_THICKNESS-012-1,2024-01-25,12,1,MMB-001,MMB_BRACKET_THICKNESS,Motor Mount Bracket Thickness,dimension,6.0,5.9,6.1,6.0267,mm,False
SPC-MMB_BRACKET_THICKNESS-012-2,2024-01-25,12,2,MMB-001,MMB_BRACKET_THICKNESS,Motor Mount Bracket Thickness,dimension,6.0,5.9,6.1,5.9965,mm,False
SPC-MMB_BRACKET_THICKNESS-012-3,2024-01-25,12,3,MMB-001,MMB_BRACKET_THICKNESS,Motor Mount Bracket Thickness,dimension,6.0,5.9,6.1,6.045,mm,False
SPC-MMB_BRACKET_THICKNESS-012-4,2024-01-25,12,4,MMB-001,MMB_BRACKET_THICKNESS,Motor Mount Bracket Thickness,dimension,6.0,5.9,6.1,5.9589,mm,False
SPC-MMB_BRACKET_THICKNESS-012-5,2024-01-25,12,5,MMB-001,MMB_BRACKET_THICKNESS,Motor Mount Bracket Thickness,dimension,6.0,5.9,6.1,6.0016,mm,False
SPC-MMB_BRACKET_THICKNESS-013-1,2024-01-27,13,1,MMB-001,MMB_BRACKET_THICKNESS,Motor Mount Bracket Thickness,dimension,6.0,5.9,6.1,5.963,mm,False
SPC-MMB_BRACKET_THICKNESS-013-2,2024-01-27,13,2,MMB-001,MMB_BRACKET_THICKNESS,Motor Mount Bracket Thickness,dimension,6.0,5.9,6.1,5.9825,mm,False
SPC-MMB_BRACKET_THICKNESS-013-3,2024-01-27,13,3,MMB-001,MMB_BRACKET_THICKNESS,Motor Mount Bracket Thickness,dimension,6.0,5.9,6.1,5.9823,mm,False
SPC-MMB_BRACKET_THICKNESS-013-4,2024-01-27,13,4,MMB-001,MMB_BRACKET_THICKNESS,Motor Mount Bracket Thickness,dimension,6.0,5.9,6.1,5.9933,mm,False
SPC-MMB_BRACKET_THICKNESS-013-5,2024-01-27,13,5,MMB-001,MMB_BRACKET_THICKNESS,Motor Mount Bracket Thickness,dimension,6.0,5.9,6.1,5.9703,mm,False
SPC-MMB_BRACKET_THICKNESS-014-1,2024-01-29,14,1,MMB-001,MMB_BRACKET_THICKNESS,Motor Mount Bracket Thickness,dimension,6.0,5.9,6.1,5.9982,mm,False
SPC-MMB_BRACKET_THICKNESS-014-2,2024-01-29,14,2,MMB-001,MMB_BRACKET_THICKNESS,Motor Mount Bracket Thickness,dimension,6.0,5.9,6.1,6.0115,mm,False
SPC-MMB_BRACKET_THICKNESS-014-3,2024-01-29,14,3,MMB-001,MMB_BRACKET_THICKNESS,Motor Mount Bracket Thickness,dimension,6.0,5.9,6.1,5.9617,mm,False
SPC-MMB_BRACKET_THICKNESS-014-4,2024-01-29,14,4,MMB-001,MMB_BRACKET_THICKNESS,Motor Mount Bracket Thickness,dimension,6.0,5.9,6.1,5.9841,mm,False
SPC-MMB_BRACKET_THICKNESS-014-5,2024-01-29,14,5,MMB-001,MMB_BRACKET_THICKNESS,Motor Mount Bracket Thickness,dimension,6.0,5.9,6.1,6.0635,mm,False
SPC-MMB_BRACKET_THICKNESS-015-1,2024-01-31,15,1,MMB-001,MMB_BRACKET_THICKNESS,Motor Mount Bracket Thickness,dimension,6.0,5.9,6.1,6.0082,mm,False
SPC-MMB_BRACKET_THICKNESS-015-2,2024-01-31,15,2,MMB-001,MMB_BRACKET_THICKNESS,Motor Mount Bracket Thickness,dimension,6.0,5.9,6.1,5.9546,mm,False
SPC-MMB_BRACKET_THICKNESS-015-3,2024-01-31,15,3,MMB-001,MMB_BRACKET_THICKNESS,Motor Mount Bracket Thickness,dimension,6.0,5.9,6.1,5.965,mm,False
SPC-MMB_BRACKET_THICKNESS-015-4,2024-01-31,15,4,MMB-001,MMB_BRACKET_THICKNESS,Motor Mount Bracket Thickness,dimension,6.0,5.9,6.1,6.0056,mm,False
SPC-MMB_BRACKET_THICKNESS-015-5,2024-01-31,15,5,MMB-001,MMB_BRACKET_THICKNESS,Motor Mount Bracket Thickness,dimension,6.0,5.9,6.1,6.0025,mm,False
SPC-MMB_BRACKET_THICKNESS-016-1,2024-02-02,16,1,MMB-001,MMB_BRACKET_THICKNESS,Motor Mount Bracket Thickness,dimension,6.0,5.9,6.1,5.9853,mm,False
SPC-MMB_BRACKET_THICKNESS-016-2,2024-02-02,16,2,MMB-001,MMB_BRACKET_THICKNESS,Motor Mount Bracket Thickness,dimension,6.0,5.9,6.1,6.0548,mm,False
SPC-MMB_BRACKET_THICKNESS-016-3,2024-02-02,16,3,MMB-001,MMB_BRACKET_THICKNESS,Motor Mount Bracket Thickness,dimension,6.0,5.9,6.1,6.0655,mm,False
SPC-MMB_BRACKET_THICKNESS-016-4,2024-02-02,16,4,MMB-001,MMB_BRACKET_THICKNESS,Motor Mount Bracket Thickness,dimension,6.0,5.9,6.1,5.9934,mm,False
SPC-MMB_BRACKET_THICKNESS-016-5,2024-02-02,16,5,MMB-001,MMB_BRACKET_THICKNESS,Motor Mount Bracket Thickness,dimension,6.0,5.9,6.1,6.0218,mm,False
SPC-MMB_BRACKET_THICKNESS-017-1,2024-02-04,17,1,MMB-001,MMB_BRACKET_THICKNESS,Motor Mount Bracket Thickness,dimension,6.0,5.9,6.1,6.0231,mm,False
SPC-MMB_BRACKET_THICKNESS-017-2,2024-02-04,17,2,MMB-001,MMB_BRACKET_THICKNESS,Motor Mount Bracket Thickness,dimension,6.0,5.9,6.1,6.0264,mm,False
SPC-MMB_BRACKET_THICKNESS-017-3,2024-02-04,17,3,MMB-001,MMB_BRACKET_THICKNESS,Motor Mount Bracket Thickness,dimension,6.0,5.9,6.1,5.984,mm,False
SPC-MMB_BRACKET_THICKNESS-017-4,2024-02-04,17,4,MMB-001,MMB_BRACKET_THICKNESS,Motor Mount Bracket Thickness,dimension,6.0,5.9,6.1,6.0485,mm,False
SPC-MMB_BRACKET_THICKNESS-017-5,2024-02-04,17,5,MMB-001,MMB_BRACKET_THICKNESS,Motor Mount Bracket Thickness,dimension,6.0,5.9,6.1,5.9983,mm,False
SPC-MMB_BRACKET_THICKNESS-018-1,2024-02-06,18,1,MMB-001,MMB_BRACKET_THICKNESS,Motor Mount Bracket Thickness,dimension,6.0,5.9,6.1,6.0105,mm,False
SPC-MMB_BRACKET_THICKNESS-018-2,2024-02-06,18,2,MMB-001,MMB_BRACKET_THICKNESS,Motor Mount Bracket Thickness,dimension,6.0,5.9,6.1,6.0001,mm,False
SPC-MMB_BRACKET_THICKNESS-018-3,2024-02-06,18,3,MMB-001,MMB_BRACKET_THICKNESS,Motor Mount Bracket Thickness,dimension,6.0,5.9,6.1,5.9965,mm,False
SPC-MMB_BRACKET_THICKNESS-018-4,2024-02-06,18,4,MMB-001,MMB_BRACKET_THICKNESS,Motor Mount Bracket Thickness,dimension,6.0,5.9,6.1,6.007,mm,False
SPC-MMB_BRACKET_THICKNESS-018-5,2024-02-06,18,5,MMB-001,MMB_BRACKET_THICKNESS,Motor Mount Bracket Thickness,dimension,6.0,5.9,6.1,5.9704,mm,False
SPC-MMB_BRACKET_THICKNESS-019-1,2024-02-08,19,1,MMB-001,MMB_BRACKET_THICKNESS,Motor Mount Bracket Thickness,dimension,6.0,5.9,6.1,5.9507,mm,False
SPC-MMB_BRACKET_THICKNESS-019-2,2024-02-08,19,2,MMB-001,MMB_BRACKET_THICKNESS,Motor Mount Bracket Thickness,dimension,6.0,5.9,6.1,5.9947,mm,False
SPC-MMB_BRACKET_THICKNESS-019-3,2024-02-08,19,3,MMB-001,MMB_BRACKET_THICKNESS,Motor Mount Bracket Thickness,dimension,6.0,5.9,6.1,5.978,mm,False
SPC-MMB_BRACKET_THICKNESS-019-4,2024-02-08,19,4,MMB-001,MMB_BRACKET_THICKNESS,Motor Mount Bracket Thickness,dimension,6.0,5.9,6.1,6.0137,mm,False
SPC-MMB_BRACKET_THICKNESS-019-5,2024-02-08,19,5,MMB-001,MMB_BRACKET_THICKNESS,Motor Mount Bracket Thickness,dimension,6.0,5.9,6.1,6.0108,mm,False
SPC-MMB_BRACKET_THICKNESS-020-1,2024-02-10,20,1,MMB-001,MMB_BRACKET_THICKNESS,Motor Mount Bracket Thickness,dimension,6.0,5.9,6.1,6.0003,mm,False
SPC-MMB_BRACKET_THICKNESS-020-2,2024-02-10,20,2,MMB-001,MMB_BRACKET_THICKNESS,Motor Mount Bracket Thickness,dimension,6.0,5.9,6.1,6.037,mm,False
SPC-MMB_BRACKET_THICKNESS-020-3,2024-02-10,20,3,MMB-001,MMB_BRACKET_THICKNESS,Motor Mount Bracket Thickness,dimension,6.0,5.9,6.1,5.9998,mm,False
SPC-MMB_BRACKET_THICKNESS-020-4,2024-02-10,20,4,MMB-001,MMB_BRACKET_THICKNESS,Motor Mount Bracket Thickness,dimension,6.0,5.9,6.1,5.9635,mm,False
SPC-MMB_BRACKET_THICKNESS-020-5,2024-02-10,20,5,MMB-001,MMB_BRACKET_THICKNESS,Motor Mount Bracket Thickness,dimension,6.0,5.9,6.1,5.9944,mm,False
SPC-MMB_BRACKET_THICKNESS-021-1,2024-02-12,21,1,MMB-001,MMB_BRACKET_THICKNESS,Motor Mount Bracket Thickness,dimension,6.0,5.9,6.1,6.0293,mm,False
SPC-MMB_BRACKET_THICKNESS-021-2,2024-02-12,21,2,MMB-001,MMB_BRACKET_THICKNESS,Motor Mount Bracket Thickness,dimension,6.0,5.9,6.1,5.9529,mm,False
SPC-MMB_BRACKET_THICKNESS-021-3,2024-02-12,21,3,MMB-001,MMB_BRACKET_THICKNESS,Motor Mount Bracket Thickness,dimension,6.0,5.9,6.1,5.9976,mm,False
SPC-MMB_BRACKET_THICKNESS-021-4,2024-02-12,21,4,MMB-001,MMB_BRACKET_THICKNESS,Motor Mount Bracket Thickness,dimension,6.0,5.9,6.1,6.0144,mm,False
SPC-MMB_BRACKET_THICKNESS-021-5,2024-02-12,21,5,MMB-001,MMB_BRACKET_THICKNESS,Motor Mount Bracket Thickness,dimension,6.0,5.9,6.1,6.0663,mm,False
SPC-MMB_BRACKET_THICKNESS-022-1,2024-02-14,22,1,MMB-001,MMB_BRACKET_THICKNESS,Motor Mount Bracket Thickness,dimension,6.0,5.9,6.1,6.0302,mm,False
SPC-MMB_BRACKET_THICKNESS-022-2,2024-02-14,22,2,MMB-001,MMB_BRACKET_THICKNESS,Motor Mount Bracket Thickness,dimension,6.0,5.9,6.1,6.0033,mm,False
SPC-MMB_BRACKET_THICKNESS-022-3,2024-02-14,22,3,MMB-001,MMB_BRACKET_THICKNESS,Motor Mount Bracket Thickness,dimension,6.0,5.9,6.1,6.013,mm,False
SPC-MMB_BRACKET_THICKNESS-022-4,2024-02-14,22,4,MMB-001,MMB_BRACKET_THICKNESS,Motor Mount Bracket Thickness,dimension,6.0,5.9,6.1,5.9526,mm,False
SPC-MMB_BRACKET_THICKNESS-022-5,2024-02-14,22,5,MMB-001,MMB_BRACKET_THICKNESS,Motor Mount Bracket Thickness,dimension,6.0,5.9,6.1,5.9738,mm,False
SPC-MMB_BRACKET_THICKNESS-023-1,2024-02-16,23,1,MMB-001,MMB_BRACKET_THICKNESS,Motor Mount Bracket Thickness,dimension,6.0,5.9,6.1,6.0163,mm,False
SPC-MMB_BRACKET_THICKNESS-023-2,2024-02-16,23,2,MMB-001,MMB_BRACKET_THICKNESS,Motor Mount Bracket Thickness,dimension,6.0,5.9,6.1,6.004,mm,False
SPC-MMB_BRACKET_THICKNESS-023-3,2024-02-16,23,3,MMB-001,MMB_BRACKET_THICKNESS,Motor Mount Bracket Thickness,dimension,6.0,5.9,6.1,6.0072,mm,False
SPC-MMB_BRACKET_THICKNESS-023-4,2024-02-16,23,4,MMB-001,MMB_BRACKET_THICKNESS,Motor Mount Bracket Thickness,dimension,6.0,5.9,6.1,6.0009,mm,False
SPC-MMB_BRACKET_THICKNESS-023-5,2024-02-16,23,5,MMB-001,MMB_BRACKET_THICKNESS,Motor Mount Bracket Thickness,dimension,6.0,5.9,6.1,5.9999,mm,False
SPC-MMB_BRACKET_THICKNESS-024-1,2024-02-18,24,1,MMB-001,MMB_BRACKET_THICKNESS,Motor Mount Bracket Thickness,dimension,6.0,5.9,6.1,6.0026,mm,False
SPC-MMB_BRACKET_THICKNESS-024-2,2024-02-18,24,2,MMB-001,MMB_BRACKET_THICKNESS,Motor Mount Bracket Thickness,dimension,6.0,5.9,6.1,5.9736,mm,False
SPC-MMB_BRACKET_THICKNESS-024-3,2024-02-18,24,3,MMB-001,MMB_BRACKET_THICKNESS,Motor Mount Bracket Thickness,dimension,6.0,5.9,6.1,5.9943,mm,False
SPC-MMB_BRACKET_THICKNESS-024-4,2024-02-18,24,4,MMB-001,MMB_BRACKET_THICKNESS,Motor Mount Bracket Thickness,dimension,6.0,5.9,6.1,5.9689,mm,False
SPC-MMB_BRACKET_THICKNESS-024-5,2024-02-18,24,5,MMB-001,MMB_BRACKET_THICKNESS,Motor Mount Bracket Thickness,dimension,6.0,5.9,6.1,5.9845,mm,False
SPC-MMB_BRACKET_THICKNESS-025-1,2024-02-20,25,1,MMB-001,MMB_BRACKET_THICKNESS,Motor Mount Bracket Thickness,dimension,6.0,5.9,6.1,6.0299,mm,False
SPC-MMB_BRACKET_THICKNESS-025-2,2024-02-20,25,2,MMB-001,MMB_BRACKET_THICKNESS,Motor Mount Bracket Thickness,dimension,6.0,5.9,6.1,5.9955,mm,False
SPC-MMB_BRACKET_THICKNESS-025-3,2024-02-20,25,3,MMB-001,MMB_BRACKET_THICKNESS,Motor Mount Bracket Thickness,dimension,6.0,5.9,6.1,6.0149,mm,False
SPC-MMB_BRACKET_THICKNESS-025-4,2024-02-20,25,4,MMB-001,MMB_BRACKET_THICKNESS,Motor Mount Bracket Thickness,dimension,6.0,5.9,6.1,6.0029,mm,False
SPC-MMB_BRACKET_THICKNESS-025-5,2024-02-20,25,5,MMB-001,MMB_BRACKET_THICKNESS,Motor Mount Bracket Thickness,dimension,6.0,5.9,6.1,5.9904,mm,False
SPC-MMB_BRACKET_THICKNESS-026-1,2024-02-22,26,1,MMB-001,MMB_BRACKET_THICKNESS,Motor Mount Bracket Thickness,dimension,6.0,5.9,6.1,5.9748,mm,False
SPC-MMB_BRACKET_THICKNESS-026-2,2024-02-22,26,2,MMB-001,MMB_BRACKET_THICKNESS,Motor Mount Bracket Thickness,dimension,6.0,5.9,6.1,5.99,mm,False
SPC-MMB_BRACKET_THICKNESS-026-3,2024-02-22,26,3,MMB-001,MMB_BRACKET_THICKNESS,Motor Mount Bracket Thickness,dimension,6.0,5.9,6.1,6.0046,mm,False
SPC-MMB_BRACKET_THICKNESS-026-4,2024-02-22,26,4,MMB-001,MMB_BRACKET_THICKNESS,Motor Mount Bracket Thickness,dimension,6.0,5.9,6.1,6.0145,mm,False
SPC-MMB_BRACKET_THICKNESS-026-5,2024-02-22,26,5,MMB-001,MMB_BRACKET_THICKNESS,Motor Mount Bracket Thickness,dimension,6.0,5.9,6.1,6.0031,mm,False
SPC-MMB_BRACKET_THICKNESS-027-1,2024-02-24,27,1,MMB-001,MMB_BRACKET_THICKNESS,Motor Mount Bracket Thickness,dimension,6.0,5.9,6.1,6.0162,mm,False
SPC-MMB_BRACKET_THICKNESS-027-2,2024-02-24,27,2,MMB-001,MMB_BRACKET_THICKNESS,Motor Mount Bracket Thickness,dimension,6.0,5.9,6.1,5.962,mm,False
SPC-MMB_BRACKET_THICKNESS-027-3,2024-02-24,27,3,MMB-001,MMB_BRACKET_THICKNESS,Motor Mount Bracket Thickness,dimension,6.0,5.9,6.1,6.0217,mm,False
SPC-MMB_BRACKET_THICKNESS-027-4,2024-02-24,27,4,MMB-001,MMB_BRACKET_THICKNESS,Motor Mount Bracket Thickness,dimension,6.0,5.9,6.1,5.9718,mm,False
SPC-MMB_BRACKET_THICKNESS-027-5,2024-02-24,27,5,MMB-001,MMB_BRACKET_THICKNESS,Motor Mount Bracket Thickness,dimension,6.0,5.9,6.1,6.0246,mm,False
SPC-MMB_BRACKET_THICKNESS-028-1,2024-02-26,28,1,MMB-001,MMB_BRACKET_THICKNESS,Motor Mount Bracket Thickness,dimension,6.0,5.9,6.1,6.0126,mm,False
SPC-MMB_BRACKET_THICKNESS-028-2,2024-02-26,28,2,MMB-001,MMB_BRACKET_THICKNESS,Motor Mount Bracket Thickness,dimension,6.0,5.9,6.1,5.9532,mm,False
SPC-MMB_BRACKET_THICKNESS-028-3,2024-02-26,28,3,MMB-001,MMB_BRACKET_THICKNESS,Motor Mount Bracket Thickness,dimension,6.0,5.9,6.1,6.0184,mm,False
SPC-MMB_BRACKET_THICKNESS-028-4,2024-02-26,28,4,MMB-001,MMB_BRACKET_THICKNESS,Motor Mount Bracket Thickness,dimension,6.0,5.9,6.1,6.0249,mm,False
SPC-MMB_BRACKET_THICKNESS-028-5,2024-02-26,28,5,MMB-001,MMB_BRACKET_THICKNESS,Motor Mount Bracket Thickness,dimension,6.0,5.9,6.1,6.0314,mm,False
SPC-MMB_BRACKET_THICKNESS-029-1,2024-02-28,29,1,MMB-001,MMB_BRACKET_THICKNESS,Motor Mount Bracket Thickness,dimension,6.0,5.9,6.1,5.9808,mm,False
SPC-MMB_BRACKET_THICKNESS-029-2,2024-02-28,29,2,MMB-001,MMB_BRACKET_THICKNESS,Motor Mount Bracket Thickness,dimension,6.0,5.9,6.1,6.0045,mm,False
SPC-MMB_BRACKET_THICKNESS-029-3,2024-02-28,29,3,MMB-001,MMB_BRACKET_THICKNESS,Motor Mount Bracket Thickness,dimension,6.0,5.9,6.1,6.0174,mm,False
SPC-MMB_BRACKET_THICKNESS-029-4,2024-02-28,29,4,MMB-001,MMB_BRACKET_THICKNESS,Motor Mount Bracket Thickness,dimension,6.0,5.9,6.1,6.0184,mm,False
SPC-MMB_BRACKET_THICKNESS-029-5,2024-02-28,29,5,MMB-001,MMB_BRACKET_THICKNESS,Motor Mount Bracket Thickness,dimension,6.0,5.9,6.1,6.0102,mm,False
SPC-MMB_BRACKET_THICKNESS-030-1,2024-03-01,30,1,MMB-001,MMB_BRACKET_THICKNESS,Motor Mount Bracket Thickness,dimension,6.0,5.9,6.1,5.9893,mm,False
SPC-MMB_BRACKET_THICKNESS-030-2,2024-03-01,30,2,MMB-001,MMB_BRACKET_THICKNESS,Motor Mount Bracket Thickness,dimension,6.0,5.9,6.1,6.0247,mm,False
SPC-MMB_BRACKET_THICKNESS-030-3,2024-03-01,30,3,MMB-001,MMB_BRACKET_THICKNESS,Motor Mount Bracket Thickness,dimension,6.0,5.9,6.1,6.0248,mm,False
SPC-MMB_BRACKET_THICKNESS-030-4,2024-03-01,30,4,MMB-001,MMB_BRACKET_THICKNESS,Motor Mount Bracket Thickness,dimension,6.0,5.9,6.1,5.9961,mm,False
SPC-MMB_BRACKET_THICKNESS-030-5,2024-03-01,30,5,MMB-001,MMB_BRACKET_THICKNESS,Motor Mount Bracket Thickness,dimension,6.0,5.9,6.1,5.9804,mm,False
SPC-MMB_BRACKET_THICKNESS-031-1,2024-03-03,31,1,MMB-001,MMB_BRACKET_THICKNESS,Motor Mount Bracket Thickness,dimension,6.0,5.9,6.1,5.9818,mm,False
SPC-MMB_BRACKET_THICKNESS-031-2,2024-03-03,31,2,MMB-001,MMB_BRACKET_THICKNESS,Motor Mount Bracket Thickness,dimension,6.0,5.9,6.1,6.0341,mm,False
SPC-MMB_BRACKET_THICKNESS-031-3,2024-03-03,31,3,MMB-001,MMB_BRACKET_THICKNESS,Motor Mount Bracket Thickness,dimension,6.0,5.9,6.1,6.0238,mm,False
SPC-MMB_BRACKET_THICKNESS-031-4,2024-03-03,31,4,MMB-001,MMB_BRACKET_THICKNESS,Motor Mount Bracket Thickness,dimension,6.0,5.9,6.1,5.9995,mm,False
SPC-MMB_BRACKET_THICKNESS-031-5,2024-03-03,31,5,MMB-001,MMB_BRACKET_THICKNESS,Motor Mount Bracket Thickness,dimension,6.0,5.9,6.1,5.995,mm,False
SPC-MMB_BRACKET_THICKNESS-032-1,2024-03-05,32,1,MMB-001,MMB_BRACKET_THICKNESS,Motor Mount Bracket Thickness,dimension,6.0,5.9,6.1,5.9558,mm,False
SPC-MMB_BRACKET_THICKNESS-032-2,2024-03-05,32,2,MMB-001,MMB_BRACKET_THICKNESS,Motor Mount Bracket Thickness,dimension,6.0,5.9,6.1,5.9979,mm,False
SPC-MMB_BRACKET_THICKNESS-032-3,2024-03-05,32,3,MMB-001,MMB_BRACKET_THICKNESS,Motor Mount Bracket Thickness,dimension,6.0,5.9,6.1,5.9702,mm,False
SPC-MMB_BRACKET_THICKNESS-032-4,2024-03-05,32,4,MMB-001,MMB_BRACKET_THICKNESS,Motor Mount Bracket Thickness,dimension,6.0,5.9,6.1,6.004,mm,False
SPC-MMB_BRACKET_THICKNESS-032-5,2024-03-05,32,5,MMB-001,MMB_BRACKET_THICKNESS,Motor Mount Bracket Thickness,dimension,6.0,5.9,6.1,6.0296,mm,False
SPC-MMB_BRACKET_THICKNESS-033-1,2024-03-07,33,1,MMB-001,MMB_BRACKET_THICKNESS,Motor Mount Bracket Thickness,dimension,6.0,5.9,6.1,5.9755,mm,False
SPC-MMB_BRACKET_THICKNESS-033-2,2024-03-07,33,2,MMB-001,MMB_BRACKET_THICKNESS,Motor Mount Bracket Thickness,dimension,6.0,5.9,6.1,6.006,mm,False
SPC-MMB_BRACKET_THICKNESS-033-3,2024-03-07,33,3,MMB-001,MMB_BRACKET_THICKNESS,Motor Mount Bracket Thickness,dimension,6.0,5.9,6.1,6.0249,mm,False
SPC-MMB_BRACKET_THICKNESS-033-4,2024-03-07,33,4,MMB-001,MMB_BRACKET_THICKNESS,Motor Mount Bracket Thickness,dimension,6.0,5.9,6.1,6.0055,mm,False
SPC-MMB_BRACKET_THICKNESS-033-5,2024-03-07,33,5,MMB-001,MMB_BRACKET_THICKNESS,Motor Mount Bracket Thickness,dimension,6.0,5.9,6.1,5.9869,mm,False
SPC-MMB_BRACKET_THICKNESS-034-1,2024-03-09,34,1,MMB-001,MMB_BRACKET_THICKNESS,Motor Mount Bracket Thickness,dimension,6.0,5.9,6.1,6.0003,mm,False
SPC-MMB_BRACKET_THICKNESS-034-2,2024-03-09,34,2,MMB-001,MMB_BRACKET_THICKNESS,Motor Mount Bracket Thickness,dimension,6.0,5.9,6.1,6.0239,mm,False
SPC-MMB_BRACKET_THICKNESS-034-3,2024-03-09,34,3,MMB-001,MMB_BRACKET_THICKNESS,Motor Mount Bracket Thickness,dimension,6.0,5.9,6.1,6.0066,mm,False
SPC-MMB_BRACKET_THICKNESS-034-4,2024-03-09,34,4,MMB-001,MMB_BRACKET_THICKNESS,Motor Mount Bracket Thickness,dimension,6.0,5.9,6.1,5.9999,mm,False
SPC-MMB_BRACKET_THICKNESS-034-5,2024-03-09,34,5,MMB-001,MMB_BRACKET_THICKNESS,Motor Mount Bracket Thickness,dimension,6.0,5.9,6.1,6.0289,mm,False
SPC-MMB_BRACKET_THICKNESS-035-1,2024-03-11,35,1,MMB-001,MMB_BRACKET_THICKNESS,Motor Mount Bracket Thickness,dimension,6.0,5.9,6.1,6.0129,mm,False
SPC-MMB_BRACKET_THICKNESS-035-2,2024-03-11,35,2,MMB-001,MMB_BRACKET_THICKNESS,Motor Mount Bracket Thickness,dimension,6.0,5.9,6.1,5.9699,mm,False
SPC-MMB_BRACKET_THICKNESS-035-3,2024-03-11,35,3,MMB-001,MMB_BRACKET_THICKNESS,Motor Mount Bracket Thickness,dimension,6.0,5.9,6.1,6.0158,mm,False
SPC-MMB_BRACKET_THICKNESS-035-4,2024-03-11,35,4,MMB-001,MMB_BRACKET_THICKNESS,Motor Mount Bracket Thickness,dimension,6.0,5.9,6.1,6.0237,mm,False
SPC-MMB_BRACKET_THICKNESS-035-5,2024-03-11,35,5,MMB-001,MMB_BRACKET_THICKNESS,Motor Mount Bracket Thickness,dimension,6.0,5.9,6.1,5.9691,mm,False
SPC-MMB_BRACKET_THICKNESS-036-1,2024-03-13,36,1,MMB-001,MMB_BRACKET_THICKNESS,Motor Mount Bracket Thickness,dimension,6.0,5.9,6.1,5.9433,mm,False
SPC-MMB_BRACKET_THICKNESS-036-2,2024-03-13,36,2,MMB-001,MMB_BRACKET_THICKNESS,Motor Mount Bracket Thickness,dimension,6.0,5.9,6.1,5.974,mm,False
SPC-MMB_BRACKET_THICKNESS-036-3,2024-03-13,36,3,MMB-001,MMB_BRACKET_THICKNESS,Motor Mount Bracket Thickness,dimension,6.0,5.9,6.1,5.9974,mm,False
SPC-MMB_BRACKET_THICKNESS-036-4,2024-03-13,36,4,MMB-001,MMB_BRACKET_THICKNESS,Motor Mount Bracket Thickness,dimension,6.0,5.9,6.1,6.0252,mm,False
SPC-MMB_BRACKET_THICKNESS-036-5,2024-03-13,36,5,MMB-001,MMB_BRACKET_THICKNESS,Motor Mount Bracket Thickness,dimension,6.0,5.9,6.1,5.9777,mm,False
SPC-MMB_BRACKET_THICKNESS-037-1,2024-03-15,37,1,MMB-001,MMB_BRACKET_THICKNESS,Motor Mount Bracket Thickness,dimension,6.0,5.9,6.1,6.0139,mm,False
SPC-MMB_BRACKET_THICKNESS-037-2,2024-03-15,37,2,MMB-001,MMB_BRACKET_THICKNESS,Motor Mount Bracket Thickness,dimension,6.0,5.9,6.1,5.9277,mm,False
SPC-MMB_BRACKET_THICKNESS-037-3,2024-03-15,37,3,MMB-001,MMB_BRACKET_THICKNESS,Motor Mount Bracket Thickness,dimension,6.0,5.9,6.1,6.0045,mm,False
SPC-MMB_BRACKET_THICKNESS-037-4,2024-03-15,37,4,MMB-001,MMB_BRACKET_THICKNESS,Motor Mount Bracket Thickness,dimension,6.0,5.9,6.1,5.9898,mm,False
SPC-MMB_BRACKET_THICKNESS-037-5,2024-03-15,37,5,MMB-001,MMB_BRACKET_THICKNESS,Motor Mount Bracket Thickness,dimension,6.0,5.9,6.1,6.0525,mm,False
SPC-MMB_BRACKET_THICKNESS-038-1,2024-03-17,38,1,MMB-001,MMB_BRACKET_THICKNESS,Motor Mount Bracket Thickness,dimension,6.0,5.9,6.1,5.9527,mm,False
SPC-MMB_BRACKET_THICKNESS-038-2,2024-03-17,38,2,MMB-001,MMB_BRACKET_THICKNESS,Motor Mount Bracket Thickness,dimension,6.0,5.9,6.1,5.9996,mm,False
SPC-MMB_BRACKET_THICKNESS-038-3,2024-03-17,38,3,MMB-001,MMB_BRACKET_THICKNESS,Motor Mount Bracket Thickness,dimension,6.0,5.9,6.1,5.9525,mm,False
SPC-MMB_BRACKET_THICKNESS-038-4,2024-03-17,38,4,MMB-001,MMB_BRACKET_THICKNESS,Motor Mount Bracket Thickness,dimension,6.0,5.9,6.1,5.9863,mm,False
SPC-MMB_BRACKET_THICKNESS-038-5,2024-03-17,38,5,MMB-001,MMB_BRACKET_THICKNESS,Motor Mount Bracket Thickness,dimension,6.0,5.9,6.1,5.9575,mm,False
SPC-MMB_BRACKET_THICKNESS-039-1,2024-03-19,39,1,MMB-001,MMB_BRACKET_THICKNESS,Motor Mount Bracket Thickness,dimension,6.0,5.9,6.1,6.0575,mm,False
SPC-MMB_BRACKET_THICKNESS-039-2,2024-03-19,39,2,MMB-001,MMB_BRACKET_THICKNESS,Motor Mount Bracket Thickness,dimension,6.0,5.9,6.1,5.9911,mm,False
SPC-MMB_BRACKET_THICKNESS-039-3,2024-03-19,39,3,MMB-001,MMB_BRACKET_THICKNESS,Motor Mount Bracket Thickness,dimension,6.0,5.9,6.1,5.9947,mm,False
SPC-MMB_BRACKET_THICKNESS-039-4,2024-03-19,39,4,MMB-001,MMB_BRACKET_THICKNESS,Motor Mount Bracket Thickness,dimension,6.0,5.9,6.1,5.9989,mm,False
SPC-MMB_BRACKET_THICKNESS-039-5,2024-03-19,39,5,MMB-001,MMB_BRACKET_THICKNESS,Motor Mount Bracket Thickness,dimension,6.0,5.9,6.1,5.9717,mm,False
SPC-MMB_BRACKET_THICKNESS-040-1,2024-03-21,40,1,MMB-001,MMB_BRACKET_THICKNESS,Motor Mount Bracket Thickness,dimension,6.0,5.9,6.1,6.0264,mm,False
SPC-MMB_BRACKET_THICKNESS-040-2,2024-03-21,40,2,MMB-001,MMB_BRACKET_THICKNESS,Motor Mount Bracket Thickness,dimension,6.0,5.9,6.1,6.016,mm,False
SPC-MMB_BRACKET_THICKNESS-040-3,2024-03-21,40,3,MMB-001,MMB_BRACKET_THICKNESS,Motor Mount Bracket Thickness,dimension,6.0,5.9,6.1,6.0229,mm,False
SPC-MMB_BRACKET_THICKNESS-040-4,2024-03-21,40,4,MMB-001,MMB_BRACKET_THICKNESS,Motor Mount Bracket Thickness,dimension,6.0,5.9,6.1,5.9696,mm,False
SPC-MMB_BRACKET_THICKNESS-040-5,2024-03-21,40,5,MMB-001,MMB_BRACKET_THICKNESS,Motor Mount Bracket Thickness,dimension,6.0,5.9,6.1,6.0284,mm,False
SPC-MMB_BRACKET_THICKNESS-041-1,2024-03-23,41,1,MMB-001,MMB_BRACKET_THICKNESS,Motor Mount Bracket Thickness,dimension,6.0,5.9,6.1,6.0255,mm,False
SPC-MMB_BRACKET_THICKNESS-041-2,2024-03-23,41,2,MMB-001,MMB_BRACKET_THICKNESS,Motor Mount Bracket Thickness,dimension,6.0,5.9,6.1,5.9942,mm,False
SPC-MMB_BRACKET_THICKNESS-041-3,2024-03-23,41,3,MMB-001,MMB_BRACKET_THICKNESS,Motor Mount Bracket Thickness,dimension,6.0,5.9,6.1,6.0224,mm,False
SPC-MMB_BRACKET_THICKNESS-041-4,2024-03-23,41,4,MMB-001,MMB_BRACKET_THICKNESS,Motor Mount Bracket Thickness,dimension,6.0,5.9,6.1,6.0068,mm,False
SPC-MMB_BRACKET_THICKNESS-041-5,2024-03-23,41,5,MMB-001,MMB_BRACKET_THICKNESS,Motor Mount Bracket Thickness,dimension,6.0,5.9,6.1,5.9602,mm,False
SPC-MMB_BRACKET_THICKNESS-042-1,2024-03-25,42,1,MMB-001,MMB_BRACKET_THICKNESS,Motor Mount Bracket Thickness,dimension,6.0,5.9,6.1,5.9954,mm,False
SPC-MMB_BRACKET_THICKNESS-042-2,2024-03-25,42,2,MMB-001,MMB_BRACKET_THICKNESS,Motor Mount Bracket Thickness,dimension,6.0,5.9,6.1,5.988,mm,False
SPC-MMB_BRACKET_THICKNESS-042-3,2024-03-25,42,3,MMB-001,MMB_BRACKET_THICKNESS,Motor Mount Bracket Thickness,dimension,6.0,5.9,6.1,6.0021,mm,False
SPC-MMB_BRACKET_THICKNESS-042-4,2024-03-25,42,4,MMB-001,MMB_BRACKET_THICKNESS,Motor Mount Bracket Thickness,dimension,6.0,5.9,6.1,6.0255,mm,False
SPC-MMB_BRACKET_THICKNESS-042-5,2024-03-25,42,5,MMB-001,MMB_BRACKET_THICKNESS,Motor Mount Bracket Thickness,dimension,6.0,5.9,6.1,5.959,mm,False
SPC-MMB_BRACKET_THICKNESS-043-1,2024-03-27,43,1,MMB-001,MMB_BRACKET_THICKNESS,Motor Mount Bracket Thickness,dimension,6.0,5.9,6.1,5.9889,mm,False
SPC-MMB_BRACKET_THICKNESS-043-2,2024-03-27,43,2,MMB-001,MMB_BRACKET_THICKNESS,Motor Mount Bracket Thickness,dimension,6.0,5.9,6.1,5.9795,mm,False
SPC-MMB_BRACKET_THICKNESS-043-3,2024-03-27,43,3,MMB-001,MMB_BRACKET_THICKNESS,Motor Mount Bracket Thickness,dimension,6.0,5.9,6.1,5.9805,mm,False
SPC-MMB_BRACKET_THICKNESS-043-4,2024-03-27,43,4,MMB-001,MMB_BRACKET_THICKNESS,Motor Mount Bracket Thickness,dimension,6.0,5.9,6.1,5.9794,mm,False
SPC-MMB_BRACKET_THICKNESS-043-5,2024-03-27,43,5,MMB-001,MMB_BRACKET_THICKNESS,Motor Mount Bracket Thickness,dimension,6.0,5.9,6.1,6.0017,mm,False
SPC-MMB_BRACKET_THICKNESS-044-1,2024-03-29,44,1,MMB-001,MMB_BRACKET_THICKNESS,Motor Mount Bracket Thickness,dimension,6.0,5.9,6.1,6.0131,mm,False
SPC-MMB_BRACKET_THICKNESS-044-2,2024-03-29,44,2,MMB-001,MMB_BRACKET_THICKNESS,Motor Mount Bracket Thickness,dimension,6.0,5.9,6.1,6.0087,mm,False
SPC-MMB_BRACKET_THICKNESS-044-3,2024-03-29,44,3,MMB-001,MMB_BRACKET_THICKNESS,Motor Mount Bracket Thickness,dimension,6.0,5.9,6.1,6.0046,mm,False
SPC-MMB_BRACKET_THICKNESS-044-4,2024-03-29,44,4,MMB-001,MMB_BRACKET_THICKNESS,Motor Mount Bracket Thickness,dimension,6.0,5.9,6.1,6.0155,mm,False
SPC-MMB_BRACKET_THICKNESS-044-5,2024-03-29,44,5,MMB-001,MMB_BRACKET_THICKNESS,Motor Mount Bracket Thickness,dimension,6.0,5.9,6.1,6.0595,mm,False
SPC-MMB_BRACKET_THICKNESS-045-1,2024-03-31,45,1,MMB-001,MMB_BRACKET_THICKNESS,Motor Mount Bracket Thickness,dimension,6.0,5.9,6.1,6.0034,mm,False
SPC-MMB_BRACKET_THICKNESS-045-2,2024-03-31,45,2,MMB-001,MMB_BRACKET_THICKNESS,Motor Mount Bracket Thickness,dimension,6.0,5.9,6.1,6.0255,mm,False
SPC-MMB_BRACKET_THICKNESS-045-3,2024-03-31,45,3,MMB-001,MMB_BRACKET_THICKNESS,Motor Mount Bracket Thickness,dimension,6.0,5.9,6.1,6.0241,mm,False
SPC-MMB_BRACKET_THICKNESS-045-4,2024-03-31,45,4,MMB-001,MMB_BRACKET_THICKNESS,Motor Mount Bracket Thickness,dimension,6.0,5.9,6.1,6.0444,mm,False
SPC-MMB_BRACKET_THICKNESS-045-5,2024-03-31,45,5,MMB-001,MMB_BRACKET_THICKNESS,Motor Mount Bracket Thickness,dimension,6.0,5.9,6.1,6.014,mm,False
SPC-MMB_BRACKET_THICKNESS-046-1,2024-04-02,46,1,MMB-001,MMB_BRACKET_THICKNESS,Motor Mount Bracket Thickness,dimension,6.0,5.9,6.1,5.9789,mm,False
SPC-MMB_BRACKET_THICKNESS-046-2,2024-04-02,46,2,MMB-001,MMB_BRACKET_THICKNESS,Motor Mount Bracket Thickness,dimension,6.0,5.9,6.1,6.0076,mm,False
SPC-MMB_BRACKET_THICKNESS-046-3,2024-04-02,46,3,MMB-001,MMB_BRACKET_THICKNESS,Motor Mount Bracket Thickness,dimension,6.0,5.9,6.1,6.0063,mm,False
SPC-MMB_BRACKET_THICKNESS-046-4,2024-04-02,46,4,MMB-001,MMB_BRACKET_THICKNESS,Motor Mount Bracket Thickness,dimension,6.0,5.9,6.1,6.0204,mm,False
SPC-MMB_BRACKET_THICKNESS-046-5,2024-04-02,46,5,MMB-001,MMB_BRACKET_THICKNESS,Motor Mount Bracket Thickness,dimension,6.0,5.9,6.1,5.9782,mm,False
SPC-MMB_BRACKET_THICKNESS-047-1,2024-04-04,47,1,MMB-001,MMB_BRACKET_THICKNESS,Motor Mount Bracket Thickness,dimension,6.0,5.9,6.1,6.0317,mm,False
SPC-MMB_BRACKET_THICKNESS-047-2,2024-04-04,47,2,MMB-001,MMB_BRACKET_THICKNESS,Motor Mount Bracket Thickness,dimension,6.0,5.9,6.1,6.0001,mm,False
SPC-MMB_BRACKET_THICKNESS-047-3,2024-04-04,47,3,MMB-001,MMB_BRACKET_THICKNESS,Motor Mount Bracket Thickness,dimension,6.0,5.9,6.1,6.021,mm,False
SPC-MMB_BRACKET_THICKNESS-047-4,2024-04-04,47,4,MMB-001,MMB_BRACKET_THICKNESS,Motor Mount Bracket Thickness,dimension,6.0,5.9,6.1,6.0077,mm,False
SPC-MMB_BRACKET_THICKNESS-047-5,2024-04-04,47,5,MMB-001,MMB_BRACKET_THICKNESS,Motor Mount Bracket Thickness,dimension,6.0,5.9,6.1,6.0031,mm,False
SPC-MMB_BRACKET_THICKNESS-048-1,2024-04-06,48,1,MMB-001,MMB_BRACKET_THICKNESS,Motor Mount Bracket Thickness,dimension,6.0,5.9,6.1,6.0058,mm,False
SPC-MMB_BRACKET_THICKNESS-048-2,2024-04-06,48,2,MMB-001,MMB_BRACKET_THICKNESS,Motor Mount Bracket Thickness,dimension,6.0,5.9,6.1,6.0168,mm,False
SPC-MMB_BRACKET_THICKNESS-048-3,2024-04-06,48,3,MMB-001,MMB_BRACKET_THICKNESS,Motor Mount Bracket Thickness,dimension,6.0,5.9,6.1,6.049,mm,False
SPC-MMB_BRACKET_THICKNESS-048-4,2024-04-06,48,4,MMB-001,MMB_BRACKET_THICKNESS,Motor Mount Bracket Thickness,dimension,6.0,5.9,6.1,5.9496,mm,False
SPC-MMB_BRACKET_THICKNESS-048-5,2024-04-06,48,5,MMB-001,MMB_BRACKET_THICKNESS,Motor Mount Bracket Thickness,dimension,6.0,5.9,6.1,6.0135,mm,False
SPC-MMB_BRACKET_THICKNESS-049-1,2024-04-08,49,1,MMB-001,MMB_BRACKET_THICKNESS,Motor Mount Bracket Thickness,dimension,6.0,5.9,6.1,6.0011,mm,False
SPC-MMB_BRACKET_THICKNESS-049-2,2024-04-08,49,2,MMB-001,MMB_BRACKET_THICKNESS,Motor Mount Bracket Thickness,dimension,6.0,5.9,6.1,5.9956,mm,False
SPC-MMB_BRACKET_THICKNESS-049-3,2024-04-08,49,3,MMB-001,MMB_BRACKET_THICKNESS,Motor Mount Bracket Thickness,dimension,6.0,5.9,6.1,5.9409,mm,False
SPC-MMB_BRACKET_THICKNESS-049-4,2024-04-08,49,4,MMB-001,MMB_BRACKET_THICKNESS,Motor Mount Bracket Thickness,dimension,6.0,5.9,6.1,6.0145,mm,False
SPC-MMB_BRACKET_THICKNESS-049-5,2024-04-08,49,5,MMB-001,MMB_BRACKET_THICKNESS,Motor Mount Bracket Thickness,dimension,6.0,5.9,6.1,5.9969,mm,False
SPC-MMB_BRACKET_THICKNESS-050-1,2024-04-10,50,1,MMB-001,MMB_BRACKET_THICKNESS,Motor Mount Bracket Thickness,dimension,6.0,5.9,6.1,5.9791,mm,False
SPC-MMB_BRACKET_THICKNESS-050-2,2024-04-10,50,2,MMB-001,MMB_BRACKET_THICKNESS,Motor Mount Bracket Thickness,dimension,6.0,5.9,6.1,6.0011,mm,False
SPC-MMB_BRACKET_THICKNESS-050-3,2024-04-10,50,3,MMB-001,MMB_BRACKET_THICKNESS,Motor Mount Bracket Thickness,dimension,6.0,5.9,6.1,5.9927,mm,False
SPC-MMB_BRACKET_THICKNESS-050-4,2024-04-10,50,4,MMB-001,MMB_BRACKET_THICKNESS,Motor Mount Bracket Thickness,dimension,6.0,5.9,6.1,5.9564,mm,False
SPC-MMB_BRACKET_THICKNESS-050-5,2024-04-10,50,5,MMB-001,MMB_BRACKET_THICKNESS,Motor Mount Bracket Thickness,dimension,6.0,5.9,6.1,6.0022,mm,False
SPC-MMB_BRACKET_THICKNESS-051-1,2024-04-12,51,1,MMB-001,MMB_BRACKET_THICKNESS,Motor Mount Bracket Thickness,dimension,6.0,5.9,6.1,6.0145,mm,False
SPC-MMB_BRACKET_THICKNESS-051-2,2024-04-12,51,2,MMB-001,MMB_BRACKET_THICKNESS,Motor Mount Bracket Thickness,dimension,6.0,5.9,6.1,5.9863,mm,False
SPC-MMB_BRACKET_THICKNESS-051-3,2024-04-12,51,3,MMB-001,MMB_BRACKET_THICKNESS,Motor Mount Bracket Thickness,dimension,6.0,5.9,6.1,6.0065,mm,False
SPC-MMB_BRACKET_THICKNESS-051-4,2024-04-12,51,4,MMB-001,MMB_BRACKET_THICKNESS,Motor Mount Bracket Thickness,dimension,6.0,5.9,6.1,6.0027,mm,False
SPC-MMB_BRACKET_THICKNESS-051-5,2024-04-12,51,5,MMB-001,MMB_BRACKET_THICKNESS,Motor Mount Bracket Thickness,dimension,6.0,5.9,6.1,6.0261,mm,False
SPC-MMB_BRACKET_THICKNESS-052-1,2024-04-14,52,1,MMB-001,MMB_BRACKET_THICKNESS,Motor Mount Bracket Thickness,dimension,6.0,5.9,6.1,5.9974,mm,False
SPC-MMB_BRACKET_THICKNESS-052-2,2024-04-14,52,2,MMB-001,MMB_BRACKET_THICKNESS,Motor Mount Bracket Thickness,dimension,6.0,5.9,6.1,6.02,mm,False
SPC-MMB_BRACKET_THICKNESS-052-3,2024-04-14,52,3,MMB-001,MMB_BRACKET_THICKNESS,Motor Mount Bracket Thickness,dimension,6.0,5.9,6.1,5.9922,mm,False
SPC-MMB_BRACKET_THICKNESS-052-4,2024-04-14,52,4,MMB-001,MMB_BRACKET_THICKNESS,Motor Mount Bracket Thickness,dimension,6.0,5.9,6.1,6.0492,mm,False
SPC-MMB_BRACKET_THICKNESS-052-5,2024-04-14,52,5,MMB-001,MMB_BRACKET_THICKNESS,Motor Mount Bracket Thickness,dimension,6.0,5.9,6.1,5.9891,mm,False
SPC-MMB_BRACKET_THICKNESS-053-1,2024-04-16,53,1,MMB-001,MMB_BRACKET_THICKNESS,Motor Mount Bracket Thickness,dimension,6.0,5.9,6.1,5.9829,mm,False
SPC-MMB_BRACKET_THICKNESS-053-2,2024-04-16,53,2,MMB-001,MMB_BRACKET_THICKNESS,Motor Mount Bracket Thickness,dimension,6.0,5.9,6.1,5.9975,mm,False
SPC-MMB_BRACKET_THICKNESS-053-3,2024-04-16,53,3,MMB-001,MMB_BRACKET_THICKNESS,Motor Mount Bracket Thickness,dimension,6.0,5.9,6.1,5.9818,mm,False
SPC-MMB_BRACKET_THICKNESS-053-4,2024-04-16,53,4,MMB-001,MMB_BRACKET_THICKNESS,Motor Mount Bracket Thickness,dimension,6.0,5.9,6.1,5.9688,mm,False
SPC-MMB_BRACKET_THICKNESS-053-5,2024-04-16,53,5,MMB-001,MMB_BRACKET_THICKNESS,Motor Mount Bracket Thickness,dimension,6.0,5.9,6.1,6.0182,mm,False
SPC-MMB_BRACKET_THICKNESS-054-1,2024-04-18,54,1,MMB-001,MMB_BRACKET_THICKNESS,Motor Mount Bracket Thickness,dimension,6.0,5.9,6.1,5.9234,mm,False
SPC-MMB_BRACKET_THICKNESS-054-2,2024-04-18,54,2,MMB-001,MMB_BRACKET_THICKNESS,Motor Mount Bracket Thickness,dimension,6.0,5.9,6.1,5.9821,mm,False
SPC-MMB_BRACKET_THICKNESS-054-3,2024-04-18,54,3,MMB-001,MMB_BRACKET_THICKNESS,Motor Mount Bracket Thickness,dimension,6.0,5.9,6.1,5.9665,mm,False
SPC-MMB_BRACKET_THICKNESS-054-4,2024-04-18,54,4,MMB-001,MMB_BRACKET_THICKNESS,Motor Mount Bracket Thickness,dimension,6.0,5.9,6.1,6.0036,mm,False
SPC-MMB_BRACKET_THICKNESS-054-5,2024-04-18,54,5,MMB-001,MMB_BRACKET_THICKNESS,Motor Mount Bracket Thickness,dimension,6.0,5.9,6.1,5.9453,mm,False
SPC-MMB_BRACKET_THICKNESS-055-1,2024-04-20,55,1,MMB-001,MMB_BRACKET_THICKNESS,Motor Mount Bracket Thickness,dimension,6.0,5.9,6.1,6.0137,mm,False
SPC-MMB_BRACKET_THICKNESS-055-2,2024-04-20,55,2,MMB-001,MMB_BRACKET_THICKNESS,Motor Mount Bracket Thickness,dimension,6.0,5.9,6.1,6.0164,mm,False
SPC-MMB_BRACKET_THICKNESS-055-3,2024-04-20,55,3,MMB-001,MMB_BRACKET_THICKNESS,Motor Mount Bracket Thickness,dimension,6.0,5.9,6.1,5.9592,mm,False
SPC-MMB_BRACKET_THICKNESS-055-4,2024-04-20,55,4,MMB-001,MMB_BRACKET_THICKNESS,Motor Mount Bracket Thickness,dimension,6.0,5.9,6.1,6.0048,mm,False
SPC-MMB_BRACKET_THICKNESS-055-5,2024-04-20,55,5,MMB-001,MMB_BRACKET_THICKNESS,Motor Mount Bracket Thickness,dimension,6.0,5.9,6.1,6.0129,mm,False
SPC-MMB_BRACKET_THICKNESS-056-1,2024-04-22,56,1,MMB-001,MMB_BRACKET_THICKNESS,Motor Mount Bracket Thickness,dimension,6.0,5.9,6.1,6.0247,mm,False
SPC-MMB_BRACKET_THICKNESS-056-2,2024-04-22,56,2,MMB-001,MMB_BRACKET_THICKNESS,Motor Mount Bracket Thickness,dimension,6.0,5.9,6.1,5.9645,mm,False
SPC-MMB_BRACKET_THICKNESS-056-3,2024-04-22,56,3,MMB-001,MMB_BRACKET_THICKNESS,Motor Mount Bracket Thickness,dimension,6.0,5.9,6.1,5.961,mm,False
SPC-MMB_BRACKET_THICKNESS-056-4,2024-04-22,56,4,MMB-001,MMB_BRACKET_THICKNESS,Motor Mount Bracket Thickness,dimension,6.0,5.9,6.1,6.0388,mm,False
SPC-MMB_BRACKET_THICKNESS-056-5,2024-04-22,56,5,MMB-001,MMB_BRACKET_THICKNESS,Motor Mount Bracket Thickness,dimension,6.0,5.9,6.1,5.9807,mm,False
SPC-MMB_BRACKET_THICKNESS-057-1,2024-04-24,57,1,MMB-001,MMB_BRACKET_THICKNESS,Motor Mount Bracket Thickness,dimension,6.0,5.9,6.1,5.9892,mm,False
SPC-MMB_BRACKET_THICKNESS-057-2,2024-04-24,57,2,MMB-001,MMB_BRACKET_THICKNESS,Motor Mount Bracket Thickness,dimension,6.0,5.9,6.1,6.0182,mm,False
SPC-MMB_BRACKET_THICKNESS-057-3,2024-04-24,57,3,MMB-001,MMB_BRACKET_THICKNESS,Motor Mount Bracket Thickness,dimension,6.0,5.9,6.1,5.9732,mm,False
SPC-MMB_BRACKET_THICKNESS-057-4,2024-04-24,57,4,MMB-001,MMB_BRACKET_THICKNESS,Motor Mount Bracket Thickness,dimension,6.0,5.9,6.1,5.9958,mm,False
SPC-MMB_BRACKET_THICKNESS-057-5,2024-04-24,57,5,MMB-001,MMB_BRACKET_THICKNESS,Motor Mount Bracket Thickness,dimension,6.0,5.9,6.1,6.0247,mm,False
SPC-MMB_BRACKET_THICKNESS-058-1,2024-04-26,58,1,MMB-001,MMB_BRACKET_THICKNESS,Motor Mount Bracket Thickness,dimension,6.0,5.9,6.1,5.9681,mm,False
SPC-MMB_BRACKET_THICKNESS-058-2,2024-04-26,58,2,MMB-001,MMB_BRACKET_THICKNESS,Motor Mount Bracket Thickness,dimension,6.0,5.9,6.1,5.9911,mm,False
SPC-MMB_BRACKET_THICKNESS-058-3,2024-04-26,58,3,MMB-001,MMB_BRACKET_THICKNESS,Motor Mount Bracket Thickness,dimension,6.0,5.9,6.1,5.9754,mm,False
SPC-MMB_BRACKET_THICKNESS-058-4,2024-04-26,58,4,MMB-001,MMB_BRACKET_THICKNESS,Motor Mount Bracket Thickness,dimension,6.0,5.9,6.1,5.9843,mm,False
SPC-MMB_BRACKET_THICKNESS-058-5,2024-04-26,58,5,MMB-001,MMB_BRACKET_THICKNESS,Motor Mount Bracket Thickness,dimension,6.0,5.9,6.1,6.0332,mm,False
SPC-MMB_BRACKET_THICKNESS-059-1,2024-04-28,59,1,MMB-001,MMB_BRACKET_THICKNESS,Motor Mount Bracket Thickness,dimension,6.0,5.9,6.1,6.0399,mm,False
SPC-MMB_BRACKET_THICKNESS-059-2,2024-04-28,59,2,MMB-001,MMB_BRACKET_THICKNESS,Motor Mount Bracket Thickness,dimension,6.0,5.9,6.1,6.0112,mm,False
SPC-MMB_BRACKET_THICKNESS-059-3,2024-04-28,59,3,MMB-001,MMB_BRACKET_THICKNESS,Motor Mount Bracket Thickness,dimension,6.0,5.9,6.1,6.0181,mm,False
SPC-MMB_BRACKET_THICKNESS-059-4,2024-04-28,59,4,MMB-001,MMB_BRACKET_THICKNESS,Motor Mount Bracket Thickness,dimension,6.0,5.9,6.1,6.0174,mm,False
SPC-MMB_BRACKET_THICKNESS-059-5,2024-04-28,59,5,MMB-001,MMB_BRACKET_THICKNESS,Motor Mount Bracket Thickness,dimension,6.0,5.9,6.1,5.988,mm,False
SPC-MMB_BRACKET_THICKNESS-060-1,2024-04-30,60,1,MMB-001,MMB_BRACKET_THICKNESS,Motor Mount Bracket Thickness,dimension,6.0,5.9,6.1,6.012,mm,False
SPC-MMB_BRACKET_THICKNESS-060-2,2024-04-30,60,2,MMB-001,MMB_BRACKET_THICKNESS,Motor Mount Bracket Thickness,dimension,6.0,5.9,6.1,5.9736,mm,False
SPC-MMB_BRACKET_THICKNESS-060-3,2024-04-30,60,3,MMB-001,MMB_BRACKET_THICKNESS,Motor Mount Bracket Thickness,dimension,6.0,5.9,6.1,5.982,mm,False
SPC-MMB_BRACKET_THICKNESS-060-4,2024-04-30,60,4,MMB-001,MMB_BRACKET_THICKNESS,Motor Mount Bracket Thickness,dimension,6.0,5.9,6.1,6.0038,mm,False
SPC-MMB_BRACKET_THICKNESS-060-5,2024-04-30,60,5,MMB-001,MMB_BRACKET_THICKNESS,Motor Mount Bracket Thickness,dimension,6.0,5.9,6.1,5.9795,mm,False
SPC-MMB_BRACKET_THICKNESS-061-1,2024-05-02,61,1,MMB-001,MMB_BRACKET_THICKNESS,Motor Mount Bracket Thickness,dimension,6.0,5.9,6.1,5.9754,mm,False
SPC-MMB_BRACKET_THICKNESS-061-2,2024-05-02,61,2,MMB-001,MMB_BRACKET_THICKNESS,Motor Mount Bracket Thickness,dimension,6.0,5.9,6.1,5.9894,mm,False
SPC-MMB_BRACKET_THICKNESS-061-3,2024-05-02,61,3,MMB-001,MMB_BRACKET_THICKNESS,Motor Mount Bracket Thickness,dimension,6.0,5.9,6.1,6.0359,mm,False
SPC-MMB_BRACKET_THICKNESS-061-4,2024-05-02,61,4,MMB-001,MMB_BRACKET_THICKNESS,Motor Mount Bracket Thickness,dimension,6.0,5.9,6.1,6.0461,mm,False
SPC-MMB_BRACKET_THICKNESS-061-5,2024-05-02,61,5,MMB-001,MMB_BRACKET_THICKNESS,Motor Mount Bracket Thickness,dimension,6.0,5.9,6.1,6.0064,mm,False
SPC-MMB_BRACKET_THICKNESS-062-1,2024-05-04,62,1,MMB-001,MMB_BRACKET_THICKNESS,Motor Mount Bracket Thickness,dimension,6.0,5.9,6.1,6.023,mm,False
SPC-MMB_BRACKET_THICKNESS-062-2,2024-05-04,62,2,MMB-001,MMB_BRACKET_THICKNESS,Motor Mount Bracket Thickness,dimension,6.0,5.9,6.1,5.9943,mm,False
SPC-MMB_BRACKET_THICKNESS-062-3,2024-05-04,62,3,MMB-001,MMB_BRACKET_THICKNESS,Motor Mount Bracket Thickness,dimension,6.0,5.9,6.1,5.9568,mm,False
SPC-MMB_BRACKET_THICKNESS-062-4,2024-05-04,62,4,MMB-001,MMB_BRACKET_THICKNESS,Motor Mount Bracket Thickness,dimension,6.0,5.9,6.1,5.9861,mm,False
SPC-MMB_BRACKET_THICKNESS-062-5,2024-05-04,62,5,MMB-001,MMB_BRACKET_THICKNESS,Motor Mount Bracket Thickness,dimension,6.0,5.9,6.1,6.0007,mm,False
SPC-MMB_BRACKET_THICKNESS-063-1,2024-05-06,63,1,MMB-001,MMB_BRACKET_THICKNESS,Motor Mount Bracket Thickness,dimension,6.0,5.9,6.1,6.0131,mm,False
SPC-MMB_BRACKET_THICKNESS-063-2,2024-05-06,63,2,MMB-001,MMB_BRACKET_THICKNESS,Motor Mount Bracket Thickness,dimension,6.0,5.9,6.1,6.0071,mm,False
SPC-MMB_BRACKET_THICKNESS-063-3,2024-05-06,63,3,MMB-001,MMB_BRACKET_THICKNESS,Motor Mount Bracket Thickness,dimension,6.0,5.9,6.1,6.0026,mm,False
SPC-MMB_BRACKET_THICKNESS-063-4,2024-05-06,63,4,MMB-001,MMB_BRACKET_THICKNESS,Motor Mount Bracket Thickness,dimension,6.0,5.9,6.1,5.9952,mm,False
SPC-MMB_BRACKET_THICKNESS-063-5,2024-05-06,63,5,MMB-001,MMB_BRACKET_THICKNESS,Motor Mount Bracket Thickness,dimension,6.0,5.9,6.1,6.0182,mm,False
SPC-MMB_BRACKET_THICKNESS-064-1,2024-05-08,64,1,MMB-001,MMB_BRACKET_THICKNESS,Motor Mount Bracket Thickness,dimension,6.0,5.9,6.1,5.9767,mm,False
SPC-MMB_BRACKET_THICKNESS-064-2,2024-05-08,64,2,MMB-001,MMB_BRACKET_THICKNESS,Motor Mount Bracket Thickness,dimension,6.0,5.9,6.1,6.0309,mm,False
SPC-MMB_BRACKET_THICKNESS-064-3,2024-05-08,64,3,MMB-001,MMB_BRACKET_THICKNESS,Motor Mount Bracket Thickness,dimension,6.0,5.9,6.1,5.9961,mm,False
SPC-MMB_BRACKET_THICKNESS-064-4,2024-05-08,64,4,MMB-001,MMB_BRACKET_THICKNESS,Motor Mount Bracket Thickness,dimension,6.0,5.9,6.1,6.0625,mm,False
SPC-MMB_BRACKET_THICKNESS-064-5,2024-05-08,64,5,MMB-001,MMB_BRACKET_THICKNESS,Motor Mount Bracket Thickness,dimension,6.0,5.9,6.1,6.0029,mm,False
SPC-MMB_BRACKET_THICKNESS-065-1,2024-05-10,65,1,MMB-001,MMB_BRACKET_THICKNESS,Motor Mount Bracket Thickness,dimension,6.0,5.9,6.1,6.0,mm,False
SPC-MMB_BRACKET_THICKNESS-065-2,2024-05-10,65,2,MMB-001,MMB_BRACKET_THICKNESS,Motor Mount Bracket Thickness,dimension,6.0,5.9,6.1,5.9979,mm,False
SPC-MMB_BRACKET_THICKNESS-065-3,2024-05-10,65,3,MMB-001,MMB_BRACKET_THICKNESS,Motor Mount Bracket Thickness,dimension,6.0,5.9,6.1,6.0002,mm,False
SPC-MMB_BRACKET_THICKNESS-065-4,2024-05-10,65,4,MMB-001,MMB_BRACKET_THICKNESS,Motor Mount Bracket Thickness,dimension,6.0,5.9,6.1,6.0272,mm,False
SPC-MMB_BRACKET_THICKNESS-065-5,2024-05-10,65,5,MMB-001,MMB_BRACKET_THICKNESS,Motor Mount Bracket Thickness,dimension,6.0,5.9,6.1,6.0109,mm,False
SPC-MMB_BRACKET_THICKNESS-066-1,2024-05-12,66,1,MMB-001,MMB_BRACKET_THICKNESS,Motor Mount Bracket Thickness,dimension,6.0,5.9,6.1,6.0379,mm,False
SPC-MMB_BRACKET_THICKNESS-066-2,2024-05-12,66,2,MMB-001,MMB_BRACKET_THICKNESS,Motor Mount Bracket Thickness,dimension,6.0,5.9,6.1,6.0248,mm,False
SPC-MMB_BRACKET_THICKNESS-066-3,2024-05-12,66,3,MMB-001,MMB_BRACKET_THICKNESS,Motor Mount Bracket Thickness,dimension,6.0,5.9,6.1,6.014,mm,False
SPC-MMB_BRACKET_THICKNESS-066-4,2024-05-12,66,4,MMB-001,MMB_BRACKET_THICKNESS,Motor Mount Bracket Thickness,dimension,6.0,5.9,6.1,6.0225,mm,False
SPC-MMB_BRACKET_THICKNESS-066-5,2024-05-12,66,5,MMB-001,MMB_BRACKET_THICKNESS,Motor Mount Bracket Thickness,dimension,6.0,5.9,6.1,6.0431,mm,False
SPC-MMB_BRACKET_THICKNESS-067-1,2024-05-14,67,1,MMB-001,MMB_BRACKET_THICKNESS,Motor Mount Bracket Thickness,dimension,6.0,5.9,6.1,6.0308,mm,False
SPC-MMB_BRACKET_THICKNESS-067-2,2024-05-14,67,2,MMB-001,MMB_BRACKET_THICKNESS,Motor Mount Bracket Thickness,dimension,6.0,5.9,6.1,6.0214,mm,False
SPC-MMB_BRACKET_THICKNESS-067-3,2024-05-14,67,3,MMB-001,MMB_BRACKET_THICKNESS,Motor Mount Bracket Thickness,dimension,6.0,5.9,6.1,6.025,mm,False
SPC-MMB_BRACKET_THICKNESS-067-4,2024-05-14,67,4,MMB-001,MMB_BRACKET_THICKNESS,Motor Mount Bracket Thickness,dimension,6.0,5.9,6.1,5.9856,mm,False
SPC-MMB_BRACKET_THICKNESS-067-5,2024-05-14,67,5,MMB-001,MMB_BRACKET_THICKNESS,Motor Mount Bracket Thickness,dimension,6.0,5.9,6.1,6.0787,mm,False
SPC-MMB_BRACKET_THICKNESS-068-1,2024-05-16,68,1,MMB-001,MMB_BRACKET_THICKNESS,Motor Mount Bracket Thickness,dimension,6.0,5.9,6.1,6.0288,mm,False
SPC-MMB_BRACKET_THICKNESS-068-2,2024-05-16,68,2,MMB-001,MMB_BRACKET_THICKNESS,Motor Mount Bracket Thickness,dimension,6.0,5.9,6.1,6.0313,mm,False
SPC-MMB_BRACKET_THICKNESS-068-3,2024-05-16,68,3,MMB-001,MMB_BRACKET_THICKNESS,Motor Mount Bracket Thickness,dimension,6.0,5.9,6.1,6.0149,mm,False
SPC-MMB_BRACKET_THICKNESS-068-4,2024-05-16,68,4,MMB-001,MMB_BRACKET_THICKNESS,Motor Mount Bracket Thickness,dimension,6.0,5.9,6.1,5.9582,mm,False
SPC-MMB_BRACKET_THICKNESS-068-5,2024-05-16,68,5,MMB-001,MMB_BRACKET_THICKNESS,Motor Mount Bracket Thickness,dimension,6.0,5.9,6.1,6.009,mm,False
SPC-MMB_BRACKET_THICKNESS-069-1,2024-05-18,69,1,MMB-001,MMB_BRACKET_THICKNESS,Motor Mount Bracket Thickness,dimension,6.0,5.9,6.1,6.0187,mm,False
SPC-MMB_BRACKET_THICKNESS-069-2,2024-05-18,69,2,MMB-001,MMB_BRACKET_THICKNESS,Motor Mount Bracket Thickness,dimension,6.0,5.9,6.1,5.9962,mm,False
SPC-MMB_BRACKET_THICKNESS-069-3,2024-05-18,69,3,MMB-001,MMB_BRACKET_THICKNESS,Motor Mount Bracket Thickness,dimension,6.0,5.9,6.1,5.996,mm,False
SPC-MMB_BRACKET_THICKNESS-069-4,2024-05-18,69,4,MMB-001,MMB_BRACKET_THICKNESS,Motor Mount Bracket Thickness,dimension,6.0,5.9,6.1,6.0083,mm,False
SPC-MMB_BRACKET_THICKNESS-069-5,2024-05-18,69,5,MMB-001,MMB_BRACKET_THICKNESS,Motor Mount Bracket Thickness,dimension,6.0,5.9,6.1,6.0361,mm,False
SPC-MMB_BRACKET_THICKNESS-070-1,2024-05-20,70,1,MMB-001,MMB_BRACKET_THICKNESS,Motor Mount Bracket Thickness,dimension,6.0,5.9,6.1,6.0494,mm,False
SPC-MMB_BRACKET_THICKNESS-070-2,2024-05-20,70,2,MMB-001,MMB_BRACKET_THICKNESS,Motor Mount Bracket Thickness,dimension,6.0,5.9,6.1,6.0223,mm,False
SPC-MMB_BRACKET_THICKNESS-070-3,2024-05-20,70,3,MMB-001,MMB_BRACKET_THICKNESS,Motor Mount Bracket Thickness,dimension,6.0,5.9,6.1,6.0038,mm,False
SPC-MMB_BRACKET_THICKNESS-070-4,2024-05-20,70,4,MMB-001,MMB_BRACKET_THICKNESS,Motor Mount Bracket Thickness,dimension,6.0,5.9,6.1,6.0089,mm,False
SPC-MMB_BRACKET_THICKNESS-070-5,2024-05-20,70,5,MMB-001,MMB_BRACKET_THICKNESS,Motor Mount Bracket Thickness,dimension,6.0,5.9,6.1,6.0205,mm,False
SPC-MMB_BRACKET_THICKNESS-071-1,2024-05-22,71,1,MMB-001,MMB_BRACKET_THICKNESS,Motor Mount Bracket Thickness,dimension,6.0,5.9,6.1,6.0247,mm,False
SPC-MMB_BRACKET_THICKNESS-071-2,2024-05-22,71,2,MMB-001,MMB_BRACKET_THICKNESS,Motor Mount Bracket Thickness,dimension,6.0,5.9,6.1,6.0301,mm,False
SPC-MMB_BRACKET_THICKNESS-071-3,2024-05-22,71,3,MMB-001,MMB_BRACKET_THICKNESS,Motor Mount Bracket Thickness,dimension,6.0,5.9,6.1,6.0082,mm,False
SPC-MMB_BRACKET_THICKNESS-071-4,2024-05-22,71,4,MMB-001,MMB_BRACKET_THICKNESS,Motor Mount Bracket Thickness,dimension,6.0,5.9,6.1,6.0324,mm,False
SPC-MMB_BRACKET_THICKNESS-071-5,2024-05-22,71,5,MMB-001,MMB_BRACKET_THICKNESS,Motor Mount Bracket Thickness,dimension,6.0,5.9,6.1,6.0305,mm,False
SPC-MMB_BRACKET_THICKNESS-072-1,2024-05-24,72,1,MMB-001,MMB_BRACKET_THICKNESS,Motor Mount Bracket Thickness,dimension,6.0,5.9,6.1,6.0105,mm,False
SPC-MMB_BRACKET_THICKNESS-072-2,2024-05-24,72,2,MMB-001,MMB_BRACKET_THICKNESS,Motor Mount Bracket Thickness,dimension,6.0,5.9,6.1,5.9774,mm,False
SPC-MMB_BRACKET_THICKNESS-072-3,2024-05-24,72,3,MMB-001,MMB_BRACKET_THICKNESS,Motor Mount Bracket Thickness,dimension,6.0,5.9,6.1,5.9983,mm,False
SPC-MMB_BRACKET_THICKNESS-072-4,2024-05-24,72,4,MMB-001,MMB_BRACKET_THICKNESS,Motor Mount Bracket Thickness,dimension,6.0,5.9,6.1,6.0596,mm,False
SPC-MMB_BRACKET_THICKNESS-072-5,2024-05-24,72,5,MMB-001,MMB_BRACKET_THICKNESS,Motor Mount Bracket Thickness,dimension,6.0,5.9,6.1,5.9781,mm,False
SPC-MMB_BRACKET_THICKNESS-073-1,2024-05-26,73,1,MMB-001,MMB_BRACKET_THICKNESS,Motor Mount Bracket Thickness,dimension,6.0,5.9,6.1,6.0545,mm,False
SPC-MMB_BRACKET_THICKNESS-073-2,2024-05-26,73,2,MMB-001,MMB_BRACKET_THICKNESS,Motor Mount Bracket Thickness,dimension,6.0,5.9,6.1,5.9784,mm,False
SPC-MMB_BRACKET_THICKNESS-073-3,2024-05-26,73,3,MMB-001,MMB_BRACKET_THICKNESS,Motor Mount Bracket Thickness,dimension,6.0,5.9,6.1,6.0023,mm,False
SPC-MMB_BRACKET_THICKNESS-073-4,2024-05-26,73,4,MMB-001,MMB_BRACKET_THICKNESS,Motor Mount Bracket Thickness,dimension,6.0,5.9,6.1,6.0122,mm,False
SPC-MMB_BRACKET_THICKNESS-073-5,2024-05-26,73,5,MMB-001,MMB_BRACKET_THICKNESS,Motor Mount Bracket Thickness,dimension,6.0,5.9,6.1,6.0662,mm,False
SPC-MMB_BRACKET_THICKNESS-074-1,2024-05-28,74,1,MMB-001,MMB_BRACKET_THICKNESS,Motor Mount Bracket Thickness,dimension,6.0,5.9,6.1,6.0235,mm,False
SPC-MMB_BRACKET_THICKNESS-074-2,2024-05-28,74,2,MMB-001,MMB_BRACKET_THICKNESS,Motor Mount Bracket Thickness,dimension,6.0,5.9,6.1,6.0174,mm,False
SPC-MMB_BRACKET_THICKNESS-074-3,2024-05-28,74,3,MMB-001,MMB_BRACKET_THICKNESS,Motor Mount Bracket Thickness,dimension,6.0,5.9,6.1,5.9994,mm,False
SPC-MMB_BRACKET_THICKNESS-074-4,2024-05-28,74,4,MMB-001,MMB_BRACKET_THICKNESS,Motor Mount Bracket Thickness,dimension,6.0,5.9,6.1,6.0358,mm,False
SPC-MMB_BRACKET_THICKNESS-074-5,2024-05-28,74,5,MMB-001,MMB_BRACKET_THICKNESS,Motor Mount Bracket Thickness,dimension,6.0,5.9,6.1,6.01,mm,False
SPC-MMB_BRACKET_THICKNESS-075-1,2024-05-30,75,1,MMB-001,MMB_BRACKET_THICKNESS,Motor Mount Bracket Thickness,dimension,6.0,5.9,6.1,6.0183,mm,False
SPC-MMB_BRACKET_THICKNESS-075-2,2024-05-30,75,2,MMB-001,MMB_BRACKET_THICKNESS,Motor Mount Bracket Thickness,dimension,6.0,5.9,6.1,6.015,mm,False
SPC-MMB_BRACKET_THICKNESS-075-3,2024-05-30,75,3,MMB-001,MMB_BRACKET_THICKNESS,Motor Mount Bracket Thickness,dimension,6.0,5.9,6.1,6.042,mm,False
SPC-MMB_BRACKET_THICKNESS-075-4,2024-05-30,75,4,MMB-001,MMB_BRACKET_THICKNESS,Motor Mount Bracket Thickness,dimension,6.0,5.9,6.1,6.043,mm,False
SPC-MMB_BRACKET_THICKNESS-075-5,2024-05-30,75,5,MMB-001,MMB_BRACKET_THICKNESS,Motor Mount Bracket Thickness,dimension,6.0,5.9,6.1,6.0017,mm,False
SPC-MMB_BRACKET_THICKNESS-076-1,2024-06-01,76,1,MMB-001,MMB_BRACKET_THICKNESS,Motor Mount Bracket Thickness,dimension,6.0,5.9,6.1,6.0095,mm,False
SPC-MMB_BRACKET_THICKNESS-076-2,2024-06-01,76,2,MMB-001,MMB_BRACKET_THICKNESS,Motor Mount Bracket Thickness,dimension,6.0,5.9,6.1,6.0071,mm,False
SPC-MMB_BRACKET_THICKNESS-076-3,2024-06-01,76,3,MMB-001,MMB_BRACKET_THICKNESS,Motor Mount Bracket Thickness,dimension,6.0,5.9,6.1,6.0298,mm,False
SPC-MMB_BRACKET_THICKNESS-076-4,2024-06-01,76,4,MMB-001,MMB_BRACKET_THICKNESS,Motor Mount Bracket Thickness,dimension,6.0,5.9,6.1,6.0479,mm,False
SPC-MMB_BRACKET_THICKNESS-076-5,2024-06-01,76,5,MMB-001,MMB_BRACKET_THICKNESS,Motor Mount Bracket Thickness,dimension,6.0,5.9,6.1,6.0301,mm,False
SPC-MMB_BRACKET_THICKNESS-077-1,2024-06-03,77,1,MMB-001,MMB_BRACKET_THICKNESS,Motor Mount Bracket Thickness,dimension,6.0,5.9,6.1,5.9716,mm,False
SPC-MMB_BRACKET_THICKNESS-077-2,2024-06-03,77,2,MMB-001,MMB_BRACKET_THICKNESS,Motor Mount Bracket Thickness,dimension,6.0,5.9,6.1,6.0454,mm,False
SPC-MMB_BRACKET_THICKNESS-077-3,2024-06-03,77,3,MMB-001,MMB_BRACKET_THICKNESS,Motor Mount Bracket Thickness,dimension,6.0,5.9,6.1,5.9927,mm,False
SPC-MMB_BRACKET_THICKNESS-077-4,2024-06-03,77,4,MMB-001,MMB_BRACKET_THICKNESS,Motor Mount Bracket Thickness,dimension,6.0,5.9,6.1,6.0085,mm,False
SPC-MMB_BRACKET_THICKNESS-077-5,2024-06-03,77,5,MMB-001,MMB_BRACKET_THICKNESS,Motor Mount Bracket Thickness,dimension,6.0,5.9,6.1,6.0314,mm,False
SPC-MMB_BRACKET_THICKNESS-078-1,2024-06-05,78,1,MMB-001,MMB_BRACKET_THICKNESS,Motor Mount Bracket Thickness,dimension,6.0,5.9,6.1,6.0255,mm,False
SPC-MMB_BRACKET_THICKNESS-078-2,2024-06-05,78,2,MMB-001,MMB_BRACKET_THICKNESS,Motor Mount Bracket Thickness,dimension,6.0,5.9,6.1,6.0494,mm,False
SPC-MMB_BRACKET_THICKNESS-078-3,2024-06-05,78,3,MMB-001,MMB_BRACKET_THICKNESS,Motor Mount Bracket Thickness,dimension,6.0,5.9,6.1,6.0123,mm,False
SPC-MMB_BRACKET_THICKNESS-078-4,2024-06-05,78,4,MMB-001,MMB_BRACKET_THICKNESS,Motor Mount Bracket Thickness,dimension,6.0,5.9,6.1,6.0034,mm,False
SPC-MMB_BRACKET_THICKNESS-078-5,2024-06-05,78,5,MMB-001,MMB_BRACKET_THICKNESS,Motor Mount Bracket Thickness,dimension,6.0,5.9,6.1,6.0198,mm,False
SPC-MMB_BRACKET_THICKNESS-079-1,2024-06-07,79,1,MMB-001,MMB_BRACKET_THICKNESS,Motor Mount Bracket Thickness,dimension,6.0,5.9,6.1,6.0532,mm,False
SPC-MMB_BRACKET_THICKNESS-079-2,2024-06-07,79,2,MMB-001,MMB_BRACKET_THICKNESS,Motor Mount Bracket Thickness,dimension,6.0,5.9,6.1,6.0445,mm,False
SPC-MMB_BRACKET_THICKNESS-079-3,2024-06-07,79,3,MMB-001,MMB_BRACKET_THICKNESS,Motor Mount Bracket Thickness,dimension,6.0,5.9,6.1,6.031,mm,False
SPC-MMB_BRACKET_THICKNESS-079-4,2024-06-07,79,4,MMB-001,MMB_BRACKET_THICKNESS,Motor Mount Bracket Thickness,dimension,6.0,5.9,6.1,6.0619,mm,False
SPC-MMB_BRACKET_THICKNESS-079-5,2024-06-07,79,5,MMB-001,MMB_BRACKET_THICKNESS,Motor Mount Bracket Thickness,dimension,6.0,5.9,6.1,6.0574,mm,False
SPC-MMB_BRACKET_THICKNESS-080-1,2024-06-09,80,1,MMB-001,MMB_BRACKET_THICKNESS,Motor Mount Bracket Thickness,dimension,6.0,5.9,6.1,6.0497,mm,False
SPC-MMB_BRACKET_THICKNESS-080-2,2024-06-09,80,2,MMB-001,MMB_BRACKET_THICKNESS,Motor Mount Bracket Thickness,dimension,6.0,5.9,6.1,6.0006,mm,False
SPC-MMB_BRACKET_THICKNESS-080-3,2024-06-09,80,3,MMB-001,MMB_BRACKET_THICKNESS,Motor Mount Bracket Thickness,dimension,6.0,5.9,6.1,6.0496,mm,False
SPC-MMB_BRACKET_THICKNESS-080-4,2024-06-09,80,4,MMB-001,MMB_BRACKET_THICKNESS,Motor Mount Bracket Thickness,dimension,6.0,5.9,6.1,6.0249,mm,False
SPC-MMB_BRACKET_THICKNESS-080-5,2024-06-09,80,5,MMB-001,MMB_BRACKET_THICKNESS,Motor Mount Bracket Thickness,dimension,6.0,5.9,6.1,6.0201,mm,False
SPC-MMB_BRACKET_THICKNESS-081-1,2024-06-11,81,1,MMB-001,MMB_BRACKET_THICKNESS,Motor Mount Bracket Thickness,dimension,6.0,5.9,6.1,6.0141,mm,False
SPC-MMB_BRACKET_THICKNESS-081-2,2024-06-11,81,2,MMB-001,MMB_BRACKET_THICKNESS,Motor Mount Bracket Thickness,dimension,6.0,5.9,6.1,6.0269,mm,False
SPC-MMB_BRACKET_THICKNESS-081-3,2024-06-11,81,3,MMB-001,MMB_BRACKET_THICKNESS,Motor Mount Bracket Thickness,dimension,6.0,5.9,6.1,6.0156,mm,False
SPC-MMB_BRACKET_THICKNESS-081-4,2024-06-11,81,4,MMB-001,MMB_BRACKET_THICKNESS,Motor Mount Bracket Thickness,dimension,6.0,5.9,6.1,6.0354,mm,False
SPC-MMB_BRACKET_THICKNESS-081-5,2024-06-11,81,5,MMB-001,MMB_BRACKET_THICKNESS,Motor Mount Bracket Thickness,dimension,6.0,5.9,6.1,6.0269,mm,False
SPC-MMB_BRACKET_THICKNESS-082-1,2024-06-13,82,1,MMB-001,MMB_BRACKET_THICKNESS,Motor Mount Bracket Thickness,dimension,6.0,5.9,6.1,6.0379,mm,False
SPC-MMB_BRACKET_THICKNESS-082-2,2024-06-13,82,2,MMB-001,MMB_BRACKET_THICKNESS,Motor Mount Bracket Thickness,dimension,6.0,5.9,6.1,6.0462,mm,False
SPC-MMB_BRACKET_THICKNESS-082-3,2024-06-13,82,3,MMB-001,MMB_BRACKET_THICKNESS,Motor Mount Bracket Thickness,dimension,6.0,5.9,6.1,6.025,mm,False
SPC-MMB_BRACKET_THICKNESS-082-4,2024-06-13,82,4,MMB-001,MMB_BRACKET_THICKNESS,Motor Mount Bracket Thickness,dimension,6.0,5.9,6.1,6.014,mm,False
SPC-MMB_BRACKET_THICKNESS-082-5,2024-06-13,82,5,MMB-001,MMB_BRACKET_THICKNESS,Motor Mount Bracket Thickness,dimension,6.0,5.9,6.1,5.9822,mm,False
SPC-MMB_BRACKET_THICKNESS-083-1,2024-06-15,83,1,MMB-001,MMB_BRACKET_THICKNESS,Motor Mount Bracket Thickness,dimension,6.0,5.9,6.1,6.0529,mm,False
SPC-MMB_BRACKET_THICKNESS-083-2,2024-06-15,83,2,MMB-001,MMB_BRACKET_THICKNESS,Motor Mount Bracket Thickness,dimension,6.0,5.9,6.1,6.0356,mm,False
SPC-MMB_BRACKET_THICKNESS-083-3,2024-06-15,83,3,MMB-001,MMB_BRACKET_THICKNESS,Motor Mount Bracket Thickness,dimension,6.0,5.9,6.1,6.0292,mm,False
SPC-MMB_BRACKET_THICKNESS-083-4,2024-06-15,83,4,MMB-001,MMB_BRACKET_THICKNESS,Motor Mount Bracket Thickness,dimension,6.0,5.9,6.1,6.0629,mm,False
SPC-MMB_BRACKET_THICKNESS-083-5,2024-06-15,83,5,MMB-001,MMB_BRACKET_THICKNESS,Motor Mount Bracket Thickness,dimension,6.0,5.9,6.1,6.0014,mm,False
SPC-MMB_BRACKET_THICKNESS-084-1,2024-06-17,84,1,MMB-001,MMB_BRACKET_THICKNESS,Motor Mount Bracket Thickness,dimension,6.0,5.9,6.1,6.0362,mm,False
SPC-MMB_BRACKET_THICKNESS-084-2,2024-06-17,84,2,MMB-001,MMB_BRACKET_THICKNESS,Motor Mount Bracket Thickness,dimension,6.0,5.9,6.1,6.0107,mm,False
SPC-MMB_BRACKET_THICKNESS-084-3,2024-06-17,84,3,MMB-001,MMB_BRACKET_THICKNESS,Motor Mount Bracket Thickness,dimension,6.0,5.9,6.1,6.0512,mm,False
SPC-MMB_BRACKET_THICKNESS-084-4,2024-06-17,84,4,MMB-001,MMB_BRACKET_THICKNESS,Motor Mount Bracket Thickness,dimension,6.0,5.9,6.1,5.9791,mm,False
SPC-MMB_BRACKET_THICKNESS-084-5,2024-06-17,84,5,MMB-001,MMB_BRACKET_THICKNESS,Motor Mount Bracket Thickness,dimension,6.0,5.9,6.1,6.0549,mm,False
SPC-MMB_BRACKET_THICKNESS-085-1,2024-06-19,85,1,MMB-001,MMB_BRACKET_THICKNESS,Motor Mount Bracket Thickness,dimension,6.0,5.9,6.1,6.0551,mm,False
SPC-MMB_BRACKET_THICKNESS-085-2,2024-06-19,85,2,MMB-001,MMB_BRACKET_THICKNESS,Motor Mount Bracket Thickness,dimension,6.0,5.9,6.1,6.0129,mm,False
SPC-MMB_BRACKET_THICKNESS-085-3,2024-06-19,85,3,MMB-001,MMB_BRACKET_THICKNESS,Motor Mount Bracket Thickness,dimension,6.0,5.9,6.1,6.0377,mm,False
SPC-MMB_BRACKET_THICKNESS-085-4,2024-06-19,85,4,MMB-001,MMB_BRACKET_THICKNESS,Motor Mount Bracket Thickness,dimension,6.0,5.9,6.1,6.0135,mm,False
SPC-MMB_BRACKET_THICKNESS-085-5,2024-06-19,85,5,MMB-001,MMB_BRACKET_THICKNESS,Motor Mount Bracket Thickness,dimension,6.0,5.9,6.1,6.0467,mm,False
SPC-MMB_BRACKET_THICKNESS-086-1,2024-06-21,86,1,MMB-001,MMB_BRACKET_THICKNESS,Motor Mount Bracket Thickness,dimension,6.0,5.9,6.1,6.0577,mm,False
SPC-MMB_BRACKET_THICKNESS-086-2,2024-06-21,86,2,MMB-001,MMB_BRACKET_THICKNESS,Motor Mount Bracket Thickness,dimension,6.0,5.9,6.1,6.0121,mm,False
SPC-MMB_BRACKET_THICKNESS-086-3,2024-06-21,86,3,MMB-001,MMB_BRACKET_THICKNESS,Motor Mount Bracket Thickness,dimension,6.0,5.9,6.1,6.0048,mm,False
SPC-MMB_BRACKET_THICKNESS-086-4,2024-06-21,86,4,MMB-001,MMB_BRACKET_THICKNESS,Motor Mount Bracket Thickness,dimension,6.0,5.9,6.1,6.0646,mm,False
SPC-MMB_BRACKET_THICKNESS-086-5,2024-06-21,86,5,MMB-001,MMB_BRACKET_THICKNESS,Motor Mount Bracket Thickness,dimension,6.0,5.9,6.1,6.0857,mm,False
SPC-MMB_BRACKET_THICKNESS-087-1,2024-06-23,87,1,MMB-001,MMB_BRACKET_THICKNESS,Motor Mount Bracket Thickness,dimension,6.0,5.9,6.1,6.0508,mm,False
SPC-MMB_BRACKET_THICKNESS-087-2,2024-06-23,87,2,MMB-001,MMB_BRACKET_THICKNESS,Motor Mount Bracket Thickness,dimension,6.0,5.9,6.1,6.0526,mm,False
SPC-MMB_BRACKET_THICKNESS-087-3,2024-06-23,87,3,MMB-001,MMB_BRACKET_THICKNESS,Motor Mount Bracket Thickness,dimension,6.0,5.9,6.1,6.0301,mm,False
SPC-MMB_BRACKET_THICKNESS-087-4,2024-06-23,87,4,MMB-001,MMB_BRACKET_THICKNESS,Motor Mount Bracket Thickness,dimension,6.0,5.9,6.1,6.0429,mm,False
SPC-MMB_BRACKET_THICKNESS-087-5,2024-06-23,87,5,MMB-001,MMB_BRACKET_THICKNESS,Motor Mount Bracket Thickness,dimension,6.0,5.9,6.1,6.0472,mm,False
SPC-MMB_BRACKET_THICKNESS-088-1,2024-06-25,88,1,MMB-001,MMB_BRACKET_THICKNESS,Motor Mount Bracket Thickness,dimension,6.0,5.9,6.1,6.035,mm,False
SPC-MMB_BRACKET_THICKNESS-088-2,2024-06-25,88,2,MMB-001,MMB_BRACKET_THICKNESS,Motor Mount Bracket Thickness,dimension,6.0,5.9,6.1,6.0733,mm,False
SPC-MMB_BRACKET_THICKNESS-088-3,2024-06-25,88,3,MMB-001,MMB_BRACKET_THICKNESS,Motor Mount Bracket Thickness,dimension,6.0,5.9,6.1,6.044,mm,False
SPC-MMB_BRACKET_THICKNESS-088-4,2024-06-25,88,4,MMB-001,MMB_BRACKET_THICKNESS,Motor Mount Bracket Thickness,dimension,6.0,5.9,6.1,6.0472,mm,False
SPC-MMB_BRACKET_THICKNESS-088-5,2024-06-25,88,5,MMB-001,MMB_BRACKET_THICKNESS,Motor Mount Bracket Thickness,dimension,6.0,5.9,6.1,6.0356,mm,False
SPC-MMB_BRACKET_THICKNESS-089-1,2024-06-27,89,1,MMB-001,MMB_BRACKET_THICKNESS,Motor Mount Bracket Thickness,dimension,6.0,5.9,6.1,6.0393,mm,False
SPC-MMB_BRACKET_THICKNESS-089-2,2024-06-27,89,2,MMB-001,MMB_BRACKET_THICKNESS,Motor Mount Bracket Thickness,dimension,6.0,5.9,6.1,6.0713,mm,False
SPC-MMB_BRACKET_THICKNESS-089-3,2024-06-27,89,3,MMB-001,MMB_BRACKET_THICKNESS,Motor Mount Bracket Thickness,dimension,6.0,5.9,6.1,6.0444,mm,False
SPC-MMB_BRACKET_THICKNESS-089-4,2024-06-27,89,4,MMB-001,MMB_BRACKET_THICKNESS,Motor Mount Bracket Thickness,dimension,6.0,5.9,6.1,6.045,mm,False
SPC-MMB_BRACKET_THICKNESS-089-5,2024-06-27,89,5,MMB-001,MMB_BRACKET_THICKNESS,Motor Mount Bracket Thickness,dimension,6.0,5.9,6.1,6.0454,mm,False
SPC-MMB_BRACKET_THICKNESS-090-1,2024-06-29,90,1,MMB-001,MMB_BRACKET_THICKNESS,Motor Mount Bracket Thickness,dimension,6.0,5.9,6.1,6.0329,mm,False
SPC-MMB_BRACKET_THICKNESS-090-2,2024-06-29,90,2,MMB-001,MMB_BRACKET_THICKNESS,Motor Mount Bracket Thickness,dimension,6.0,5.9,6.1,6.0068,mm,False
SPC-MMB_BRACKET_THICKNESS-090-3,2024-06-29,90,3,MMB-001,MMB_BRACKET_THICKNESS,Motor Mount Bracket Thickness,dimension,6.0,5.9,6.1,6.0813,mm,False
SPC-MMB_BRACKET_THICKNESS-090-4,2024-06-29,90,4,MMB-001,MMB_BRACKET_THICKNESS,Motor Mount Bracket Thickness,dimension,6.0,5.9,6.1,6.0687,mm,False
SPC-MMB_BRACKET_THICKNESS-090-5,2024-06-29,90,5,MMB-001,MMB_BRACKET_THICKNESS,Motor Mount Bracket Thickness,dimension,6.0,5.9,6.1,6.0732,mm,False
SPC-MMB_SLOT_WIDTH-001-1,2024-01-03,1,1,MMB-001,MMB_SLOT_WIDTH,Motor Mount Alignment Slot Width,dimension,8.0,7.9,8.1,7.9764,mm,False
SPC-MMB_SLOT_WIDTH-001-2,2024-01-03,1,2,MMB-001,MMB_SLOT_WIDTH,Motor Mount Alignment Slot Width,dimension,8.0,7.9,8.1,8.0318,mm,False
SPC-MMB_SLOT_WIDTH-001-3,2024-01-03,1,3,MMB-001,MMB_SLOT_WIDTH,Motor Mount Alignment Slot Width,dimension,8.0,7.9,8.1,8.0433,mm,False
SPC-MMB_SLOT_WIDTH-001-4,2024-01-03,1,4,MMB-001,MMB_SLOT_WIDTH,Motor Mount Alignment Slot Width,dimension,8.0,7.9,8.1,8.023,mm,False
SPC-MMB_SLOT_WIDTH-001-5,2024-01-03,1,5,MMB-001,MMB_SLOT_WIDTH,Motor Mount Alignment Slot Width,dimension,8.0,7.9,8.1,8.0363,mm,False
SPC-MMB_SLOT_WIDTH-002-1,2024-01-05,2,1,MMB-001,MMB_SLOT_WIDTH,Motor Mount Alignment Slot Width,dimension,8.0,7.9,8.1,8.0176,mm,False
SPC-MMB_SLOT_WIDTH-002-2,2024-01-05,2,2,MMB-001,MMB_SLOT_WIDTH,Motor Mount Alignment Slot Width,dimension,8.0,7.9,8.1,7.9814,mm,False
SPC-MMB_SLOT_WIDTH-002-3,2024-01-05,2,3,MMB-001,MMB_SLOT_WIDTH,Motor Mount Alignment Slot Width,dimension,8.0,7.9,8.1,8.0112,mm,False
SPC-MMB_SLOT_WIDTH-002-4,2024-01-05,2,4,MMB-001,MMB_SLOT_WIDTH,Motor Mount Alignment Slot Width,dimension,8.0,7.9,8.1,7.9776,mm,False
SPC-MMB_SLOT_WIDTH-002-5,2024-01-05,2,5,MMB-001,MMB_SLOT_WIDTH,Motor Mount Alignment Slot Width,dimension,8.0,7.9,8.1,7.9869,mm,False
SPC-MMB_SLOT_WIDTH-003-1,2024-01-07,3,1,MMB-001,MMB_SLOT_WIDTH,Motor Mount Alignment Slot Width,dimension,8.0,7.9,8.1,8.007,mm,False
SPC-MMB_SLOT_WIDTH-003-2,2024-01-07,3,2,MMB-001,MMB_SLOT_WIDTH,Motor Mount Alignment Slot Width,dimension,8.0,7.9,8.1,8.004,mm,False
SPC-MMB_SLOT_WIDTH-003-3,2024-01-07,3,3,MMB-001,MMB_SLOT_WIDTH,Motor Mount Alignment Slot Width,dimension,8.0,7.9,8.1,8.0102,mm,False
SPC-MMB_SLOT_WIDTH-003-4,2024-01-07,3,4,MMB-001,MMB_SLOT_WIDTH,Motor Mount Alignment Slot Width,dimension,8.0,7.9,8.1,7.9606,mm,False
SPC-MMB_SLOT_WIDTH-003-5,2024-01-07,3,5,MMB-001,MMB_SLOT_WIDTH,Motor Mount Alignment Slot Width,dimension,8.0,7.9,8.1,7.9966,mm,False
SPC-MMB_SLOT_WIDTH-004-1,2024-01-09,4,1,MMB-001,MMB_SLOT_WIDTH,Motor Mount Alignment Slot Width,dimension,8.0,7.9,8.1,8.0121,mm,False
SPC-MMB_SLOT_WIDTH-004-2,2024-01-09,4,2,MMB-001,MMB_SLOT_WIDTH,Motor Mount Alignment Slot Width,dimension,8.0,7.9,8.1,8.0165,mm,False
SPC-MMB_SLOT_WIDTH-004-3,2024-01-09,4,3,MMB-001,MMB_SLOT_WIDTH,Motor Mount Alignment Slot Width,dimension,8.0,7.9,8.1,8.0179,mm,False
SPC-MMB_SLOT_WIDTH-004-4,2024-01-09,4,4,MMB-001,MMB_SLOT_WIDTH,Motor Mount Alignment Slot Width,dimension,8.0,7.9,8.1,8.0055,mm,False
SPC-MMB_SLOT_WIDTH-004-5,2024-01-09,4,5,MMB-001,MMB_SLOT_WIDTH,Motor Mount Alignment Slot Width,dimension,8.0,7.9,8.1,7.9917,mm,False
SPC-MMB_SLOT_WIDTH-005-1,2024-01-11,5,1,MMB-001,MMB_SLOT_WIDTH,Motor Mount Alignment Slot Width,dimension,8.0,7.9,8.1,8.011,mm,False
SPC-MMB_SLOT_WIDTH-005-2,2024-01-11,5,2,MMB-001,MMB_SLOT_WIDTH,Motor Mount Alignment Slot Width,dimension,8.0,7.9,8.1,7.9934,mm,False
SPC-MMB_SLOT_WIDTH-005-3,2024-01-11,5,3,MMB-001,MMB_SLOT_WIDTH,Motor Mount Alignment Slot Width,dimension,8.0,7.9,8.1,8.0198,mm,False
SPC-MMB_SLOT_WIDTH-005-4,2024-01-11,5,4,MMB-001,MMB_SLOT_WIDTH,Motor Mount Alignment Slot Width,dimension,8.0,7.9,8.1,8.0094,mm,False
SPC-MMB_SLOT_WIDTH-005-5,2024-01-11,5,5,MMB-001,MMB_SLOT_WIDTH,Motor Mount Alignment Slot Width,dimension,8.0,7.9,8.1,7.9986,mm,False
SPC-MMB_SLOT_WIDTH-006-1,2024-01-13,6,1,MMB-001,MMB_SLOT_WIDTH,Motor Mount Alignment Slot Width,dimension,8.0,7.9,8.1,7.9831,mm,False
SPC-MMB_SLOT_WIDTH-006-2,2024-01-13,6,2,MMB-001,MMB_SLOT_WIDTH,Motor Mount Alignment Slot Width,dimension,8.0,7.9,8.1,8.0246,mm,False
SPC-MMB_SLOT_WIDTH-006-3,2024-01-13,6,3,MMB-001,MMB_SLOT_WIDTH,Motor Mount Alignment Slot Width,dimension,8.0,7.9,8.1,8.0123,mm,False
SPC-MMB_SLOT_WIDTH-006-4,2024-01-13,6,4,MMB-001,MMB_SLOT_WIDTH,Motor Mount Alignment Slot Width,dimension,8.0,7.9,8.1,8.0463,mm,False
SPC-MMB_SLOT_WIDTH-006-5,2024-01-13,6,5,MMB-001,MMB_SLOT_WIDTH,Motor Mount Alignment Slot Width,dimension,8.0,7.9,8.1,8.0116,mm,False
SPC-MMB_SLOT_WIDTH-007-1,2024-01-15,7,1,MMB-001,MMB_SLOT_WIDTH,Motor Mount Alignment Slot Width,dimension,8.0,7.9,8.1,8.0134,mm,False
SPC-MMB_SLOT_WIDTH-007-2,2024-01-15,7,2,MMB-001,MMB_SLOT_WIDTH,Motor Mount Alignment Slot Width,dimension,8.0,7.9,8.1,7.9678,mm,False
SPC-MMB_SLOT_WIDTH-007-3,2024-01-15,7,3,MMB-001,MMB_SLOT_WIDTH,Motor Mount Alignment Slot Width,dimension,8.0,7.9,8.1,8.0068,mm,False
SPC-MMB_SLOT_WIDTH-007-4,2024-01-15,7,4,MMB-001,MMB_SLOT_WIDTH,Motor Mount Alignment Slot Width,dimension,8.0,7.9,8.1,7.993,mm,False
SPC-MMB_SLOT_WIDTH-007-5,2024-01-15,7,5,MMB-001,MMB_SLOT_WIDTH,Motor Mount Alignment Slot Width,dimension,8.0,7.9,8.1,8.0182,mm,False
SPC-MMB_SLOT_WIDTH-008-1,2024-01-17,8,1,MMB-001,MMB_SLOT_WIDTH,Motor Mount Alignment Slot Width,dimension,8.0,7.9,8.1,8.0074,mm,False
SPC-MMB_SLOT_WIDTH-008-2,2024-01-17,8,2,MMB-001,MMB_SLOT_WIDTH,Motor Mount Alignment Slot Width,dimension,8.0,7.9,8.1,8.0217,mm,False
SPC-MMB_SLOT_WIDTH-008-3,2024-01-17,8,3,MMB-001,MMB_SLOT_WIDTH,Motor Mount Alignment Slot Width,dimension,8.0,7.9,8.1,8.0469,mm,False
SPC-MMB_SLOT_WIDTH-008-4,2024-01-17,8,4,MMB-001,MMB_SLOT_WIDTH,Motor Mount Alignment Slot Width,dimension,8.0,7.9,8.1,7.9824,mm,False
SPC-MMB_SLOT_WIDTH-008-5,2024-01-17,8,5,MMB-001,MMB_SLOT_WIDTH,Motor Mount Alignment Slot Width,dimension,8.0,7.9,8.1,8.0208,mm,False
SPC-MMB_SLOT_WIDTH-009-1,2024-01-19,9,1,MMB-001,MMB_SLOT_WIDTH,Motor Mount Alignment Slot Width,dimension,8.0,7.9,8.1,8.015,mm,False
SPC-MMB_SLOT_WIDTH-009-2,2024-01-19,9,2,MMB-001,MMB_SLOT_WIDTH,Motor Mount Alignment Slot Width,dimension,8.0,7.9,8.1,8.0435,mm,False
SPC-MMB_SLOT_WIDTH-009-3,2024-01-19,9,3,MMB-001,MMB_SLOT_WIDTH,Motor Mount Alignment Slot Width,dimension,8.0,7.9,8.1,8.0155,mm,False
SPC-MMB_SLOT_WIDTH-009-4,2024-01-19,9,4,MMB-001,MMB_SLOT_WIDTH,Motor Mount Alignment Slot Width,dimension,8.0,7.9,8.1,8.0132,mm,False
SPC-MMB_SLOT_WIDTH-009-5,2024-01-19,9,5,MMB-001,MMB_SLOT_WIDTH,Motor Mount Alignment Slot Width,dimension,8.0,7.9,8.1,8.0187,mm,False
SPC-MMB_SLOT_WIDTH-010-1,2024-01-21,10,1,MMB-001,MMB_SLOT_WIDTH,Motor Mount Alignment Slot Width,dimension,8.0,7.9,8.1,8.0203,mm,False
SPC-MMB_SLOT_WIDTH-010-2,2024-01-21,10,2,MMB-001,MMB_SLOT_WIDTH,Motor Mount Alignment Slot Width,dimension,8.0,7.9,8.1,8.032,mm,False
SPC-MMB_SLOT_WIDTH-010-3,2024-01-21,10,3,MMB-001,MMB_SLOT_WIDTH,Motor Mount Alignment Slot Width,dimension,8.0,7.9,8.1,7.982,mm,False
SPC-MMB_SLOT_WIDTH-010-4,2024-01-21,10,4,MMB-001,MMB_SLOT_WIDTH,Motor Mount Alignment Slot Width,dimension,8.0,7.9,8.1,7.9914,mm,False
SPC-MMB_SLOT_WIDTH-010-5,2024-01-21,10,5,MMB-001,MMB_SLOT_WIDTH,Motor Mount Alignment Slot Width,dimension,8.0,7.9,8.1,8.0382,mm,False
SPC-MMB_SLOT_WIDTH-011-1,2024-01-23,11,1,MMB-001,MMB_SLOT_WIDTH,Motor Mount Alignment Slot Width,dimension,8.0,7.9,8.1,7.9569,mm,False
SPC-MMB_SLOT_WIDTH-011-2,2024-01-23,11,2,MMB-001,MMB_SLOT_WIDTH,Motor Mount Alignment Slot Width,dimension,8.0,7.9,8.1,7.9981,mm,False
SPC-MMB_SLOT_WIDTH-011-3,2024-01-23,11,3,MMB-001,MMB_SLOT_WIDTH,Motor Mount Alignment Slot Width,dimension,8.0,7.9,8.1,8.0033,mm,False
SPC-MMB_SLOT_WIDTH-011-4,2024-01-23,11,4,MMB-001,MMB_SLOT_WIDTH,Motor Mount Alignment Slot Width,dimension,8.0,7.9,8.1,7.9961,mm,False
SPC-MMB_SLOT_WIDTH-011-5,2024-01-23,11,5,MMB-001,MMB_SLOT_WIDTH,Motor Mount Alignment Slot Width,dimension,8.0,7.9,8.1,8.0348,mm,False
SPC-MMB_SLOT_WIDTH-012-1,2024-01-25,12,1,MMB-001,MMB_SLOT_WIDTH,Motor Mount Alignment Slot Width,dimension,8.0,7.9,8.1,8.0105,mm,False
SPC-MMB_SLOT_WIDTH-012-2,2024-01-25,12,2,MMB-001,MMB_SLOT_WIDTH,Motor Mount Alignment Slot Width,dimension,8.0,7.9,8.1,7.9915,mm,False
SPC-MMB_SLOT_WIDTH-012-3,2024-01-25,12,3,MMB-001,MMB_SLOT_WIDTH,Motor Mount Alignment Slot Width,dimension,8.0,7.9,8.1,7.986,mm,False
SPC-MMB_SLOT_WIDTH-012-4,2024-01-25,12,4,MMB-001,MMB_SLOT_WIDTH,Motor Mount Alignment Slot Width,dimension,8.0,7.9,8.1,8.0062,mm,False
SPC-MMB_SLOT_WIDTH-012-5,2024-01-25,12,5,MMB-001,MMB_SLOT_WIDTH,Motor Mount Alignment Slot Width,dimension,8.0,7.9,8.1,8.0257,mm,False
SPC-MMB_SLOT_WIDTH-013-1,2024-01-27,13,1,MMB-001,MMB_SLOT_WIDTH,Motor Mount Alignment Slot Width,dimension,8.0,7.9,8.1,8.003,mm,False
SPC-MMB_SLOT_WIDTH-013-2,2024-01-27,13,2,MMB-001,MMB_SLOT_WIDTH,Motor Mount Alignment Slot Width,dimension,8.0,7.9,8.1,7.997,mm,False
SPC-MMB_SLOT_WIDTH-013-3,2024-01-27,13,3,MMB-001,MMB_SLOT_WIDTH,Motor Mount Alignment Slot Width,dimension,8.0,7.9,8.1,7.9847,mm,False
SPC-MMB_SLOT_WIDTH-013-4,2024-01-27,13,4,MMB-001,MMB_SLOT_WIDTH,Motor Mount Alignment Slot Width,dimension,8.0,7.9,8.1,8.0082,mm,False
SPC-MMB_SLOT_WIDTH-013-5,2024-01-27,13,5,MMB-001,MMB_SLOT_WIDTH,Motor Mount Alignment Slot Width,dimension,8.0,7.9,8.1,8.007,mm,False
SPC-MMB_SLOT_WIDTH-014-1,2024-01-29,14,1,MMB-001,MMB_SLOT_WIDTH,Motor Mount Alignment Slot Width,dimension,8.0,7.9,8.1,7.9841,mm,False
SPC-MMB_SLOT_WIDTH-014-2,2024-01-29,14,2,MMB-001,MMB_SLOT_WIDTH,Motor Mount Alignment Slot Width,dimension,8.0,7.9,8.1,8.0226,mm,False
SPC-MMB_SLOT_WIDTH-014-3,2024-01-29,14,3,MMB-001,MMB_SLOT_WIDTH,Motor Mount Alignment Slot Width,dimension,8.0,7.9,8.1,8.0375,mm,False
SPC-MMB_SLOT_WIDTH-014-4,2024-01-29,14,4,MMB-001,MMB_SLOT_WIDTH,Motor Mount Alignment Slot Width,dimension,8.0,7.9,8.1,8.0011,mm,False
SPC-MMB_SLOT_WIDTH-014-5,2024-01-29,14,5,MMB-001,MMB_SLOT_WIDTH,Motor Mount Alignment Slot Width,dimension,8.0,7.9,8.1,8.0066,mm,False
SPC-MMB_SLOT_WIDTH-015-1,2024-01-31,15,1,MMB-001,MMB_SLOT_WIDTH,Motor Mount Alignment Slot Width,dimension,8.0,7.9,8.1,7.9757,mm,False
SPC-MMB_SLOT_WIDTH-015-2,2024-01-31,15,2,MMB-001,MMB_SLOT_WIDTH,Motor Mount Alignment Slot Width,dimension,8.0,7.9,8.1,8.0162,mm,False
SPC-MMB_SLOT_WIDTH-015-3,2024-01-31,15,3,MMB-001,MMB_SLOT_WIDTH,Motor Mount Alignment Slot Width,dimension,8.0,7.9,8.1,8.0102,mm,False
SPC-MMB_SLOT_WIDTH-015-4,2024-01-31,15,4,MMB-001,MMB_SLOT_WIDTH,Motor Mount Alignment Slot Width,dimension,8.0,7.9,8.1,7.9928,mm,False
SPC-MMB_SLOT_WIDTH-015-5,2024-01-31,15,5,MMB-001,MMB_SLOT_WIDTH,Motor Mount Alignment Slot Width,dimension,8.0,7.9,8.1,7.9836,mm,False
SPC-MMB_SLOT_WIDTH-016-1,2024-02-02,16,1,MMB-001,MMB_SLOT_WIDTH,Motor Mount Alignment Slot Width,dimension,8.0,7.9,8.1,8.0406,mm,False
SPC-MMB_SLOT_WIDTH-016-2,2024-02-02,16,2,MMB-001,MMB_SLOT_WIDTH,Motor Mount Alignment Slot Width,dimension,8.0,7.9,8.1,8.0084,mm,False
SPC-MMB_SLOT_WIDTH-016-3,2024-02-02,16,3,MMB-001,MMB_SLOT_WIDTH,Motor Mount Alignment Slot Width,dimension,8.0,7.9,8.1,7.9798,mm,False
SPC-MMB_SLOT_WIDTH-016-4,2024-02-02,16,4,MMB-001,MMB_SLOT_WIDTH,Motor Mount Alignment Slot Width,dimension,8.0,7.9,8.1,8.0188,mm,False
SPC-MMB_SLOT_WIDTH-016-5,2024-02-02,16,5,MMB-001,MMB_SLOT_WIDTH,Motor Mount Alignment Slot Width,dimension,8.0,7.9,8.1,8.0051,mm,False
SPC-MMB_SLOT_WIDTH-017-1,2024-02-04,17,1,MMB-001,MMB_SLOT_WIDTH,Motor Mount Alignment Slot Width,dimension,8.0,7.9,8.1,8.0013,mm,False
SPC-MMB_SLOT_WIDTH-017-2,2024-02-04,17,2,MMB-001,MMB_SLOT_WIDTH,Motor Mount Alignment Slot Width,dimension,8.0,7.9,8.1,8.0215,mm,False
SPC-MMB_SLOT_WIDTH-017-3,2024-02-04,17,3,MMB-001,MMB_SLOT_WIDTH,Motor Mount Alignment Slot Width,dimension,8.0,7.9,8.1,7.9425,mm,False
SPC-MMB_SLOT_WIDTH-017-4,2024-02-04,17,4,MMB-001,MMB_SLOT_WIDTH,Motor Mount Alignment Slot Width,dimension,8.0,7.9,8.1,7.9602,mm,False
SPC-MMB_SLOT_WIDTH-017-5,2024-02-04,17,5,MMB-001,MMB_SLOT_WIDTH,Motor Mount Alignment Slot Width,dimension,8.0,7.9,8.1,8.0303,mm,False
SPC-MMB_SLOT_WIDTH-018-1,2024-02-06,18,1,MMB-001,MMB_SLOT_WIDTH,Motor Mount Alignment Slot Width,dimension,8.0,7.9,8.1,7.9972,mm,False
SPC-MMB_SLOT_WIDTH-018-2,2024-02-06,18,2,MMB-001,MMB_SLOT_WIDTH,Motor Mount Alignment Slot Width,dimension,8.0,7.9,8.1,7.9906,mm,False
SPC-MMB_SLOT_WIDTH-018-3,2024-02-06,18,3,MMB-001,MMB_SLOT_WIDTH,Motor Mount Alignment Slot Width,dimension,8.0,7.9,8.1,7.9706,mm,False
SPC-MMB_SLOT_WIDTH-018-4,2024-02-06,18,4,MMB-001,MMB_SLOT_WIDTH,Motor Mount Alignment Slot Width,dimension,8.0,7.9,8.1,8.0043,mm,False
SPC-MMB_SLOT_WIDTH-018-5,2024-02-06,18,5,MMB-001,MMB_SLOT_WIDTH,Motor Mount Alignment Slot Width,dimension,8.0,7.9,8.1,8.007,mm,False
SPC-MMB_SLOT_WIDTH-019-1,2024-02-08,19,1,MMB-001,MMB_SLOT_WIDTH,Motor Mount Alignment Slot Width,dimension,8.0,7.9,8.1,8.0317,mm,False
SPC-MMB_SLOT_WIDTH-019-2,2024-02-08,19,2,MMB-001,MMB_SLOT_WIDTH,Motor Mount Alignment Slot Width,dimension,8.0,7.9,8.1,8.0082,mm,False
SPC-MMB_SLOT_WIDTH-019-3,2024-02-08,19,3,MMB-001,MMB_SLOT_WIDTH,Motor Mount Alignment Slot Width,dimension,8.0,7.9,8.1,7.9933,mm,False
SPC-MMB_SLOT_WIDTH-019-4,2024-02-08,19,4,MMB-001,MMB_SLOT_WIDTH,Motor Mount Alignment Slot Width,dimension,8.0,7.9,8.1,8.0089,mm,False
SPC-MMB_SLOT_WIDTH-019-5,2024-02-08,19,5,MMB-001,MMB_SLOT_WIDTH,Motor Mount Alignment Slot Width,dimension,8.0,7.9,8.1,8.0244,mm,False
SPC-MMB_SLOT_WIDTH-020-1,2024-02-10,20,1,MMB-001,MMB_SLOT_WIDTH,Motor Mount Alignment Slot Width,dimension,8.0,7.9,8.1,8.0196,mm,False
SPC-MMB_SLOT_WIDTH-020-2,2024-02-10,20,2,MMB-001,MMB_SLOT_WIDTH,Motor Mount Alignment Slot Width,dimension,8.0,7.9,8.1,8.0137,mm,False
SPC-MMB_SLOT_WIDTH-020-3,2024-02-10,20,3,MMB-001,MMB_SLOT_WIDTH,Motor Mount Alignment Slot Width,dimension,8.0,7.9,8.1,8.006,mm,False
SPC-MMB_SLOT_WIDTH-020-4,2024-02-10,20,4,MMB-001,MMB_SLOT_WIDTH,Motor Mount Alignment Slot Width,dimension,8.0,7.9,8.1,7.9872,mm,False
SPC-MMB_SLOT_WIDTH-020-5,2024-02-10,20,5,MMB-001,MMB_SLOT_WIDTH,Motor Mount Alignment Slot Width,dimension,8.0,7.9,8.1,7.9773,mm,False
SPC-MMB_SLOT_WIDTH-021-1,2024-02-12,21,1,MMB-001,MMB_SLOT_WIDTH,Motor Mount Alignment Slot Width,dimension,8.0,7.9,8.1,7.9738,mm,False
SPC-MMB_SLOT_WIDTH-021-2,2024-02-12,21,2,MMB-001,MMB_SLOT_WIDTH,Motor Mount Alignment Slot Width,dimension,8.0,7.9,8.1,8.0087,mm,False
SPC-MMB_SLOT_WIDTH-021-3,2024-02-12,21,3,MMB-001,MMB_SLOT_WIDTH,Motor Mount Alignment Slot Width,dimension,8.0,7.9,8.1,8.011,mm,False
SPC-MMB_SLOT_WIDTH-021-4,2024-02-12,21,4,MMB-001,MMB_SLOT_WIDTH,Motor Mount Alignment Slot Width,dimension,8.0,7.9,8.1,8.0241,mm,False
SPC-MMB_SLOT_WIDTH-021-5,2024-02-12,21,5,MMB-001,MMB_SLOT_WIDTH,Motor Mount Alignment Slot Width,dimension,8.0,7.9,8.1,8.0124,mm,False
SPC-MMB_SLOT_WIDTH-022-1,2024-02-14,22,1,MMB-001,MMB_SLOT_WIDTH,Motor Mount Alignment Slot Width,dimension,8.0,7.9,8.1,8.0231,mm,False
SPC-MMB_SLOT_WIDTH-022-2,2024-02-14,22,2,MMB-001,MMB_SLOT_WIDTH,Motor Mount Alignment Slot Width,dimension,8.0,7.9,8.1,7.9971,mm,False
SPC-MMB_SLOT_WIDTH-022-3,2024-02-14,22,3,MMB-001,MMB_SLOT_WIDTH,Motor Mount Alignment Slot Width,dimension,8.0,7.9,8.1,8.017,mm,False
SPC-MMB_SLOT_WIDTH-022-4,2024-02-14,22,4,MMB-001,MMB_SLOT_WIDTH,Motor Mount Alignment Slot Width,dimension,8.0,7.9,8.1,7.978,mm,False
SPC-MMB_SLOT_WIDTH-022-5,2024-02-14,22,5,MMB-001,MMB_SLOT_WIDTH,Motor Mount Alignment Slot Width,dimension,8.0,7.9,8.1,7.9987,mm,False
SPC-MMB_SLOT_WIDTH-023-1,2024-02-16,23,1,MMB-001,MMB_SLOT_WIDTH,Motor Mount Alignment Slot Width,dimension,8.0,7.9,8.1,7.9597,mm,False
SPC-MMB_SLOT_WIDTH-023-2,2024-02-16,23,2,MMB-001,MMB_SLOT_WIDTH,Motor Mount Alignment Slot Width,dimension,8.0,7.9,8.1,8.0007,mm,False
SPC-MMB_SLOT_WIDTH-023-3,2024-02-16,23,3,MMB-001,MMB_SLOT_WIDTH,Motor Mount Alignment Slot Width,dimension,8.0,7.9,8.1,8.0269,mm,False
SPC-MMB_SLOT_WIDTH-023-4,2024-02-16,23,4,MMB-001,MMB_SLOT_WIDTH,Motor Mount Alignment Slot Width,dimension,8.0,7.9,8.1,8.0015,mm,False
SPC-MMB_SLOT_WIDTH-023-5,2024-02-16,23,5,MMB-001,MMB_SLOT_WIDTH,Motor Mount Alignment Slot Width,dimension,8.0,7.9,8.1,8.0159,mm,False
SPC-MMB_SLOT_WIDTH-024-1,2024-02-18,24,1,MMB-001,MMB_SLOT_WIDTH,Motor Mount Alignment Slot Width,dimension,8.0,7.9,8.1,8.006,mm,False
SPC-MMB_SLOT_WIDTH-024-2,2024-02-18,24,2,MMB-001,MMB_SLOT_WIDTH,Motor Mount Alignment Slot Width,dimension,8.0,7.9,8.1,7.9875,mm,False
SPC-MMB_SLOT_WIDTH-024-3,2024-02-18,24,3,MMB-001,MMB_SLOT_WIDTH,Motor Mount Alignment Slot Width,dimension,8.0,7.9,8.1,7.9959,mm,False
SPC-MMB_SLOT_WIDTH-024-4,2024-02-18,24,4,MMB-001,MMB_SLOT_WIDTH,Motor Mount Alignment Slot Width,dimension,8.0,7.9,8.1,8.026,mm,False
SPC-MMB_SLOT_WIDTH-024-5,2024-02-18,24,5,MMB-001,MMB_SLOT_WIDTH,Motor Mount Alignment Slot Width,dimension,8.0,7.9,8.1,8.0158,mm,False
SPC-MMB_SLOT_WIDTH-025-1,2024-02-20,25,1,MMB-001,MMB_SLOT_WIDTH,Motor Mount Alignment Slot Width,dimension,8.0,7.9,8.1,7.9864,mm,False
SPC-MMB_SLOT_WIDTH-025-2,2024-02-20,25,2,MMB-001,MMB_SLOT_WIDTH,Motor Mount Alignment Slot Width,dimension,8.0,7.9,8.1,7.9695,mm,False
SPC-MMB_SLOT_WIDTH-025-3,2024-02-20,25,3,MMB-001,MMB_SLOT_WIDTH,Motor Mount Alignment Slot Width,dimension,8.0,7.9,8.1,8.0046,mm,False
SPC-MMB_SLOT_WIDTH-025-4,2024-02-20,25,4,MMB-001,MMB_SLOT_WIDTH,Motor Mount Alignment Slot Width,dimension,8.0,7.9,8.1,7.9872,mm,False
SPC-MMB_SLOT_WIDTH-025-5,2024-02-20,25,5,MMB-001,MMB_SLOT_WIDTH,Motor Mount Alignment Slot Width,dimension,8.0,7.9,8.1,7.9961,mm,False
SPC-MMB_SLOT_WIDTH-026-1,2024-02-22,26,1,MMB-001,MMB_SLOT_WIDTH,Motor Mount Alignment Slot Width,dimension,8.0,7.9,8.1,7.968,mm,False
SPC-MMB_SLOT_WIDTH-026-2,2024-02-22,26,2,MMB-001,MMB_SLOT_WIDTH,Motor Mount Alignment Slot Width,dimension,8.0,7.9,8.1,8.0229,mm,False
SPC-MMB_SLOT_WIDTH-026-3,2024-02-22,26,3,MMB-001,MMB_SLOT_WIDTH,Motor Mount Alignment Slot Width,dimension,8.0,7.9,8.1,7.9979,mm,False
SPC-MMB_SLOT_WIDTH-026-4,2024-02-22,26,4,MMB-001,MMB_SLOT_WIDTH,Motor Mount Alignment Slot Width,dimension,8.0,7.9,8.1,8.0012,mm,False
SPC-MMB_SLOT_WIDTH-026-5,2024-02-22,26,5,MMB-001,MMB_SLOT_WIDTH,Motor Mount Alignment Slot Width,dimension,8.0,7.9,8.1,7.9817,mm,False
SPC-MMB_SLOT_WIDTH-027-1,2024-02-24,27,1,MMB-001,MMB_SLOT_WIDTH,Motor Mount Alignment Slot Width,dimension,8.0,7.9,8.1,7.9939,mm,False
SPC-MMB_SLOT_WIDTH-027-2,2024-02-24,27,2,MMB-001,MMB_SLOT_WIDTH,Motor Mount Alignment Slot Width,dimension,8.0,7.9,8.1,8.0027,mm,False
SPC-MMB_SLOT_WIDTH-027-3,2024-02-24,27,3,MMB-001,MMB_SLOT_WIDTH,Motor Mount Alignment Slot Width,dimension,8.0,7.9,8.1,7.9865,mm,False
SPC-MMB_SLOT_WIDTH-027-4,2024-02-24,27,4,MMB-001,MMB_SLOT_WIDTH,Motor Mount Alignment Slot Width,dimension,8.0,7.9,8.1,7.9953,mm,False
SPC-MMB_SLOT_WIDTH-027-5,2024-02-24,27,5,MMB-001,MMB_SLOT_WIDTH,Motor Mount Alignment Slot Width,dimension,8.0,7.9,8.1,8.0305,mm,False
SPC-MMB_SLOT_WIDTH-028-1,2024-02-26,28,1,MMB-001,MMB_SLOT_WIDTH,Motor Mount Alignment Slot Width,dimension,8.0,7.9,8.1,7.9615,mm,False
SPC-MMB_SLOT_WIDTH-028-2,2024-02-26,28,2,MMB-001,MMB_SLOT_WIDTH,Motor Mount Alignment Slot Width,dimension,8.0,7.9,8.1,8.0041,mm,False
SPC-MMB_SLOT_WIDTH-028-3,2024-02-26,28,3,MMB-001,MMB_SLOT_WIDTH,Motor Mount Alignment Slot Width,dimension,8.0,7.9,8.1,7.9827,mm,False
SPC-MMB_SLOT_WIDTH-028-4,2024-02-26,28,4,MMB-001,MMB_SLOT_WIDTH,Motor Mount Alignment Slot Width,dimension,8.0,7.9,8.1,8.0294,mm,False
SPC-MMB_SLOT_WIDTH-028-5,2024-02-26,28,5,MMB-001,MMB_SLOT_WIDTH,Motor Mount Alignment Slot Width,dimension,8.0,7.9,8.1,7.996,mm,False
SPC-MMB_SLOT_WIDTH-029-1,2024-02-28,29,1,MMB-001,MMB_SLOT_WIDTH,Motor Mount Alignment Slot Width,dimension,8.0,7.9,8.1,7.977,mm,False
SPC-MMB_SLOT_WIDTH-029-2,2024-02-28,29,2,MMB-001,MMB_SLOT_WIDTH,Motor Mount Alignment Slot Width,dimension,8.0,7.9,8.1,7.9953,mm,False
SPC-MMB_SLOT_WIDTH-029-3,2024-02-28,29,3,MMB-001,MMB_SLOT_WIDTH,Motor Mount Alignment Slot Width,dimension,8.0,7.9,8.1,8.0077,mm,False
SPC-MMB_SLOT_WIDTH-029-4,2024-02-28,29,4,MMB-001,MMB_SLOT_WIDTH,Motor Mount Alignment Slot Width,dimension,8.0,7.9,8.1,8.0611,mm,False
SPC-MMB_SLOT_WIDTH-029-5,2024-02-28,29,5,MMB-001,MMB_SLOT_WIDTH,Motor Mount Alignment Slot Width,dimension,8.0,7.9,8.1,7.9536,mm,False
SPC-MMB_SLOT_WIDTH-030-1,2024-03-01,30,1,MMB-001,MMB_SLOT_WIDTH,Motor Mount Alignment Slot Width,dimension,8.0,7.9,8.1,7.9736,mm,False
SPC-MMB_SLOT_WIDTH-030-2,2024-03-01,30,2,MMB-001,MMB_SLOT_WIDTH,Motor Mount Alignment Slot Width,dimension,8.0,7.9,8.1,8.0287,mm,False
SPC-MMB_SLOT_WIDTH-030-3,2024-03-01,30,3,MMB-001,MMB_SLOT_WIDTH,Motor Mount Alignment Slot Width,dimension,8.0,7.9,8.1,7.9668,mm,False
SPC-MMB_SLOT_WIDTH-030-4,2024-03-01,30,4,MMB-001,MMB_SLOT_WIDTH,Motor Mount Alignment Slot Width,dimension,8.0,7.9,8.1,8.0002,mm,False
SPC-MMB_SLOT_WIDTH-030-5,2024-03-01,30,5,MMB-001,MMB_SLOT_WIDTH,Motor Mount Alignment Slot Width,dimension,8.0,7.9,8.1,7.9894,mm,False
SPC-MMB_SLOT_WIDTH-031-1,2024-03-03,31,1,MMB-001,MMB_SLOT_WIDTH,Motor Mount Alignment Slot Width,dimension,8.0,7.9,8.1,7.9859,mm,False
SPC-MMB_SLOT_WIDTH-031-2,2024-03-03,31,2,MMB-001,MMB_SLOT_WIDTH,Motor Mount Alignment Slot Width,dimension,8.0,7.9,8.1,7.9962,mm,False
SPC-MMB_SLOT_WIDTH-031-3,2024-03-03,31,3,MMB-001,MMB_SLOT_WIDTH,Motor Mount Alignment Slot Width,dimension,8.0,7.9,8.1,7.9927,mm,False
SPC-MMB_SLOT_WIDTH-031-4,2024-03-03,31,4,MMB-001,MMB_SLOT_WIDTH,Motor Mount Alignment Slot Width,dimension,8.0,7.9,8.1,8.0233,mm,False
SPC-MMB_SLOT_WIDTH-031-5,2024-03-03,31,5,MMB-001,MMB_SLOT_WIDTH,Motor Mount Alignment Slot Width,dimension,8.0,7.9,8.1,8.0292,mm,False
SPC-MMB_SLOT_WIDTH-032-1,2024-03-05,32,1,MMB-001,MMB_SLOT_WIDTH,Motor Mount Alignment Slot Width,dimension,8.0,7.9,8.1,8.0094,mm,False
SPC-MMB_SLOT_WIDTH-032-2,2024-03-05,32,2,MMB-001,MMB_SLOT_WIDTH,Motor Mount Alignment Slot Width,dimension,8.0,7.9,8.1,7.9948,mm,False
SPC-MMB_SLOT_WIDTH-032-3,2024-03-05,32,3,MMB-001,MMB_SLOT_WIDTH,Motor Mount Alignment Slot Width,dimension,8.0,7.9,8.1,8.0057,mm,False
SPC-MMB_SLOT_WIDTH-032-4,2024-03-05,32,4,MMB-001,MMB_SLOT_WIDTH,Motor Mount Alignment Slot Width,dimension,8.0,7.9,8.1,8.0177,mm,False
SPC-MMB_SLOT_WIDTH-032-5,2024-03-05,32,5,MMB-001,MMB_SLOT_WIDTH,Motor Mount Alignment Slot Width,dimension,8.0,7.9,8.1,8.022,mm,False
SPC-MMB_SLOT_WIDTH-033-1,2024-03-07,33,1,MMB-001,MMB_SLOT_WIDTH,Motor Mount Alignment Slot Width,dimension,8.0,7.9,8.1,8.0081,mm,False
SPC-MMB_SLOT_WIDTH-033-2,2024-03-07,33,2,MMB-001,MMB_SLOT_WIDTH,Motor Mount Alignment Slot Width,dimension,8.0,7.9,8.1,8.0336,mm,False
SPC-MMB_SLOT_WIDTH-033-3,2024-03-07,33,3,MMB-001,MMB_SLOT_WIDTH,Motor Mount Alignment Slot Width,dimension,8.0,7.9,8.1,7.9864,mm,False
SPC-MMB_SLOT_WIDTH-033-4,2024-03-07,33,4,MMB-001,MMB_SLOT_WIDTH,Motor Mount Alignment Slot Width,dimension,8.0,7.9,8.1,8.0251,mm,False
SPC-MMB_SLOT_WIDTH-033-5,2024-03-07,33,5,MMB-001,MMB_SLOT_WIDTH,Motor Mount Alignment Slot Width,dimension,8.0,7.9,8.1,8.0155,mm,False
SPC-MMB_SLOT_WIDTH-034-1,2024-03-09,34,1,MMB-001,MMB_SLOT_WIDTH,Motor Mount Alignment Slot Width,dimension,8.0,7.9,8.1,7.9866,mm,False
SPC-MMB_SLOT_WIDTH-034-2,2024-03-09,34,2,MMB-001,MMB_SLOT_WIDTH,Motor Mount Alignment Slot Width,dimension,8.0,7.9,8.1,8.0051,mm,False
SPC-MMB_SLOT_WIDTH-034-3,2024-03-09,34,3,MMB-001,MMB_SLOT_WIDTH,Motor Mount Alignment Slot Width,dimension,8.0,7.9,8.1,8.0066,mm,False
SPC-MMB_SLOT_WIDTH-034-4,2024-03-09,34,4,MMB-001,MMB_SLOT_WIDTH,Motor Mount Alignment Slot Width,dimension,8.0,7.9,8.1,7.9969,mm,False
SPC-MMB_SLOT_WIDTH-034-5,2024-03-09,34,5,MMB-001,MMB_SLOT_WIDTH,Motor Mount Alignment Slot Width,dimension,8.0,7.9,8.1,7.9966,mm,False
SPC-MMB_SLOT_WIDTH-035-1,2024-03-11,35,1,MMB-001,MMB_SLOT_WIDTH,Motor Mount Alignment Slot Width,dimension,8.0,7.9,8.1,7.9665,mm,False
SPC-MMB_SLOT_WIDTH-035-2,2024-03-11,35,2,MMB-001,MMB_SLOT_WIDTH,Motor Mount Alignment Slot Width,dimension,8.0,7.9,8.1,7.9848,mm,False
SPC-MMB_SLOT_WIDTH-035-3,2024-03-11,35,3,MMB-001,MMB_SLOT_WIDTH,Motor Mount Alignment Slot Width,dimension,8.0,7.9,8.1,7.9948,mm,False
SPC-MMB_SLOT_WIDTH-035-4,2024-03-11,35,4,MMB-001,MMB_SLOT_WIDTH,Motor Mount Alignment Slot Width,dimension,8.0,7.9,8.1,7.9874,mm,False
SPC-MMB_SLOT_WIDTH-035-5,2024-03-11,35,5,MMB-001,MMB_SLOT_WIDTH,Motor Mount Alignment Slot Width,dimension,8.0,7.9,8.1,7.9812,mm,False
SPC-MMB_SLOT_WIDTH-036-1,2024-03-13,36,1,MMB-001,MMB_SLOT_WIDTH,Motor Mount Alignment Slot Width,dimension,8.0,7.9,8.1,8.0233,mm,False
SPC-MMB_SLOT_WIDTH-036-2,2024-03-13,36,2,MMB-001,MMB_SLOT_WIDTH,Motor Mount Alignment Slot Width,dimension,8.0,7.9,8.1,7.9977,mm,False
SPC-MMB_SLOT_WIDTH-036-3,2024-03-13,36,3,MMB-001,MMB_SLOT_WIDTH,Motor Mount Alignment Slot Width,dimension,8.0,7.9,8.1,8.0477,mm,False
SPC-MMB_SLOT_WIDTH-036-4,2024-03-13,36,4,MMB-001,MMB_SLOT_WIDTH,Motor Mount Alignment Slot Width,dimension,8.0,7.9,8.1,8.0049,mm,False
SPC-MMB_SLOT_WIDTH-036-5,2024-03-13,36,5,MMB-001,MMB_SLOT_WIDTH,Motor Mount Alignment Slot Width,dimension,8.0,7.9,8.1,8.0229,mm,False
SPC-MMB_SLOT_WIDTH-037-1,2024-03-15,37,1,MMB-001,MMB_SLOT_WIDTH,Motor Mount Alignment Slot Width,dimension,8.0,7.9,8.1,7.9954,mm,False
SPC-MMB_SLOT_WIDTH-037-2,2024-03-15,37,2,MMB-001,MMB_SLOT_WIDTH,Motor Mount Alignment Slot Width,dimension,8.0,7.9,8.1,7.9854,mm,False
SPC-MMB_SLOT_WIDTH-037-3,2024-03-15,37,3,MMB-001,MMB_SLOT_WIDTH,Motor Mount Alignment Slot Width,dimension,8.0,7.9,8.1,8.0058,mm,False
SPC-MMB_SLOT_WIDTH-037-4,2024-03-15,37,4,MMB-001,MMB_SLOT_WIDTH,Motor Mount Alignment Slot Width,dimension,8.0,7.9,8.1,8.0285,mm,False
SPC-MMB_SLOT_WIDTH-037-5,2024-03-15,37,5,MMB-001,MMB_SLOT_WIDTH,Motor Mount Alignment Slot Width,dimension,8.0,7.9,8.1,7.998,mm,False
SPC-MMB_SLOT_WIDTH-038-1,2024-03-17,38,1,MMB-001,MMB_SLOT_WIDTH,Motor Mount Alignment Slot Width,dimension,8.0,7.9,8.1,8.0098,mm,False
SPC-MMB_SLOT_WIDTH-038-2,2024-03-17,38,2,MMB-001,MMB_SLOT_WIDTH,Motor Mount Alignment Slot Width,dimension,8.0,7.9,8.1,8.0057,mm,False
SPC-MMB_SLOT_WIDTH-038-3,2024-03-17,38,3,MMB-001,MMB_SLOT_WIDTH,Motor Mount Alignment Slot Width,dimension,8.0,7.9,8.1,7.9978,mm,False
SPC-MMB_SLOT_WIDTH-038-4,2024-03-17,38,4,MMB-001,MMB_SLOT_WIDTH,Motor Mount Alignment Slot Width,dimension,8.0,7.9,8.1,7.999,mm,False
SPC-MMB_SLOT_WIDTH-038-5,2024-03-17,38,5,MMB-001,MMB_SLOT_WIDTH,Motor Mount Alignment Slot Width,dimension,8.0,7.9,8.1,7.978,mm,False
SPC-MMB_SLOT_WIDTH-039-1,2024-03-19,39,1,MMB-001,MMB_SLOT_WIDTH,Motor Mount Alignment Slot Width,dimension,8.0,7.9,8.1,7.9998,mm,False
SPC-MMB_SLOT_WIDTH-039-2,2024-03-19,39,2,MMB-001,MMB_SLOT_WIDTH,Motor Mount Alignment Slot Width,dimension,8.0,7.9,8.1,8.0144,mm,False
SPC-MMB_SLOT_WIDTH-039-3,2024-03-19,39,3,MMB-001,MMB_SLOT_WIDTH,Motor Mount Alignment Slot Width,dimension,8.0,7.9,8.1,8.0065,mm,False
SPC-MMB_SLOT_WIDTH-039-4,2024-03-19,39,4,MMB-001,MMB_SLOT_WIDTH,Motor Mount Alignment Slot Width,dimension,8.0,7.9,8.1,8.0041,mm,False
SPC-MMB_SLOT_WIDTH-039-5,2024-03-19,39,5,MMB-001,MMB_SLOT_WIDTH,Motor Mount Alignment Slot Width,dimension,8.0,7.9,8.1,8.016,mm,False
SPC-MMB_SLOT_WIDTH-040-1,2024-03-21,40,1,MMB-001,MMB_SLOT_WIDTH,Motor Mount Alignment Slot Width,dimension,8.0,7.9,8.1,8.0043,mm,False
SPC-MMB_SLOT_WIDTH-040-2,2024-03-21,40,2,MMB-001,MMB_SLOT_WIDTH,Motor Mount Alignment Slot Width,dimension,8.0,7.9,8.1,8.0003,mm,False
SPC-MMB_SLOT_WIDTH-040-3,2024-03-21,40,3,MMB-001,MMB_SLOT_WIDTH,Motor Mount Alignment Slot Width,dimension,8.0,7.9,8.1,8.0162,mm,False
SPC-MMB_SLOT_WIDTH-040-4,2024-03-21,40,4,MMB-001,MMB_SLOT_WIDTH,Motor Mount Alignment Slot Width,dimension,8.0,7.9,8.1,8.003,mm,False
SPC-MMB_SLOT_WIDTH-040-5,2024-03-21,40,5,MMB-001,MMB_SLOT_WIDTH,Motor Mount Alignment Slot Width,dimension,8.0,7.9,8.1,7.9948,mm,False
SPC-MMB_SLOT_WIDTH-041-1,2024-03-23,41,1,MMB-001,MMB_SLOT_WIDTH,Motor Mount Alignment Slot Width,dimension,8.0,7.9,8.1,8.0103,mm,False
SPC-MMB_SLOT_WIDTH-041-2,2024-03-23,41,2,MMB-001,MMB_SLOT_WIDTH,Motor Mount Alignment Slot Width,dimension,8.0,7.9,8.1,7.9992,mm,False
SPC-MMB_SLOT_WIDTH-041-3,2024-03-23,41,3,MMB-001,MMB_SLOT_WIDTH,Motor Mount Alignment Slot Width,dimension,8.0,7.9,8.1,7.9938,mm,False
SPC-MMB_SLOT_WIDTH-041-4,2024-03-23,41,4,MMB-001,MMB_SLOT_WIDTH,Motor Mount Alignment Slot Width,dimension,8.0,7.9,8.1,8.0034,mm,False
SPC-MMB_SLOT_WIDTH-041-5,2024-03-23,41,5,MMB-001,MMB_SLOT_WIDTH,Motor Mount Alignment Slot Width,dimension,8.0,7.9,8.1,8.0037,mm,False
SPC-MMB_SLOT_WIDTH-042-1,2024-03-25,42,1,MMB-001,MMB_SLOT_WIDTH,Motor Mount Alignment Slot Width,dimension,8.0,7.9,8.1,7.9757,mm,False
SPC-MMB_SLOT_WIDTH-042-2,2024-03-25,42,2,MMB-001,MMB_SLOT_WIDTH,Motor Mount Alignment Slot Width,dimension,8.0,7.9,8.1,8.0073,mm,False
SPC-MMB_SLOT_WIDTH-042-3,2024-03-25,42,3,MMB-001,MMB_SLOT_WIDTH,Motor Mount Alignment Slot Width,dimension,8.0,7.9,8.1,8.0406,mm,False
SPC-MMB_SLOT_WIDTH-042-4,2024-03-25,42,4,MMB-001,MMB_SLOT_WIDTH,Motor Mount Alignment Slot Width,dimension,8.0,7.9,8.1,7.9784,mm,False
SPC-MMB_SLOT_WIDTH-042-5,2024-03-25,42,5,MMB-001,MMB_SLOT_WIDTH,Motor Mount Alignment Slot Width,dimension,8.0,7.9,8.1,7.9889,mm,False
SPC-MMB_SLOT_WIDTH-043-1,2024-03-27,43,1,MMB-001,MMB_SLOT_WIDTH,Motor Mount Alignment Slot Width,dimension,8.0,7.9,8.1,8.0612,mm,False
SPC-MMB_SLOT_WIDTH-043-2,2024-03-27,43,2,MMB-001,MMB_SLOT_WIDTH,Motor Mount Alignment Slot Width,dimension,8.0,7.9,8.1,7.9819,mm,False
SPC-MMB_SLOT_WIDTH-043-3,2024-03-27,43,3,MMB-001,MMB_SLOT_WIDTH,Motor Mount Alignment Slot Width,dimension,8.0,7.9,8.1,8.0283,mm,False
SPC-MMB_SLOT_WIDTH-043-4,2024-03-27,43,4,MMB-001,MMB_SLOT_WIDTH,Motor Mount Alignment Slot Width,dimension,8.0,7.9,8.1,7.995,mm,False
SPC-MMB_SLOT_WIDTH-043-5,2024-03-27,43,5,MMB-001,MMB_SLOT_WIDTH,Motor Mount Alignment Slot Width,dimension,8.0,7.9,8.1,8.0013,mm,False
SPC-MMB_SLOT_WIDTH-044-1,2024-03-29,44,1,MMB-001,MMB_SLOT_WIDTH,Motor Mount Alignment Slot Width,dimension,8.0,7.9,8.1,7.9971,mm,False
SPC-MMB_SLOT_WIDTH-044-2,2024-03-29,44,2,MMB-001,MMB_SLOT_WIDTH,Motor Mount Alignment Slot Width,dimension,8.0,7.9,8.1,8.0094,mm,False
SPC-MMB_SLOT_WIDTH-044-3,2024-03-29,44,3,MMB-001,MMB_SLOT_WIDTH,Motor Mount Alignment Slot Width,dimension,8.0,7.9,8.1,7.9652,mm,False
SPC-MMB_SLOT_WIDTH-044-4,2024-03-29,44,4,MMB-001,MMB_SLOT_WIDTH,Motor Mount Alignment Slot Width,dimension,8.0,7.9,8.1,8.0041,mm,False
SPC-MMB_SLOT_WIDTH-044-5,2024-03-29,44,5,MMB-001,MMB_SLOT_WIDTH,Motor Mount Alignment Slot Width,dimension,8.0,7.9,8.1,7.9911,mm,False
SPC-MMB_SLOT_WIDTH-045-1,2024-03-31,45,1,MMB-001,MMB_SLOT_WIDTH,Motor Mount Alignment Slot Width,dimension,8.0,7.9,8.1,7.959,mm,False
SPC-MMB_SLOT_WIDTH-045-2,2024-03-31,45,2,MMB-001,MMB_SLOT_WIDTH,Motor Mount Alignment Slot Width,dimension,8.0,7.9,8.1,8.0247,mm,False
SPC-MMB_SLOT_WIDTH-045-3,2024-03-31,45,3,MMB-001,MMB_SLOT_WIDTH,Motor Mount Alignment Slot Width,dimension,8.0,7.9,8.1,7.9536,mm,False
SPC-MMB_SLOT_WIDTH-045-4,2024-03-31,45,4,MMB-001,MMB_SLOT_WIDTH,Motor Mount Alignment Slot Width,dimension,8.0,7.9,8.1,8.0473,mm,False
SPC-MMB_SLOT_WIDTH-045-5,2024-03-31,45,5,MMB-001,MMB_SLOT_WIDTH,Motor Mount Alignment Slot Width,dimension,8.0,7.9,8.1,8.0136,mm,False
SPC-MMB_SLOT_WIDTH-046-1,2024-04-02,46,1,MMB-001,MMB_SLOT_WIDTH,Motor Mount Alignment Slot Width,dimension,8.0,7.9,8.1,7.9701,mm,False
SPC-MMB_SLOT_WIDTH-046-2,2024-04-02,46,2,MMB-001,MMB_SLOT_WIDTH,Motor Mount Alignment Slot Width,dimension,8.0,7.9,8.1,8.0294,mm,False
SPC-MMB_SLOT_WIDTH-046-3,2024-04-02,46,3,MMB-001,MMB_SLOT_WIDTH,Motor Mount Alignment Slot Width,dimension,8.0,7.9,8.1,7.9835,mm,False
SPC-MMB_SLOT_WIDTH-046-4,2024-04-02,46,4,MMB-001,MMB_SLOT_WIDTH,Motor Mount Alignment Slot Width,dimension,8.0,7.9,8.1,7.9845,mm,False
SPC-MMB_SLOT_WIDTH-046-5,2024-04-02,46,5,MMB-001,MMB_SLOT_WIDTH,Motor Mount Alignment Slot Width,dimension,8.0,7.9,8.1,7.9604,mm,False
SPC-MMB_SLOT_WIDTH-047-1,2024-04-04,47,1,MMB-001,MMB_SLOT_WIDTH,Motor Mount Alignment Slot Width,dimension,8.0,7.9,8.1,7.981,mm,False
SPC-MMB_SLOT_WIDTH-047-2,2024-04-04,47,2,MMB-001,MMB_SLOT_WIDTH,Motor Mount Alignment Slot Width,dimension,8.0,7.9,8.1,7.9836,mm,False
SPC-MMB_SLOT_WIDTH-047-3,2024-04-04,47,3,MMB-001,MMB_SLOT_WIDTH,Motor Mount Alignment Slot Width,dimension,8.0,7.9,8.1,8.018,mm,False
SPC-MMB_SLOT_WIDTH-047-4,2024-04-04,47,4,MMB-001,MMB_SLOT_WIDTH,Motor Mount Alignment Slot Width,dimension,8.0,7.9,8.1,8.0257,mm,False
SPC-MMB_SLOT_WIDTH-047-5,2024-04-04,47,5,MMB-001,MMB_SLOT_WIDTH,Motor Mount Alignment Slot Width,dimension,8.0,7.9,8.1,7.9727,mm,False
SPC-MMB_SLOT_WIDTH-048-1,2024-04-06,48,1,MMB-001,MMB_SLOT_WIDTH,Motor Mount Alignment Slot Width,dimension,8.0,7.9,8.1,8.006,mm,False
SPC-MMB_SLOT_WIDTH-048-2,2024-04-06,48,2,MMB-001,MMB_SLOT_WIDTH,Motor Mount Alignment Slot Width,dimension,8.0,7.9,8.1,7.9595,mm,False
SPC-MMB_SLOT_WIDTH-048-3,2024-04-06,48,3,MMB-001,MMB_SLOT_WIDTH,Motor Mount Alignment Slot Width,dimension,8.0,7.9,8.1,8.006,mm,False
SPC-MMB_SLOT_WIDTH-048-4,2024-04-06,48,4,MMB-001,MMB_SLOT_WIDTH,Motor Mount Alignment Slot Width,dimension,8.0,7.9,8.1,8.0476,mm,False
SPC-MMB_SLOT_WIDTH-048-5,2024-04-06,48,5,MMB-001,MMB_SLOT_WIDTH,Motor Mount Alignment Slot Width,dimension,8.0,7.9,8.1,7.9608,mm,False
SPC-MMB_SLOT_WIDTH-049-1,2024-04-08,49,1,MMB-001,MMB_SLOT_WIDTH,Motor Mount Alignment Slot Width,dimension,8.0,7.9,8.1,7.9777,mm,False
SPC-MMB_SLOT_WIDTH-049-2,2024-04-08,49,2,MMB-001,MMB_SLOT_WIDTH,Motor Mount Alignment Slot Width,dimension,8.0,7.9,8.1,8.016,mm,False
SPC-MMB_SLOT_WIDTH-049-3,2024-04-08,49,3,MMB-001,MMB_SLOT_WIDTH,Motor Mount Alignment Slot Width,dimension,8.0,7.9,8.1,8.0186,mm,False
SPC-MMB_SLOT_WIDTH-049-4,2024-04-08,49,4,MMB-001,MMB_SLOT_WIDTH,Motor Mount Alignment Slot Width,dimension,8.0,7.9,8.1,7.9793,mm,False
SPC-MMB_SLOT_WIDTH-049-5,2024-04-08,49,5,MMB-001,MMB_SLOT_WIDTH,Motor Mount Alignment Slot Width,dimension,8.0,7.9,8.1,8.0324,mm,False
SPC-MMB_SLOT_WIDTH-050-1,2024-04-10,50,1,MMB-001,MMB_SLOT_WIDTH,Motor Mount Alignment Slot Width,dimension,8.0,7.9,8.1,7.9821,mm,False
SPC-MMB_SLOT_WIDTH-050-2,2024-04-10,50,2,MMB-001,MMB_SLOT_WIDTH,Motor Mount Alignment Slot Width,dimension,8.0,7.9,8.1,8.0368,mm,False
SPC-MMB_SLOT_WIDTH-050-3,2024-04-10,50,3,MMB-001,MMB_SLOT_WIDTH,Motor Mount Alignment Slot Width,dimension,8.0,7.9,8.1,8.0103,mm,False
SPC-MMB_SLOT_WIDTH-050-4,2024-04-10,50,4,MMB-001,MMB_SLOT_WIDTH,Motor Mount Alignment Slot Width,dimension,8.0,7.9,8.1,8.028,mm,False
SPC-MMB_SLOT_WIDTH-050-5,2024-04-10,50,5,MMB-001,MMB_SLOT_WIDTH,Motor Mount Alignment Slot Width,dimension,8.0,7.9,8.1,8.0082,mm,False
SPC-MMB_SLOT_WIDTH-051-1,2024-04-12,51,1,MMB-001,MMB_SLOT_WIDTH,Motor Mount Alignment Slot Width,dimension,8.0,7.9,8.1,8.0145,mm,False
SPC-MMB_SLOT_WIDTH-051-2,2024-04-12,51,2,MMB-001,MMB_SLOT_WIDTH,Motor Mount Alignment Slot Width,dimension,8.0,7.9,8.1,8.0156,mm,False
SPC-MMB_SLOT_WIDTH-051-3,2024-04-12,51,3,MMB-001,MMB_SLOT_WIDTH,Motor Mount Alignment Slot Width,dimension,8.0,7.9,8.1,8.0252,mm,False
SPC-MMB_SLOT_WIDTH-051-4,2024-04-12,51,4,MMB-001,MMB_SLOT_WIDTH,Motor Mount Alignment Slot Width,dimension,8.0,7.9,8.1,7.9993,mm,False
SPC-MMB_SLOT_WIDTH-051-5,2024-04-12,51,5,MMB-001,MMB_SLOT_WIDTH,Motor Mount Alignment Slot Width,dimension,8.0,7.9,8.1,7.9802,mm,False
SPC-MMB_SLOT_WIDTH-052-1,2024-04-14,52,1,MMB-001,MMB_SLOT_WIDTH,Motor Mount Alignment Slot Width,dimension,8.0,7.9,8.1,7.9983,mm,False
SPC-MMB_SLOT_WIDTH-052-2,2024-04-14,52,2,MMB-001,MMB_SLOT_WIDTH,Motor Mount Alignment Slot Width,dimension,8.0,7.9,8.1,7.9853,mm,False
SPC-MMB_SLOT_WIDTH-052-3,2024-04-14,52,3,MMB-001,MMB_SLOT_WIDTH,Motor Mount Alignment Slot Width,dimension,8.0,7.9,8.1,7.9868,mm,False
SPC-MMB_SLOT_WIDTH-052-4,2024-04-14,52,4,MMB-001,MMB_SLOT_WIDTH,Motor Mount Alignment Slot Width,dimension,8.0,7.9,8.1,8.0364,mm,False
SPC-MMB_SLOT_WIDTH-052-5,2024-04-14,52,5,MMB-001,MMB_SLOT_WIDTH,Motor Mount Alignment Slot Width,dimension,8.0,7.9,8.1,8.0137,mm,False
SPC-MMB_SLOT_WIDTH-053-1,2024-04-16,53,1,MMB-001,MMB_SLOT_WIDTH,Motor Mount Alignment Slot Width,dimension,8.0,7.9,8.1,8.0127,mm,False
SPC-MMB_SLOT_WIDTH-053-2,2024-04-16,53,2,MMB-001,MMB_SLOT_WIDTH,Motor Mount Alignment Slot Width,dimension,8.0,7.9,8.1,8.0236,mm,False
SPC-MMB_SLOT_WIDTH-053-3,2024-04-16,53,3,MMB-001,MMB_SLOT_WIDTH,Motor Mount Alignment Slot Width,dimension,8.0,7.9,8.1,8.0136,mm,False
SPC-MMB_SLOT_WIDTH-053-4,2024-04-16,53,4,MMB-001,MMB_SLOT_WIDTH,Motor Mount Alignment Slot Width,dimension,8.0,7.9,8.1,8.0411,mm,False
SPC-MMB_SLOT_WIDTH-053-5,2024-04-16,53,5,MMB-001,MMB_SLOT_WIDTH,Motor Mount Alignment Slot Width,dimension,8.0,7.9,8.1,7.9539,mm,False
SPC-MMB_SLOT_WIDTH-054-1,2024-04-18,54,1,MMB-001,MMB_SLOT_WIDTH,Motor Mount Alignment Slot Width,dimension,8.0,7.9,8.1,7.9781,mm,False
SPC-MMB_SLOT_WIDTH-054-2,2024-04-18,54,2,MMB-001,MMB_SLOT_WIDTH,Motor Mount Alignment Slot Width,dimension,8.0,7.9,8.1,7.9846,mm,False
SPC-MMB_SLOT_WIDTH-054-3,2024-04-18,54,3,MMB-001,MMB_SLOT_WIDTH,Motor Mount Alignment Slot Width,dimension,8.0,7.9,8.1,7.9697,mm,False
SPC-MMB_SLOT_WIDTH-054-4,2024-04-18,54,4,MMB-001,MMB_SLOT_WIDTH,Motor Mount Alignment Slot Width,dimension,8.0,7.9,8.1,8.0025,mm,False
SPC-MMB_SLOT_WIDTH-054-5,2024-04-18,54,5,MMB-001,MMB_SLOT_WIDTH,Motor Mount Alignment Slot Width,dimension,8.0,7.9,8.1,8.0035,mm,False
SPC-MMB_SLOT_WIDTH-055-1,2024-04-20,55,1,MMB-001,MMB_SLOT_WIDTH,Motor Mount Alignment Slot Width,dimension,8.0,7.9,8.1,8.0435,mm,False
SPC-MMB_SLOT_WIDTH-055-2,2024-04-20,55,2,MMB-001,MMB_SLOT_WIDTH,Motor Mount Alignment Slot Width,dimension,8.0,7.9,8.1,8.0199,mm,False
SPC-MMB_SLOT_WIDTH-055-3,2024-04-20,55,3,MMB-001,MMB_SLOT_WIDTH,Motor Mount Alignment Slot Width,dimension,8.0,7.9,8.1,7.9888,mm,False
SPC-MMB_SLOT_WIDTH-055-4,2024-04-20,55,4,MMB-001,MMB_SLOT_WIDTH,Motor Mount Alignment Slot Width,dimension,8.0,7.9,8.1,8.0109,mm,False
SPC-MMB_SLOT_WIDTH-055-5,2024-04-20,55,5,MMB-001,MMB_SLOT_WIDTH,Motor Mount Alignment Slot Width,dimension,8.0,7.9,8.1,7.9598,mm,False
SPC-MMB_SLOT_WIDTH-056-1,2024-04-22,56,1,MMB-001,MMB_SLOT_WIDTH,Motor Mount Alignment Slot Width,dimension,8.0,7.9,8.1,8.0043,mm,False
SPC-MMB_SLOT_WIDTH-056-2,2024-04-22,56,2,MMB-001,MMB_SLOT_WIDTH,Motor Mount Alignment Slot Width,dimension,8.0,7.9,8.1,8.0032,mm,False
SPC-MMB_SLOT_WIDTH-056-3,2024-04-22,56,3,MMB-001,MMB_SLOT_WIDTH,Motor Mount Alignment Slot Width,dimension,8.0,7.9,8.1,7.9814,mm,False
SPC-MMB_SLOT_WIDTH-056-4,2024-04-22,56,4,MMB-001,MMB_SLOT_WIDTH,Motor Mount Alignment Slot Width,dimension,8.0,7.9,8.1,7.9968,mm,False
SPC-MMB_SLOT_WIDTH-056-5,2024-04-22,56,5,MMB-001,MMB_SLOT_WIDTH,Motor Mount Alignment Slot Width,dimension,8.0,7.9,8.1,7.986,mm,False
SPC-MMB_SLOT_WIDTH-057-1,2024-04-24,57,1,MMB-001,MMB_SLOT_WIDTH,Motor Mount Alignment Slot Width,dimension,8.0,7.9,8.1,7.9819,mm,False
SPC-MMB_SLOT_WIDTH-057-2,2024-04-24,57,2,MMB-001,MMB_SLOT_WIDTH,Motor Mount Alignment Slot Width,dimension,8.0,7.9,8.1,8.0172,mm,False
SPC-MMB_SLOT_WIDTH-057-3,2024-04-24,57,3,MMB-001,MMB_SLOT_WIDTH,Motor Mount Alignment Slot Width,dimension,8.0,7.9,8.1,8.0251,mm,False
SPC-MMB_SLOT_WIDTH-057-4,2024-04-24,57,4,MMB-001,MMB_SLOT_WIDTH,Motor Mount Alignment Slot Width,dimension,8.0,7.9,8.1,8.0136,mm,False
SPC-MMB_SLOT_WIDTH-057-5,2024-04-24,57,5,MMB-001,MMB_SLOT_WIDTH,Motor Mount Alignment Slot Width,dimension,8.0,7.9,8.1,7.9928,mm,False
SPC-MMB_SLOT_WIDTH-058-1,2024-04-26,58,1,MMB-001,MMB_SLOT_WIDTH,Motor Mount Alignment Slot Width,dimension,8.0,7.9,8.1,7.989,mm,False
SPC-MMB_SLOT_WIDTH-058-2,2024-04-26,58,2,MMB-001,MMB_SLOT_WIDTH,Motor Mount Alignment Slot Width,dimension,8.0,7.9,8.1,7.9946,mm,False
SPC-MMB_SLOT_WIDTH-058-3,2024-04-26,58,3,MMB-001,MMB_SLOT_WIDTH,Motor Mount Alignment Slot Width,dimension,8.0,7.9,8.1,7.9988,mm,False
SPC-MMB_SLOT_WIDTH-058-4,2024-04-26,58,4,MMB-001,MMB_SLOT_WIDTH,Motor Mount Alignment Slot Width,dimension,8.0,7.9,8.1,7.9844,mm,False
SPC-MMB_SLOT_WIDTH-058-5,2024-04-26,58,5,MMB-001,MMB_SLOT_WIDTH,Motor Mount Alignment Slot Width,dimension,8.0,7.9,8.1,8.0268,mm,False
SPC-MMB_SLOT_WIDTH-059-1,2024-04-28,59,1,MMB-001,MMB_SLOT_WIDTH,Motor Mount Alignment Slot Width,dimension,8.0,7.9,8.1,8.0003,mm,False
SPC-MMB_SLOT_WIDTH-059-2,2024-04-28,59,2,MMB-001,MMB_SLOT_WIDTH,Motor Mount Alignment Slot Width,dimension,8.0,7.9,8.1,8.0216,mm,False
SPC-MMB_SLOT_WIDTH-059-3,2024-04-28,59,3,MMB-001,MMB_SLOT_WIDTH,Motor Mount Alignment Slot Width,dimension,8.0,7.9,8.1,7.974,mm,False
SPC-MMB_SLOT_WIDTH-059-4,2024-04-28,59,4,MMB-001,MMB_SLOT_WIDTH,Motor Mount Alignment Slot Width,dimension,8.0,7.9,8.1,7.9897,mm,False
SPC-MMB_SLOT_WIDTH-059-5,2024-04-28,59,5,MMB-001,MMB_SLOT_WIDTH,Motor Mount Alignment Slot Width,dimension,8.0,7.9,8.1,8.0237,mm,False
SPC-MMB_SLOT_WIDTH-060-1,2024-04-30,60,1,MMB-001,MMB_SLOT_WIDTH,Motor Mount Alignment Slot Width,dimension,8.0,7.9,8.1,8.0252,mm,False
SPC-MMB_SLOT_WIDTH-060-2,2024-04-30,60,2,MMB-001,MMB_SLOT_WIDTH,Motor Mount Alignment Slot Width,dimension,8.0,7.9,8.1,7.9795,mm,False
SPC-MMB_SLOT_WIDTH-060-3,2024-04-30,60,3,MMB-001,MMB_SLOT_WIDTH,Motor Mount Alignment Slot Width,dimension,8.0,7.9,8.1,8.0127,mm,False
SPC-MMB_SLOT_WIDTH-060-4,2024-04-30,60,4,MMB-001,MMB_SLOT_WIDTH,Motor Mount Alignment Slot Width,dimension,8.0,7.9,8.1,8.0132,mm,False
SPC-MMB_SLOT_WIDTH-060-5,2024-04-30,60,5,MMB-001,MMB_SLOT_WIDTH,Motor Mount Alignment Slot Width,dimension,8.0,7.9,8.1,7.9904,mm,False
SPC-MMB_SLOT_WIDTH-061-1,2024-05-02,61,1,MMB-001,MMB_SLOT_WIDTH,Motor Mount Alignment Slot Width,dimension,8.0,7.9,8.1,8.0151,mm,False
SPC-MMB_SLOT_WIDTH-061-2,2024-05-02,61,2,MMB-001,MMB_SLOT_WIDTH,Motor Mount Alignment Slot Width,dimension,8.0,7.9,8.1,7.9724,mm,False
SPC-MMB_SLOT_WIDTH-061-3,2024-05-02,61,3,MMB-001,MMB_SLOT_WIDTH,Motor Mount Alignment Slot Width,dimension,8.0,7.9,8.1,7.9868,mm,False
SPC-MMB_SLOT_WIDTH-061-4,2024-05-02,61,4,MMB-001,MMB_SLOT_WIDTH,Motor Mount Alignment Slot Width,dimension,8.0,7.9,8.1,8.0204,mm,False
SPC-MMB_SLOT_WIDTH-061-5,2024-05-02,61,5,MMB-001,MMB_SLOT_WIDTH,Motor Mount Alignment Slot Width,dimension,8.0,7.9,8.1,8.0078,mm,False
SPC-MMB_SLOT_WIDTH-062-1,2024-05-04,62,1,MMB-001,MMB_SLOT_WIDTH,Motor Mount Alignment Slot Width,dimension,8.0,7.9,8.1,8.0102,mm,False
SPC-MMB_SLOT_WIDTH-062-2,2024-05-04,62,2,MMB-001,MMB_SLOT_WIDTH,Motor Mount Alignment Slot Width,dimension,8.0,7.9,8.1,8.0045,mm,False
SPC-MMB_SLOT_WIDTH-062-3,2024-05-04,62,3,MMB-001,MMB_SLOT_WIDTH,Motor Mount Alignment Slot Width,dimension,8.0,7.9,8.1,8.0202,mm,False
SPC-MMB_SLOT_WIDTH-062-4,2024-05-04,62,4,MMB-001,MMB_SLOT_WIDTH,Motor Mount Alignment Slot Width,dimension,8.0,7.9,8.1,8.0213,mm,False
SPC-MMB_SLOT_WIDTH-062-5,2024-05-04,62,5,MMB-001,MMB_SLOT_WIDTH,Motor Mount Alignment Slot Width,dimension,8.0,7.9,8.1,8.0258,mm,False
SPC-MMB_SLOT_WIDTH-063-1,2024-05-06,63,1,MMB-001,MMB_SLOT_WIDTH,Motor Mount Alignment Slot Width,dimension,8.0,7.9,8.1,8.0124,mm,False
SPC-MMB_SLOT_WIDTH-063-2,2024-05-06,63,2,MMB-001,MMB_SLOT_WIDTH,Motor Mount Alignment Slot Width,dimension,8.0,7.9,8.1,8.0011,mm,False
SPC-MMB_SLOT_WIDTH-063-3,2024-05-06,63,3,MMB-001,MMB_SLOT_WIDTH,Motor Mount Alignment Slot Width,dimension,8.0,7.9,8.1,7.9973,mm,False
SPC-MMB_SLOT_WIDTH-063-4,2024-05-06,63,4,MMB-001,MMB_SLOT_WIDTH,Motor Mount Alignment Slot Width,dimension,8.0,7.9,8.1,7.9863,mm,False
SPC-MMB_SLOT_WIDTH-063-5,2024-05-06,63,5,MMB-001,MMB_SLOT_WIDTH,Motor Mount Alignment Slot Width,dimension,8.0,7.9,8.1,8.0007,mm,False
SPC-MMB_SLOT_WIDTH-064-1,2024-05-08,64,1,MMB-001,MMB_SLOT_WIDTH,Motor Mount Alignment Slot Width,dimension,8.0,7.9,8.1,7.9975,mm,False
SPC-MMB_SLOT_WIDTH-064-2,2024-05-08,64,2,MMB-001,MMB_SLOT_WIDTH,Motor Mount Alignment Slot Width,dimension,8.0,7.9,8.1,8.046,mm,False
SPC-MMB_SLOT_WIDTH-064-3,2024-05-08,64,3,MMB-001,MMB_SLOT_WIDTH,Motor Mount Alignment Slot Width,dimension,8.0,7.9,8.1,7.9878,mm,False
SPC-MMB_SLOT_WIDTH-064-4,2024-05-08,64,4,MMB-001,MMB_SLOT_WIDTH,Motor Mount Alignment Slot Width,dimension,8.0,7.9,8.1,8.0336,mm,False
SPC-MMB_SLOT_WIDTH-064-5,2024-05-08,64,5,MMB-001,MMB_SLOT_WIDTH,Motor Mount Alignment Slot Width,dimension,8.0,7.9,8.1,8.0049,mm,False
SPC-MMB_SLOT_WIDTH-065-1,2024-05-10,65,1,MMB-001,MMB_SLOT_WIDTH,Motor Mount Alignment Slot Width,dimension,8.0,7.9,8.1,8.0075,mm,False
SPC-MMB_SLOT_WIDTH-065-2,2024-05-10,65,2,MMB-001,MMB_SLOT_WIDTH,Motor Mount Alignment Slot Width,dimension,8.0,7.9,8.1,8.0208,mm,False
SPC-MMB_SLOT_WIDTH-065-3,2024-05-10,65,3,MMB-001,MMB_SLOT_WIDTH,Motor Mount Alignment Slot Width,dimension,8.0,7.9,8.1,7.9808,mm,False
SPC-MMB_SLOT_WIDTH-065-4,2024-05-10,65,4,MMB-001,MMB_SLOT_WIDTH,Motor Mount Alignment Slot Width,dimension,8.0,7.9,8.1,7.9944,mm,False
SPC-MMB_SLOT_WIDTH-065-5,2024-05-10,65,5,MMB-001,MMB_SLOT_WIDTH,Motor Mount Alignment Slot Width,dimension,8.0,7.9,8.1,7.9847,mm,False
SPC-MMB_SLOT_WIDTH-066-1,2024-05-12,66,1,MMB-001,MMB_SLOT_WIDTH,Motor Mount Alignment Slot Width,dimension,8.0,7.9,8.1,8.0048,mm,False
SPC-MMB_SLOT_WIDTH-066-2,2024-05-12,66,2,MMB-001,MMB_SLOT_WIDTH,Motor Mount Alignment Slot Width,dimension,8.0,7.9,8.1,7.9932,mm,False
SPC-MMB_SLOT_WIDTH-066-3,2024-05-12,66,3,MMB-001,MMB_SLOT_WIDTH,Motor Mount Alignment Slot Width,dimension,8.0,7.9,8.1,8.0422,mm,False
SPC-MMB_SLOT_WIDTH-066-4,2024-05-12,66,4,MMB-001,MMB_SLOT_WIDTH,Motor Mount Alignment Slot Width,dimension,8.0,7.9,8.1,8.0004,mm,False
SPC-MMB_SLOT_WIDTH-066-5,2024-05-12,66,5,MMB-001,MMB_SLOT_WIDTH,Motor Mount Alignment Slot Width,dimension,8.0,7.9,8.1,7.9609,mm,False
SPC-MMB_SLOT_WIDTH-067-1,2024-05-14,67,1,MMB-001,MMB_SLOT_WIDTH,Motor Mount Alignment Slot Width,dimension,8.0,7.9,8.1,8.007,mm,False
SPC-MMB_SLOT_WIDTH-067-2,2024-05-14,67,2,MMB-001,MMB_SLOT_WIDTH,Motor Mount Alignment Slot Width,dimension,8.0,7.9,8.1,8.0322,mm,False
SPC-MMB_SLOT_WIDTH-067-3,2024-05-14,67,3,MMB-001,MMB_SLOT_WIDTH,Motor Mount Alignment Slot Width,dimension,8.0,7.9,8.1,8.0503,mm,False
SPC-MMB_SLOT_WIDTH-067-4,2024-05-14,67,4,MMB-001,MMB_SLOT_WIDTH,Motor Mount Alignment Slot Width,dimension,8.0,7.9,8.1,8.0094,mm,False
SPC-MMB_SLOT_WIDTH-067-5,2024-05-14,67,5,MMB-001,MMB_SLOT_WIDTH,Motor Mount Alignment Slot Width,dimension,8.0,7.9,8.1,8.003,mm,False
SPC-MMB_SLOT_WIDTH-068-1,2024-05-16,68,1,MMB-001,MMB_SLOT_WIDTH,Motor Mount Alignment Slot Width,dimension,8.0,7.9,8.1,8.0153,mm,False
SPC-MMB_SLOT_WIDTH-068-2,2024-05-16,68,2,MMB-001,MMB_SLOT_WIDTH,Motor Mount Alignment Slot Width,dimension,8.0,7.9,8.1,8.0247,mm,False
SPC-MMB_SLOT_WIDTH-068-3,2024-05-16,68,3,MMB-001,MMB_SLOT_WIDTH,Motor Mount Alignment Slot Width,dimension,8.0,7.9,8.1,7.9908,mm,False
SPC-MMB_SLOT_WIDTH-068-4,2024-05-16,68,4,MMB-001,MMB_SLOT_WIDTH,Motor Mount Alignment Slot Width,dimension,8.0,7.9,8.1,8.0102,mm,False
SPC-MMB_SLOT_WIDTH-068-5,2024-05-16,68,5,MMB-001,MMB_SLOT_WIDTH,Motor Mount Alignment Slot Width,dimension,8.0,7.9,8.1,8.0145,mm,False
SPC-MMB_SLOT_WIDTH-069-1,2024-05-18,69,1,MMB-001,MMB_SLOT_WIDTH,Motor Mount Alignment Slot Width,dimension,8.0,7.9,8.1,8.0178,mm,False
SPC-MMB_SLOT_WIDTH-069-2,2024-05-18,69,2,MMB-001,MMB_SLOT_WIDTH,Motor Mount Alignment Slot Width,dimension,8.0,7.9,8.1,8.0136,mm,False
SPC-MMB_SLOT_WIDTH-069-3,2024-05-18,69,3,MMB-001,MMB_SLOT_WIDTH,Motor Mount Alignment Slot Width,dimension,8.0,7.9,8.1,7.9962,mm,False
SPC-MMB_SLOT_WIDTH-069-4,2024-05-18,69,4,MMB-001,MMB_SLOT_WIDTH,Motor Mount Alignment Slot Width,dimension,8.0,7.9,8.1,8.0243,mm,False
SPC-MMB_SLOT_WIDTH-069-5,2024-05-18,69,5,MMB-001,MMB_SLOT_WIDTH,Motor Mount Alignment Slot Width,dimension,8.0,7.9,8.1,8.0158,mm,False
SPC-MMB_SLOT_WIDTH-070-1,2024-05-20,70,1,MMB-001,MMB_SLOT_WIDTH,Motor Mount Alignment Slot Width,dimension,8.0,7.9,8.1,8.017,mm,False
SPC-MMB_SLOT_WIDTH-070-2,2024-05-20,70,2,MMB-001,MMB_SLOT_WIDTH,Motor Mount Alignment Slot Width,dimension,8.0,7.9,8.1,7.9942,mm,False
SPC-MMB_SLOT_WIDTH-070-3,2024-05-20,70,3,MMB-001,MMB_SLOT_WIDTH,Motor Mount Alignment Slot Width,dimension,8.0,7.9,8.1,8.0321,mm,False
SPC-MMB_SLOT_WIDTH-070-4,2024-05-20,70,4,MMB-001,MMB_SLOT_WIDTH,Motor Mount Alignment Slot Width,dimension,8.0,7.9,8.1,7.9971,mm,False
SPC-MMB_SLOT_WIDTH-070-5,2024-05-20,70,5,MMB-001,MMB_SLOT_WIDTH,Motor Mount Alignment Slot Width,dimension,8.0,7.9,8.1,8.0536,mm,False
SPC-MMB_SLOT_WIDTH-071-1,2024-05-22,71,1,MMB-001,MMB_SLOT_WIDTH,Motor Mount Alignment Slot Width,dimension,8.0,7.9,8.1,7.9933,mm,False
SPC-MMB_SLOT_WIDTH-071-2,2024-05-22,71,2,MMB-001,MMB_SLOT_WIDTH,Motor Mount Alignment Slot Width,dimension,8.0,7.9,8.1,8.036,mm,False
SPC-MMB_SLOT_WIDTH-071-3,2024-05-22,71,3,MMB-001,MMB_SLOT_WIDTH,Motor Mount Alignment Slot Width,dimension,8.0,7.9,8.1,7.9772,mm,False
SPC-MMB_SLOT_WIDTH-071-4,2024-05-22,71,4,MMB-001,MMB_SLOT_WIDTH,Motor Mount Alignment Slot Width,dimension,8.0,7.9,8.1,7.9695,mm,False
SPC-MMB_SLOT_WIDTH-071-5,2024-05-22,71,5,MMB-001,MMB_SLOT_WIDTH,Motor Mount Alignment Slot Width,dimension,8.0,7.9,8.1,8.007,mm,False
SPC-MMB_SLOT_WIDTH-072-1,2024-05-24,72,1,MMB-001,MMB_SLOT_WIDTH,Motor Mount Alignment Slot Width,dimension,8.0,7.9,8.1,7.9707,mm,False
SPC-MMB_SLOT_WIDTH-072-2,2024-05-24,72,2,MMB-001,MMB_SLOT_WIDTH,Motor Mount Alignment Slot Width,dimension,8.0,7.9,8.1,8.0365,mm,False
SPC-MMB_SLOT_WIDTH-072-3,2024-05-24,72,3,MMB-001,MMB_SLOT_WIDTH,Motor Mount Alignment Slot Width,dimension,8.0,7.9,8.1,8.0199,mm,False
SPC-MMB_SLOT_WIDTH-072-4,2024-05-24,72,4,MMB-001,MMB_SLOT_WIDTH,Motor Mount Alignment Slot Width,dimension,8.0,7.9,8.1,8.0512,mm,False
SPC-MMB_SLOT_WIDTH-072-5,2024-05-24,72,5,MMB-001,MMB_SLOT_WIDTH,Motor Mount Alignment Slot Width,dimension,8.0,7.9,8.1,8.0167,mm,False
SPC-MMB_SLOT_WIDTH-073-1,2024-05-26,73,1,MMB-001,MMB_SLOT_WIDTH,Motor Mount Alignment Slot Width,dimension,8.0,7.9,8.1,8.0269,mm,False
SPC-MMB_SLOT_WIDTH-073-2,2024-05-26,73,2,MMB-001,MMB_SLOT_WIDTH,Motor Mount Alignment Slot Width,dimension,8.0,7.9,8.1,8.0157,mm,False
SPC-MMB_SLOT_WIDTH-073-3,2024-05-26,73,3,MMB-001,MMB_SLOT_WIDTH,Motor Mount Alignment Slot Width,dimension,8.0,7.9,8.1,8.0024,mm,False
SPC-MMB_SLOT_WIDTH-073-4,2024-05-26,73,4,MMB-001,MMB_SLOT_WIDTH,Motor Mount Alignment Slot Width,dimension,8.0,7.9,8.1,8.0127,mm,False
SPC-MMB_SLOT_WIDTH-073-5,2024-05-26,73,5,MMB-001,MMB_SLOT_WIDTH,Motor Mount Alignment Slot Width,dimension,8.0,7.9,8.1,7.9951,mm,False
SPC-MMB_SLOT_WIDTH-074-1,2024-05-28,74,1,MMB-001,MMB_SLOT_WIDTH,Motor Mount Alignment Slot Width,dimension,8.0,7.9,8.1,8.0313,mm,False
SPC-MMB_SLOT_WIDTH-074-2,2024-05-28,74,2,MMB-001,MMB_SLOT_WIDTH,Motor Mount Alignment Slot Width,dimension,8.0,7.9,8.1,8.016,mm,False
SPC-MMB_SLOT_WIDTH-074-3,2024-05-28,74,3,MMB-001,MMB_SLOT_WIDTH,Motor Mount Alignment Slot Width,dimension,8.0,7.9,8.1,8.0206,mm,False
SPC-MMB_SLOT_WIDTH-074-4,2024-05-28,74,4,MMB-001,MMB_SLOT_WIDTH,Motor Mount Alignment Slot Width,dimension,8.0,7.9,8.1,8.0849,mm,False
SPC-MMB_SLOT_WIDTH-074-5,2024-05-28,74,5,MMB-001,MMB_SLOT_WIDTH,Motor Mount Alignment Slot Width,dimension,8.0,7.9,8.1,8.0139,mm,False
SPC-MMB_SLOT_WIDTH-075-1,2024-05-30,75,1,MMB-001,MMB_SLOT_WIDTH,Motor Mount Alignment Slot Width,dimension,8.0,7.9,8.1,8.0309,mm,False
SPC-MMB_SLOT_WIDTH-075-2,2024-05-30,75,2,MMB-001,MMB_SLOT_WIDTH,Motor Mount Alignment Slot Width,dimension,8.0,7.9,8.1,8.0228,mm,False
SPC-MMB_SLOT_WIDTH-075-3,2024-05-30,75,3,MMB-001,MMB_SLOT_WIDTH,Motor Mount Alignment Slot Width,dimension,8.0,7.9,8.1,8.0495,mm,False
SPC-MMB_SLOT_WIDTH-075-4,2024-05-30,75,4,MMB-001,MMB_SLOT_WIDTH,Motor Mount Alignment Slot Width,dimension,8.0,7.9,8.1,8.0292,mm,False
SPC-MMB_SLOT_WIDTH-075-5,2024-05-30,75,5,MMB-001,MMB_SLOT_WIDTH,Motor Mount Alignment Slot Width,dimension,8.0,7.9,8.1,8.018,mm,False
SPC-MMB_SLOT_WIDTH-076-1,2024-06-01,76,1,MMB-001,MMB_SLOT_WIDTH,Motor Mount Alignment Slot Width,dimension,8.0,7.9,8.1,8.0756,mm,False
SPC-MMB_SLOT_WIDTH-076-2,2024-06-01,76,2,MMB-001,MMB_SLOT_WIDTH,Motor Mount Alignment Slot Width,dimension,8.0,7.9,8.1,8.0063,mm,False
SPC-MMB_SLOT_WIDTH-076-3,2024-06-01,76,3,MMB-001,MMB_SLOT_WIDTH,Motor Mount Alignment Slot Width,dimension,8.0,7.9,8.1,8.0209,mm,False
SPC-MMB_SLOT_WIDTH-076-4,2024-06-01,76,4,MMB-001,MMB_SLOT_WIDTH,Motor Mount Alignment Slot Width,dimension,8.0,7.9,8.1,8.0454,mm,False
SPC-MMB_SLOT_WIDTH-076-5,2024-06-01,76,5,MMB-001,MMB_SLOT_WIDTH,Motor Mount Alignment Slot Width,dimension,8.0,7.9,8.1,8.0072,mm,False
SPC-MMB_SLOT_WIDTH-077-1,2024-06-03,77,1,MMB-001,MMB_SLOT_WIDTH,Motor Mount Alignment Slot Width,dimension,8.0,7.9,8.1,8.0432,mm,False
SPC-MMB_SLOT_WIDTH-077-2,2024-06-03,77,2,MMB-001,MMB_SLOT_WIDTH,Motor Mount Alignment Slot Width,dimension,8.0,7.9,8.1,8.0159,mm,False
SPC-MMB_SLOT_WIDTH-077-3,2024-06-03,77,3,MMB-001,MMB_SLOT_WIDTH,Motor Mount Alignment Slot Width,dimension,8.0,7.9,8.1,8.0485,mm,False
SPC-MMB_SLOT_WIDTH-077-4,2024-06-03,77,4,MMB-001,MMB_SLOT_WIDTH,Motor Mount Alignment Slot Width,dimension,8.0,7.9,8.1,8.0479,mm,False
SPC-MMB_SLOT_WIDTH-077-5,2024-06-03,77,5,MMB-001,MMB_SLOT_WIDTH,Motor Mount Alignment Slot Width,dimension,8.0,7.9,8.1,8.0244,mm,False
SPC-MMB_SLOT_WIDTH-078-1,2024-06-05,78,1,MMB-001,MMB_SLOT_WIDTH,Motor Mount Alignment Slot Width,dimension,8.0,7.9,8.1,8.0056,mm,False
SPC-MMB_SLOT_WIDTH-078-2,2024-06-05,78,2,MMB-001,MMB_SLOT_WIDTH,Motor Mount Alignment Slot Width,dimension,8.0,7.9,8.1,8.019,mm,False
SPC-MMB_SLOT_WIDTH-078-3,2024-06-05,78,3,MMB-001,MMB_SLOT_WIDTH,Motor Mount Alignment Slot Width,dimension,8.0,7.9,8.1,8.0273,mm,False
SPC-MMB_SLOT_WIDTH-078-4,2024-06-05,78,4,MMB-001,MMB_SLOT_WIDTH,Motor Mount Alignment Slot Width,dimension,8.0,7.9,8.1,8.0471,mm,False
SPC-MMB_SLOT_WIDTH-078-5,2024-06-05,78,5,MMB-001,MMB_SLOT_WIDTH,Motor Mount Alignment Slot Width,dimension,8.0,7.9,8.1,8.0347,mm,False
SPC-MMB_SLOT_WIDTH-079-1,2024-06-07,79,1,MMB-001,MMB_SLOT_WIDTH,Motor Mount Alignment Slot Width,dimension,8.0,7.9,8.1,8.0406,mm,False
SPC-MMB_SLOT_WIDTH-079-2,2024-06-07,79,2,MMB-001,MMB_SLOT_WIDTH,Motor Mount Alignment Slot Width,dimension,8.0,7.9,8.1,8.0365,mm,False
SPC-MMB_SLOT_WIDTH-079-3,2024-06-07,79,3,MMB-001,MMB_SLOT_WIDTH,Motor Mount Alignment Slot Width,dimension,8.0,7.9,8.1,8.0474,mm,False
SPC-MMB_SLOT_WIDTH-079-4,2024-06-07,79,4,MMB-001,MMB_SLOT_WIDTH,Motor Mount Alignment Slot Width,dimension,8.0,7.9,8.1,8.0244,mm,False
SPC-MMB_SLOT_WIDTH-079-5,2024-06-07,79,5,MMB-001,MMB_SLOT_WIDTH,Motor Mount Alignment Slot Width,dimension,8.0,7.9,8.1,8.0324,mm,False
SPC-MMB_SLOT_WIDTH-080-1,2024-06-09,80,1,MMB-001,MMB_SLOT_WIDTH,Motor Mount Alignment Slot Width,dimension,8.0,7.9,8.1,8.0306,mm,False
SPC-MMB_SLOT_WIDTH-080-2,2024-06-09,80,2,MMB-001,MMB_SLOT_WIDTH,Motor Mount Alignment Slot Width,dimension,8.0,7.9,8.1,8.0204,mm,False
SPC-MMB_SLOT_WIDTH-080-3,2024-06-09,80,3,MMB-001,MMB_SLOT_WIDTH,Motor Mount Alignment Slot Width,dimension,8.0,7.9,8.1,8.0523,mm,False
SPC-MMB_SLOT_WIDTH-080-4,2024-06-09,80,4,MMB-001,MMB_SLOT_WIDTH,Motor Mount Alignment Slot Width,dimension,8.0,7.9,8.1,8.0518,mm,False
SPC-MMB_SLOT_WIDTH-080-5,2024-06-09,80,5,MMB-001,MMB_SLOT_WIDTH,Motor Mount Alignment Slot Width,dimension,8.0,7.9,8.1,8.0565,mm,False
SPC-MMB_SLOT_WIDTH-081-1,2024-06-11,81,1,MMB-001,MMB_SLOT_WIDTH,Motor Mount Alignment Slot Width,dimension,8.0,7.9,8.1,8.0144,mm,False
SPC-MMB_SLOT_WIDTH-081-2,2024-06-11,81,2,MMB-001,MMB_SLOT_WIDTH,Motor Mount Alignment Slot Width,dimension,8.0,7.9,8.1,8.0389,mm,False
SPC-MMB_SLOT_WIDTH-081-3,2024-06-11,81,3,MMB-001,MMB_SLOT_WIDTH,Motor Mount Alignment Slot Width,dimension,8.0,7.9,8.1,8.0552,mm,False
SPC-MMB_SLOT_WIDTH-081-4,2024-06-11,81,4,MMB-001,MMB_SLOT_WIDTH,Motor Mount Alignment Slot Width,dimension,8.0,7.9,8.1,8.0643,mm,False
SPC-MMB_SLOT_WIDTH-081-5,2024-06-11,81,5,MMB-001,MMB_SLOT_WIDTH,Motor Mount Alignment Slot Width,dimension,8.0,7.9,8.1,7.998,mm,False
SPC-MMB_SLOT_WIDTH-082-1,2024-06-13,82,1,MMB-001,MMB_SLOT_WIDTH,Motor Mount Alignment Slot Width,dimension,8.0,7.9,8.1,8.0323,mm,False
SPC-MMB_SLOT_WIDTH-082-2,2024-06-13,82,2,MMB-001,MMB_SLOT_WIDTH,Motor Mount Alignment Slot Width,dimension,8.0,7.9,8.1,8.0282,mm,False
SPC-MMB_SLOT_WIDTH-082-3,2024-06-13,82,3,MMB-001,MMB_SLOT_WIDTH,Motor Mount Alignment Slot Width,dimension,8.0,7.9,8.1,8.0674,mm,False
SPC-MMB_SLOT_WIDTH-082-4,2024-06-13,82,4,MMB-001,MMB_SLOT_WIDTH,Motor Mount Alignment Slot Width,dimension,8.0,7.9,8.1,7.9838,mm,False
SPC-MMB_SLOT_WIDTH-082-5,2024-06-13,82,5,MMB-001,MMB_SLOT_WIDTH,Motor Mount Alignment Slot Width,dimension,8.0,7.9,8.1,8.0094,mm,False
SPC-MMB_SLOT_WIDTH-083-1,2024-06-15,83,1,MMB-001,MMB_SLOT_WIDTH,Motor Mount Alignment Slot Width,dimension,8.0,7.9,8.1,8.0651,mm,False
SPC-MMB_SLOT_WIDTH-083-2,2024-06-15,83,2,MMB-001,MMB_SLOT_WIDTH,Motor Mount Alignment Slot Width,dimension,8.0,7.9,8.1,8.0233,mm,False
SPC-MMB_SLOT_WIDTH-083-3,2024-06-15,83,3,MMB-001,MMB_SLOT_WIDTH,Motor Mount Alignment Slot Width,dimension,8.0,7.9,8.1,8.005,mm,False
SPC-MMB_SLOT_WIDTH-083-4,2024-06-15,83,4,MMB-001,MMB_SLOT_WIDTH,Motor Mount Alignment Slot Width,dimension,8.0,7.9,8.1,8.0669,mm,False
SPC-MMB_SLOT_WIDTH-083-5,2024-06-15,83,5,MMB-001,MMB_SLOT_WIDTH,Motor Mount Alignment Slot Width,dimension,8.0,7.9,8.1,8.0021,mm,False
SPC-MMB_SLOT_WIDTH-084-1,2024-06-17,84,1,MMB-001,MMB_SLOT_WIDTH,Motor Mount Alignment Slot Width,dimension,8.0,7.9,8.1,8.0573,mm,False
SPC-MMB_SLOT_WIDTH-084-2,2024-06-17,84,2,MMB-001,MMB_SLOT_WIDTH,Motor Mount Alignment Slot Width,dimension,8.0,7.9,8.1,8.0005,mm,False
SPC-MMB_SLOT_WIDTH-084-3,2024-06-17,84,3,MMB-001,MMB_SLOT_WIDTH,Motor Mount Alignment Slot Width,dimension,8.0,7.9,8.1,8.0031,mm,False
SPC-MMB_SLOT_WIDTH-084-4,2024-06-17,84,4,MMB-001,MMB_SLOT_WIDTH,Motor Mount Alignment Slot Width,dimension,8.0,7.9,8.1,8.0392,mm,False
SPC-MMB_SLOT_WIDTH-084-5,2024-06-17,84,5,MMB-001,MMB_SLOT_WIDTH,Motor Mount Alignment Slot Width,dimension,8.0,7.9,8.1,8.0161,mm,False
SPC-MMB_SLOT_WIDTH-085-1,2024-06-19,85,1,MMB-001,MMB_SLOT_WIDTH,Motor Mount Alignment Slot Width,dimension,8.0,7.9,8.1,8.042,mm,False
SPC-MMB_SLOT_WIDTH-085-2,2024-06-19,85,2,MMB-001,MMB_SLOT_WIDTH,Motor Mount Alignment Slot Width,dimension,8.0,7.9,8.1,8.0756,mm,False
SPC-MMB_SLOT_WIDTH-085-3,2024-06-19,85,3,MMB-001,MMB_SLOT_WIDTH,Motor Mount Alignment Slot Width,dimension,8.0,7.9,8.1,8.0326,mm,False
SPC-MMB_SLOT_WIDTH-085-4,2024-06-19,85,4,MMB-001,MMB_SLOT_WIDTH,Motor Mount Alignment Slot Width,dimension,8.0,7.9,8.1,8.0718,mm,False
SPC-MMB_SLOT_WIDTH-085-5,2024-06-19,85,5,MMB-001,MMB_SLOT_WIDTH,Motor Mount Alignment Slot Width,dimension,8.0,7.9,8.1,8.0431,mm,False
SPC-MMB_SLOT_WIDTH-086-1,2024-06-21,86,1,MMB-001,MMB_SLOT_WIDTH,Motor Mount Alignment Slot Width,dimension,8.0,7.9,8.1,8.0582,mm,False
SPC-MMB_SLOT_WIDTH-086-2,2024-06-21,86,2,MMB-001,MMB_SLOT_WIDTH,Motor Mount Alignment Slot Width,dimension,8.0,7.9,8.1,7.9854,mm,False
SPC-MMB_SLOT_WIDTH-086-3,2024-06-21,86,3,MMB-001,MMB_SLOT_WIDTH,Motor Mount Alignment Slot Width,dimension,8.0,7.9,8.1,8.0512,mm,False
SPC-MMB_SLOT_WIDTH-086-4,2024-06-21,86,4,MMB-001,MMB_SLOT_WIDTH,Motor Mount Alignment Slot Width,dimension,8.0,7.9,8.1,8.0478,mm,False
SPC-MMB_SLOT_WIDTH-086-5,2024-06-21,86,5,MMB-001,MMB_SLOT_WIDTH,Motor Mount Alignment Slot Width,dimension,8.0,7.9,8.1,8.0293,mm,False
SPC-MMB_SLOT_WIDTH-087-1,2024-06-23,87,1,MMB-001,MMB_SLOT_WIDTH,Motor Mount Alignment Slot Width,dimension,8.0,7.9,8.1,8.0801,mm,False
SPC-MMB_SLOT_WIDTH-087-2,2024-06-23,87,2,MMB-001,MMB_SLOT_WIDTH,Motor Mount Alignment Slot Width,dimension,8.0,7.9,8.1,8.0275,mm,False
SPC-MMB_SLOT_WIDTH-087-3,2024-06-23,87,3,MMB-001,MMB_SLOT_WIDTH,Motor Mount Alignment Slot Width,dimension,8.0,7.9,8.1,8.003,mm,False
SPC-MMB_SLOT_WIDTH-087-4,2024-06-23,87,4,MMB-001,MMB_SLOT_WIDTH,Motor Mount Alignment Slot Width,dimension,8.0,7.9,8.1,8.0556,mm,False
SPC-MMB_SLOT_WIDTH-087-5,2024-06-23,87,5,MMB-001,MMB_SLOT_WIDTH,Motor Mount Alignment Slot Width,dimension,8.0,7.9,8.1,8.0071,mm,False
SPC-MMB_SLOT_WIDTH-088-1,2024-06-25,88,1,MMB-001,MMB_SLOT_WIDTH,Motor Mount Alignment Slot Width,dimension,8.0,7.9,8.1,8.0413,mm,False
SPC-MMB_SLOT_WIDTH-088-2,2024-06-25,88,2,MMB-001,MMB_SLOT_WIDTH,Motor Mount Alignment Slot Width,dimension,8.0,7.9,8.1,8.0691,mm,False
SPC-MMB_SLOT_WIDTH-088-3,2024-06-25,88,3,MMB-001,MMB_SLOT_WIDTH,Motor Mount Alignment Slot Width,dimension,8.0,7.9,8.1,8.0506,mm,False
SPC-MMB_SLOT_WIDTH-088-4,2024-06-25,88,4,MMB-001,MMB_SLOT_WIDTH,Motor Mount Alignment Slot Width,dimension,8.0,7.9,8.1,8.0342,mm,False
SPC-MMB_SLOT_WIDTH-088-5,2024-06-25,88,5,MMB-001,MMB_SLOT_WIDTH,Motor Mount Alignment Slot Width,dimension,8.0,7.9,8.1,8.0319,mm,False
SPC-MMB_SLOT_WIDTH-089-1,2024-06-27,89,1,MMB-001,MMB_SLOT_WIDTH,Motor Mount Alignment Slot Width,dimension,8.0,7.9,8.1,8.0686,mm,False
SPC-MMB_SLOT_WIDTH-089-2,2024-06-27,89,2,MMB-001,MMB_SLOT_WIDTH,Motor Mount Alignment Slot Width,dimension,8.0,7.9,8.1,8.014,mm,False
SPC-MMB_SLOT_WIDTH-089-3,2024-06-27,89,3,MMB-001,MMB_SLOT_WIDTH,Motor Mount Alignment Slot Width,dimension,8.0,7.9,8.1,8.0579,mm,False
SPC-MMB_SLOT_WIDTH-089-4,2024-06-27,89,4,MMB-001,MMB_SLOT_WIDTH,Motor Mount Alignment Slot Width,dimension,8.0,7.9,8.1,8.0891,mm,False
SPC-MMB_SLOT_WIDTH-089-5,2024-06-27,89,5,MMB-001,MMB_SLOT_WIDTH,Motor Mount Alignment Slot Width,dimension,8.0,7.9,8.1,8.0528,mm,False
SPC-MMB_SLOT_WIDTH-090-1,2024-06-29,90,1,MMB-001,MMB_SLOT_WIDTH,Motor Mount Alignment Slot Width,dimension,8.0,7.9,8.1,8.0368,mm,False
SPC-MMB_SLOT_WIDTH-090-2,2024-06-29,90,2,MMB-001,MMB_SLOT_WIDTH,Motor Mount Alignment Slot Width,dimension,8.0,7.9,8.1,8.0385,mm,False
SPC-MMB_SLOT_WIDTH-090-3,2024-06-29,90,3,MMB-001,MMB_SLOT_WIDTH,Motor Mount Alignment Slot Width,dimension,8.0,7.9,8.1,8.0314,mm,False
SPC-MMB_SLOT_WIDTH-090-4,2024-06-29,90,4,MMB-001,MMB_SLOT_WIDTH,Motor Mount Alignment Slot Width,dimension,8.0,7.9,8.1,8.0277,mm,False
SPC-MMB_SLOT_WIDTH-090-5,2024-06-29,90,5,MMB-001,MMB_SLOT_WIDTH,Motor Mount Alignment Slot Width,dimension,8.0,7.9,8.1,8.0446,mm,False
