production_id,date,station_name,units_started,units_completed,units_passed_first_time,units_reworked,units_scrapped,cycle_time_minutes,shift,operator_team
PROD-00001,2023-08-09,Wing Assembly,25,23,22,1,2,40.6,Night,Team-A
PROD-00002,2024-09-05,Wing Assembly,28,27,25,2,1,44.9,Swing,Team-C
PROD-00003,2023-06-17,Motor Installation,30,29,27,2,1,49.8,Day,Team-B
PROD-00004,2023-01-05,End-of-Line Test,80,71,63,8,9,55.0,Swing,Team-D
PROD-00005,2024-12-24,Battery Installation,64,63,63,0,1,55.2,Day,Team-A
PROD-00006,2024-11-15,Wing Assembly,79,75,70,5,4,29.8,Swing,Team-A
PROD-00007,2024-10-20,Motor Installation,67,65,61,4,2,52.3,Swing,Team-D
PROD-00008,2023-06-16,End-of-Line Test,89,83,73,10,6,70.9,Night,Team-D
PROD-00009,2024-03-30,Payload Assembly,57,54,51,3,3,49.1,Day,Team-C
PROD-00010,2024-01-21,Wing Assembly,59,56,51,5,3,61.8,Swing,Team-D
PROD-00011,2023-07-08,Battery Installation,83,80,75,5,3,54.1,Swing,Team-D
PROD-00012,2023-06-10,End-of-Line Test,48,46,42,4,2,60.5,Swing,Team-C
PROD-00013,2024-04-11,Final Assembly,92,87,78,9,5,64.7,Night,Team-C
PROD-00014,2023-05-31,Battery Installation,53,50,48,2,3,53.5,Night,Team-B
PROD-00015,2023-09-10,Wing Assembly,56,52,48,4,4,53.9,Night,Team-B
PROD-00016,2023-09-17,Wing Assembly,26,25,24,1,1,33.2,Day,Team-A
PROD-00017,2024-01-15,Final Assembly,47,45,43,2,2,60.8,Day,Team-D
PROD-00018,2024-09-10,Motor Installation,43,40,38,2,3,40.3,Night,Team-D
PROD-00019,2023-05-21,Wing Assembly,85,83,78,5,2,38.8,Night,Team-B
PROD-00020,2023-08-25,Battery Installation,49,47,46,1,2,49.4,Day,Team-D
PROD-00021,2023-01-24,Final Assembly,91,84,76,8,7,35.9,Night,Team-D
PROD-00022,2024-01-18,Motor Installation,95,91,84,7,4,50.7,Night,Team-D
PROD-00023,2023-10-04,Motor Installation,42,41,40,1,1,44.0,Night,Team-C
PROD-00024,2023-06-09,Payload Assembly,26,25,25,0,1,58.2,Night,Team-C
PROD-00025,2024-05-16,Motor Installation,48,46,44,2,2,41.6,Night,Team-B
PROD-00026,2024-08-01,Final Assembly,85,77,72,5,8,52.5,Day,Team-A
PROD-00027,2024-12-25,Payload Assembly,71,67,63,4,4,61.4,Night,Team-D
PROD-00028,2024-05-26,End-of-Line Test,35,31,27,4,4,42.1,Swing,Team-B
PROD-00029,2024-10-11,Wing Assembly,76,72,65,7,4,42.1,Night,Team-D
PROD-00030,2024-10-25,Payload Assembly,69,64,60,4,5,57.3,Swing,Team-A
PROD-00031,2023-01-20,Wing Assembly,41,38,35,3,3,47.2,Day,Team-D
PROD-00032,2024-03-05,Motor Installation,62,60,56,4,2,31.6,Day,Team-C
PROD-00033,2024-07-28,Battery Installation,63,60,58,2,3,36.5,Day,Team-B
PROD-00034,2024-10-06,Battery Installation,26,24,24,0,2,43.2,Swing,Team-A
PROD-00035,2024-09-08,Wing Assembly,98,95,89,6,3,51.1,Night,Team-D
PROD-00036,2024-08-14,Payload Assembly,56,52,49,3,4,56.4,Night,Team-D
PROD-00037,2024-08-31,Battery Installation,40,38,37,1,2,66.0,Night,Team-A
PROD-00038,2023-04-16,Motor Installation,91,87,82,5,4,40.3,Night,Team-B
PROD-00039,2024-08-15,Payload Assembly,42,40,40,0,2,53.2,Swing,Team-D
PROD-00040,2024-04-19,End-of-Line Test,30,28,24,4,2,47.8,Swing,Team-D
PROD-00041,2024-08-12,Payload Assembly,55,52,50,2,3,54.2,Swing,Team-A
PROD-00042,2024-07-23,Motor Installation,45,42,39,3,3,58.1,Night,Team-A
PROD-00043,2024-04-26,End-of-Line Test,87,81,73,8,6,56.9,Swing,Team-D
PROD-00044,2023-01-01,Final Assembly,45,42,40,2,3,60.9,Day,Team-C
PROD-00045,2023-04-09,Battery Installation,41,40,40,0,1,63.5,Swing,Team-A
PROD-00046,2024-02-29,End-of-Line Test,78,69,63,6,9,52.6,Day,Team-B
PROD-00047,2023-02-09,Payload Assembly,33,30,28,2,3,69.2,Day,Team-A
PROD-00048,2024-03-30,End-of-Line Test,45,41,35,6,4,56.7,Night,Team-B
PROD-00049,2024-06-10,Payload Assembly,52,50,48,2,2,60.3,Swing,Team-A
PROD-00050,2024-01-15,Wing Assembly,47,46,45,1,1,50.9,Swing,Team-B
PROD-00051,2024-09-21,Battery Installation,89,87,86,1,2,46.3,Swing,Team-C
PROD-00052,2023-12-22,Wing Assembly,69,63,57,6,6,36.1,Night,Team-A
PROD-00053,2024-03-20,Final Assembly,90,85,81,4,5,50.9,Swing,Team-D
PROD-00054,2023-06-19,Payload Assembly,51,46,43,3,5,58.0,Night,Team-A
PROD-00055,2024-04-24,End-of-Line Test,85,78,69,9,7,66.5,Day,Team-B
PROD-00056,2023-07-31,Wing Assembly,82,77,72,5,5,38.6,Night,Team-A
PROD-00057,2024-07-09,Wing Assembly,98,94,87,7,4,36.4,Night,Team-B
PROD-00058,2024-06-27,Final Assembly,71,66,61,5,5,59.6,Swing,Team-D
PROD-00059,2024-02-27,Final Assembly,51,47,43,4,4,55.6,Night,Team-A
PROD-00060,2024-02-25,End-of-Line Test,88,82,76,6,6,70.7,Night,Team-A
PROD-00061,2023-03-29,Motor Installation,40,37,35,2,3,45.6,Night,Team-B
PROD-00062,2023-03-30,Final Assembly,65,62,59,3,3,52.0,Day,Team-C
PROD-00063,2024-02-20,Motor Installation,32,30,27,3,2,57.6,Day,Team-C
PROD-00064,2023-05-01,End-of-Line Test,69,62,57,5,7,71.6,Swing,Team-C
PROD-00065,2023-03-29,Battery Installation,40,38,35,3,2,45.9,Day,Team-B
PROD-00066,2024-05-28,Wing Assembly,96,89,81,8,7,53.2,Day,Team-D
PROD-00067,2023-04-14,Final Assembly,35,33,29,4,2,53.8,Swing,Team-D
PROD-00068,2023-09-27,Motor Installation,87,85,84,1,2,37.6,Night,Team-B
PROD-00069,2024-10-05,Wing Assembly,72,69,67,2,3,42.7,Night,Team-A
PROD-00070,2023-08-30,Motor Installation,95,92,89,3,3,55.7,Swing,Team-A
PROD-00071,2024-12-25,Motor Installation,97,93,88,5,4,38.8,Swing,Team-D
PROD-00072,2024-09-23,Final Assembly,97,91,85,6,6,51.0,Day,Team-C
PROD-00073,2024-05-19,Motor Installation,36,35,34,1,1,40.1,Day,Team-D
PROD-00074,2024-04-22,End-of-Line Test,63,57,54,3,6,50.6,Swing,Team-C
PROD-00075,2023-09-05,Payload Assembly,79,74,71,3,5,47.7,Swing,Team-D
PROD-00076,2023-07-27,Motor Installation,63,62,61,1,1,37.5,Day,Team-B
PROD-00077,2024-11-12,End-of-Line Test,21,19,18,1,2,65.9,Swing,Team-C
PROD-00078,2023-12-25,Motor Installation,46,43,42,1,3,55.3,Swing,Team-D
PROD-00079,2023-05-14,Payload Assembly,35,32,30,2,3,63.3,Night,Team-C
PROD-00080,2024-05-13,End-of-Line Test,85,76,68,8,9,67.3,Day,Team-D
PROD-00081,2023-05-01,Battery Installation,47,45,43,2,2,60.1,Day,Team-C
PROD-00082,2024-10-10,Payload Assembly,96,91,88,3,5,62.8,Swing,Team-D
PROD-00083,2023-08-20,Final Assembly,76,73,68,5,3,60.4,Night,Team-A
PROD-00084,2023-04-05,Wing Assembly,26,24,21,3,2,42.5,Swing,Team-B
PROD-00085,2023-08-09,End-of-Line Test,48,41,36,5,7,71.7,Swing,Team-D
PROD-00086,2023-09-17,End-of-Line Test,52,46,41,5,6,77.6,Night,Team-D
PROD-00087,2024-09-09,End-of-Line Test,72,68,58,10,4,55.4,Night,Team-B
PROD-00088,2023-06-30,Final Assembly,45,43,41,2,2,46.3,Night,Team-B
PROD-00089,2024-06-07,Payload Assembly,89,85,79,6,4,55.9,Night,Team-D
PROD-00090,2023-04-16,Payload Assembly,38,36,34,2,2,55.2,Swing,Team-D
PROD-00091,2024-02-24,Final Assembly,90,85,79,6,5,67.8,Day,Team-B
PROD-00092,2024-03-14,End-of-Line Test,53,49,41,8,4,49.5,Night,Team-C
PROD-00093,2024-07-10,End-of-Line Test,39,36,34,2,3,54.9,Swing,Team-A
PROD-00094,2024-02-12,Payload Assembly,32,29,27,2,3,48.4,Swing,Team-D
PROD-00095,2023-04-10,End-of-Line Test,23,21,20,1,2,61.2,Day,Team-D
PROD-00096,2024-10-16,Final Assembly,38,35,32,3,3,36.0,Night,Team-C
PROD-00097,2023-03-03,Final Assembly,95,87,81,6,8,67.0,Swing,Team-C
PROD-00098,2023-08-31,Payload Assembly,38,36,32,4,2,67.5,Swing,Team-C
PROD-00099,2024-01-18,Motor Installation,85,82,78,4,3,40.4,Swing,Team-B
PROD-00100,2023-05-26,Wing Assembly,56,54,54,0,2,45.0,Day,Team-A
PROD-00101,2023-01-23,Battery Installation,52,50,49,1,2,50.7,Night,Team-B
PROD-00102,2023-08-21,Wing Assembly,45,42,40,2,3,34.2,Day,Team-C
PROD-00103,2024-12-20,Payload Assembly,90,82,78,4,8,45.3,Night,Team-B
PROD-00104,2023-12-15,Payload Assembly,93,90,85,5,3,61.7,Night,Team-C
PROD-00105,2023-01-03,Payload Assembly,30,29,27,2,1,55.7,Night,Team-C
PROD-00106,2024-08-10,Motor Installation,87,83,78,5,4,39.3,Night,Team-C
PROD-00107,2023-12-12,End-of-Line Test,83,76,70,6,7,63.5,Night,Team-B
PROD-00108,2024-02-18,Final Assembly,56,51,44,7,5,51.7,Day,Team-A
PROD-00109,2023-03-25,Wing Assembly,41,38,35,3,3,48.7,Swing,Team-A
PROD-00110,2024-03-31,Wing Assembly,92,84,76,8,8,41.5,Day,Team-D
PROD-00111,2024-09-13,Payload Assembly,20,19,18,1,1,57.6,Swing,Team-B
PROD-00112,2024-06-25,Motor Installation,40,37,35,2,3,48.1,Swing,Team-C
PROD-00113,2024-07-27,Motor Installation,64,60,56,4,4,47.9,Day,Team-A
PROD-00114,2023-12-10,Motor Installation,37,34,31,3,3,46.2,Day,Team-B
PROD-00115,2024-06-27,Final Assembly,37,35,33,2,2,50.8,Swing,Team-D
PROD-00116,2024-03-06,Final Assembly,81,76,68,8,5,67.2,Swing,Team-B
PROD-00117,2023-02-25,End-of-Line Test,40,37,32,5,3,63.8,Swing,Team-D
PROD-00118,2023-02-28,Wing Assembly,27,25,25,0,2,38.6,Night,Team-D
PROD-00119,2023-07-27,Final Assembly,65,63,58,5,2,53.0,Day,Team-C
PROD-00120,2024-04-12,Wing Assembly,73,65,58,7,8,29.4,Swing,Team-B
PROD-00121,2023-07-26,End-of-Line Test,60,56,53,3,4,58.0,Night,Team-C
PROD-00122,2024-07-30,Wing Assembly,37,35,34,1,2,34.7,Swing,Team-A
PROD-00123,2024-12-13,Payload Assembly,64,63,61,2,1,57.5,Day,Team-A
PROD-00124,2023-06-05,End-of-Line Test,81,74,69,5,7,62.5,Swing,Team-A
PROD-00125,2024-08-31,Motor Installation,74,70,64,6,4,29.6,Night,Team-B
PROD-00126,2024-09-04,Battery Installation,60,58,56,2,2,54.8,Night,Team-D
PROD-00127,2023-03-28,Payload Assembly,94,85,79,6,9,61.8,Night,Team-B
PROD-00128,2023-05-02,Motor Installation,50,47,43,4,3,35.2,Night,Team-A
PROD-00129,2024-02-19,Payload Assembly,32,30,27,3,2,50.4,Night,Team-A
PROD-00130,2024-11-11,Payload Assembly,67,64,58,6,3,51.8,Day,Team-D
PROD-00131,2023-04-18,Payload Assembly,38,36,34,2,2,66.2,Day,Team-D
PROD-00132,2023-06-06,Final Assembly,84,79,71,8,5,64.1,Day,Team-C
PROD-00133,2024-06-19,End-of-Line Test,26,23,21,2,3,60.8,Day,Team-C
PROD-00134,2024-06-09,End-of-Line Test,79,71,64,7,8,48.8,Night,Team-C
PROD-00135,2024-11-02,Wing Assembly,36,35,33,2,1,51.0,Night,Team-B
PROD-00136,2024-06-24,End-of-Line Test,85,80,77,3,5,60.6,Night,Team-A
PROD-00137,2023-12-27,Wing Assembly,89,84,76,8,5,51.3,Day,Team-C
PROD-00138,2024-12-20,End-of-Line Test,66,60,55,5,6,71.6,Night,Team-B
PROD-00139,2023-10-24,Motor Installation,56,52,49,3,4,50.4,Day,Team-A
PROD-00140,2023-03-18,Wing Assembly,98,94,89,5,4,62.8,Night,Team-A
PROD-00141,2023-03-14,Wing Assembly,83,79,71,8,4,41.8,Swing,Team-D
PROD-00142,2024-10-15,Motor Installation,30,28,26,2,2,43.1,Swing,Team-A
PROD-00143,2024-11-15,End-of-Line Test,33,31,30,1,2,59.2,Swing,Team-D
PROD-00144,2023-08-29,Motor Installation,82,78,70,8,4,45.8,Night,Team-C
PROD-00145,2024-04-17,Payload Assembly,34,30,27,3,4,47.4,Day,Team-D
PROD-00146,2023-11-11,Payload Assembly,48,46,44,2,2,44.7,Day,Team-A
PROD-00147,2023-01-30,Motor Installation,75,71,67,4,4,52.1,Day,Team-C
PROD-00148,2024-09-29,Final Assembly,56,52,47,5,4,64.5,Day,Team-D
PROD-00149,2024-12-08,Battery Installation,72,71,71,0,1,56.9,Day,Team-C
PROD-00150,2024-02-26,Final Assembly,84,80,75,5,4,62.9,Day,Team-B
PROD-00151,2023-08-14,Motor Installation,28,26,25,1,2,42.2,Swing,Team-C
PROD-00152,2024-10-19,Final Assembly,50,45,42,3,5,57.2,Swing,Team-C
PROD-00153,2024-07-17,Payload Assembly,31,29,28,1,2,51.3,Night,Team-D
PROD-00154,2023-11-24,Final Assembly,91,82,72,10,9,42.3,Swing,Team-A
PROD-00155,2024-01-22,Payload Assembly,84,79,73,6,5,52.1,Night,Team-C
PROD-00156,2024-05-10,Wing Assembly,67,62,58,4,5,46.8,Night,Team-B
PROD-00157,2024-02-06,Final Assembly,42,38,36,2,4,50.8,Day,Team-A
PROD-00158,2024-08-07,Payload Assembly,64,61,57,4,3,52.6,Day,Team-C
PROD-00159,2024-01-14,Final Assembly,73,68,61,7,5,63.6,Swing,Team-B
PROD-00160,2024-11-26,Motor Installation,90,87,85,2,3,50.3,Night,Team-C
PROD-00161,2024-05-07,Battery Installation,90,83,78,5,7,36.9,Day,Team-B
PROD-00162,2024-09-17,End-of-Line Test,64,57,52,5,7,50.8,Night,Team-D
PROD-00163,2023-11-13,Payload Assembly,78,75,68,7,3,41.3,Night,Team-C
PROD-00164,2024-11-22,Payload Assembly,33,32,31,1,1,36.0,Day,Team-C
PROD-00165,2023-10-12,Motor Installation,53,50,47,3,3,49.9,Night,Team-A
PROD-00166,2024-12-31,Payload Assembly,83,79,76,3,4,50.3,Night,Team-C
PROD-00167,2024-09-11,Final Assembly,99,93,87,6,6,58.2,Night,Team-A
PROD-00168,2024-06-03,Battery Installation,45,42,38,4,3,45.3,Swing,Team-A
PROD-00169,2023-05-21,Final Assembly,28,26,24,2,2,53.1,Swing,Team-C
PROD-00170,2024-03-09,Wing Assembly,33,30,26,4,3,43.8,Night,Team-D
PROD-00171,2023-09-17,Motor Installation,55,52,50,2,3,44.4,Swing,Team-B
PROD-00172,2024-04-26,Battery Installation,95,92,86,6,3,38.5,Day,Team-B
PROD-00173,2024-09-20,Motor Installation,83,81,79,2,2,48.5,Swing,Team-A
PROD-00174,2024-08-08,Payload Assembly,42,40,37,3,2,55.6,Swing,Team-B
PROD-00175,2024-11-23,End-of-Line Test,94,86,75,11,8,69.4,Day,Team-C
PROD-00176,2023-08-18,Battery Installation,40,39,39,0,1,40.5,Swing,Team-D
PROD-00177,2023-02-03,Payload Assembly,65,60,56,4,5,60.3,Day,Team-D
PROD-00178,2024-07-02,Wing Assembly,29,28,26,2,1,28.4,Swing,Team-D
PROD-00179,2023-11-12,Motor Installation,80,77,74,3,3,42.8,Day,Team-C
PROD-00180,2023-10-01,Motor Installation,96,91,85,6,5,36.6,Night,Team-D
PROD-00181,2023-10-25,Battery Installation,61,56,54,2,5,60.4,Swing,Team-C
PROD-00182,2024-01-05,Battery Installation,64,63,63,0,1,58.5,Night,Team-B
PROD-00183,2023-06-29,Motor Installation,28,27,26,1,1,58.0,Swing,Team-A
PROD-00184,2024-06-15,Wing Assembly,69,63,58,5,6,52.1,Swing,Team-C
PROD-00185,2024-04-25,End-of-Line Test,29,26,24,2,3,41.1,Swing,Team-D
PROD-00186,2024-05-26,Motor Installation,37,35,35,0,2,48.2,Day,Team-C
PROD-00187,2023-12-15,Battery Installation,56,54,52,2,2,51.0,Day,Team-C
PROD-00188,2023-10-03,Motor Installation,59,56,54,2,3,43.1,Swing,Team-C
PROD-00189,2024-04-08,Wing Assembly,66,64,60,4,2,46.4,Swing,Team-D
PROD-00190,2024-11-29,Wing Assembly,37,36,34,2,1,47.2,Night,Team-C
PROD-00191,2024-01-28,Battery Installation,64,62,59,3,2,45.2,Day,Team-D
PROD-00192,2023-09-13,Motor Installation,56,51,47,4,5,54.8,Day,Team-B
PROD-00193,2024-07-12,Motor Installation,98,90,84,6,8,39.5,Night,Team-D
PROD-00194,2023-07-22,End-of-Line Test,81,75,64,11,6,65.5,Swing,Team-B
PROD-00195,2024-04-28,Final Assembly,55,52,45,7,3,61.5,Night,Team-C
PROD-00196,2024-05-06,Motor Installation,51,47,42,5,4,46.8,Swing,Team-A
PROD-00197,2023-03-07,Final Assembly,64,62,60,2,2,56.6,Swing,Team-C
PROD-00198,2024-12-03,Final Assembly,95,91,84,7,4,57.0,Night,Team-D
PROD-00199,2024-01-28,End-of-Line Test,100,89,80,9,11,61.4,Night,Team-D
PROD-00200,2023-11-24,Motor Installation,95,90,86,4,5,56.8,Day,Team-D
PROD-00201,2023-08-21,Final Assembly,48,43,38,5,5,51.2,Day,Team-D
PROD-00202,2023-09-30,Wing Assembly,46,43,42,1,3,35.2,Night,Team-C
PROD-00203,2024-04-25,Motor Installation,74,68,61,7,6,56.5,Night,Team-A
PROD-00204,2024-12-01,Final Assembly,31,29,27,2,2,48.3,Night,Team-A
PROD-00205,2023-06-16,Motor Installation,94,86,78,8,8,46.0,Day,Team-C
PROD-00206,2024-07-18,End-of-Line Test,97,89,78,11,8,68.6,Day,Team-A
PROD-00207,2023-07-09,Final Assembly,71,68,65,3,3,48.9,Swing,Team-B
PROD-00208,2024-08-09,Final Assembly,84,74,67,7,10,49.7,Day,Team-D
PROD-00209,2023-10-20,Battery Installation,99,95,92,3,4,43.7,Night,Team-D
PROD-00210,2024-08-09,Motor Installation,36,34,33,1,2,41.9,Day,Team-B
PROD-00211,2024-08-09,Wing Assembly,70,65,62,3,5,32.1,Day,Team-A
PROD-00212,2023-01-14,Wing Assembly,37,35,32,3,2,47.8,Night,Team-A
PROD-00213,2023-05-21,Final Assembly,37,35,32,3,2,56.0,Night,Team-C
PROD-00214,2024-05-18,Payload Assembly,64,59,56,3,5,53.1,Night,Team-C
PROD-00215,2023-10-03,Wing Assembly,71,69,67,2,2,40.3,Day,Team-C
PROD-00216,2023-04-22,Payload Assembly,55,49,45,4,6,36.0,Night,Team-D
PROD-00217,2024-09-19,Motor Installation,100,98,95,3,2,41.9,Day,Team-D
PROD-00218,2024-03-18,Payload Assembly,30,29,27,2,1,57.0,Night,Team-A
PROD-00219,2024-04-10,Wing Assembly,79,75,71,4,4,43.9,Day,Team-A
PROD-00220,2023-01-31,Wing Assembly,98,94,89,5,4,37.3,Swing,Team-B
PROD-00221,2024-10-04,End-of-Line Test,97,92,82,10,5,63.6,Night,Team-B
PROD-00222,2023-08-11,Payload Assembly,72,67,62,5,5,50.2,Day,Team-B
PROD-00223,2023-10-04,Wing Assembly,65,59,56,3,6,44.6,Night,Team-B
PROD-00224,2023-07-14,Battery Installation,87,81,76,5,6,57.1,Night,Team-B
PROD-00225,2023-01-03,Final Assembly,21,20,18,2,1,65.4,Night,Team-C
PROD-00226,2024-08-17,End-of-Line Test,34,31,28,3,3,68.2,Day,Team-D
PROD-00227,2024-06-22,Wing Assembly,46,43,41,2,3,38.8,Night,Team-C
PROD-00228,2024-04-24,Battery Installation,34,32,32,0,2,60.0,Swing,Team-B
PROD-00229,2024-01-03,Motor Installation,97,89,81,8,8,54.5,Night,Team-C
PROD-00230,2024-12-30,End-of-Line Test,67,61,54,7,6,66.0,Day,Team-B
PROD-00231,2024-11-25,Payload Assembly,91,86,79,7,5,49.9,Day,Team-C
PROD-00232,2024-01-25,Payload Assembly,36,32,30,2,4,44.1,Swing,Team-B
PROD-00233,2023-10-15,End-of-Line Test,42,38,33,5,4,61.2,Day,Team-C
PROD-00234,2023-05-03,Payload Assembly,76,72,68,4,4,57.5,Day,Team-D
PROD-00235,2024-08-05,Battery Installation,95,94,94,0,1,41.6,Night,Team-C
PROD-00236,2024-07-10,Final Assembly,37,34,30,4,3,46.8,Swing,Team-D
PROD-00237,2024-04-10,Payload Assembly,39,37,33,4,2,68.5,Night,Team-A
PROD-00238,2024-05-30,End-of-Line Test,30,27,24,3,3,72.3,Day,Team-C
PROD-00239,2023-02-26,Final Assembly,90,86,79,7,4,51.0,Day,Team-D
PROD-00240,2023-09-01,Motor Installation,95,93,91,2,2,54.9,Swing,Team-B
PROD-00241,2024-06-21,Final Assembly,31,28,26,2,3,52.2,Day,Team-A
PROD-00242,2023-04-08,End-of-Line Test,31,28,23,5,3,64.1,Day,Team-B
PROD-00243,2024-06-24,End-of-Line Test,70,62,54,8,8,60.6,Swing,Team-D
PROD-00244,2024-10-28,Payload Assembly,63,60,57,3,3,56.1,Night,Team-C
PROD-00245,2024-07-21,Wing Assembly,53,51,48,3,2,51.6,Swing,Team-A
PROD-00246,2024-09-23,Battery Installation,22,21,21,0,1,58.2,Night,Team-D
PROD-00247,2024-12-29,Motor Installation,37,33,31,2,4,32.6,Day,Team-B
PROD-00248,2023-08-01,Motor Installation,81,78,74,4,3,43.7,Swing,Team-C
PROD-00249,2023-03-01,Battery Installation,66,63,59,4,3,63.3,Swing,Team-C
PROD-00250,2024-12-23,Motor Installation,39,36,34,2,3,39.2,Swing,Team-D
PROD-00251,2024-09-24,Payload Assembly,59,54,50,4,5,66.1,Night,Team-B
PROD-00252,2024-04-25,Payload Assembly,64,61,56,5,3,54.9,Day,Team-B
PROD-00253,2024-10-20,Wing Assembly,95,89,80,9,6,35.9,Day,Team-D
PROD-00254,2024-08-02,Motor Installation,31,30,30,0,1,30.2,Night,Team-A
PROD-00255,2024-11-14,Motor Installation,39,36,34,2,3,38.0,Night,Team-D
PROD-00256,2023-09-10,End-of-Line Test,61,57,53,4,4,59.5,Day,Team-D
PROD-00257,2024-03-15,End-of-Line Test,74,70,59,11,4,63.9,Day,Team-D
PROD-00258,2023-04-29,Final Assembly,50,49,47,2,1,51.2,Night,Team-A
PROD-00259,2024-04-26,Battery Installation,100,97,95,2,3,54.7,Day,Team-D
PROD-00260,2024-11-23,End-of-Line Test,41,39,35,4,2,40.3,Night,Team-D
PROD-00261,2023-06-18,Payload Assembly,100,93,87,6,7,49.2,Day,Team-D
PROD-00262,2023-10-21,Final Assembly,56,53,50,3,3,55.2,Night,Team-C
PROD-00263,2023-06-09,Battery Installation,26,25,24,1,1,52.7,Night,Team-D
PROD-00264,2023-07-28,End-of-Line Test,79,70,64,6,9,64.6,Swing,Team-C
PROD-00265,2023-06-27,Wing Assembly,24,22,20,2,2,52.0,Night,Team-D
PROD-00266,2024-09-28,Wing Assembly,31,28,26,2,3,50.9,Night,Team-C
PROD-00267,2024-02-04,End-of-Line Test,25,22,20,2,3,66.1,Swing,Team-B
PROD-00268,2024-11-22,Wing Assembly,98,93,89,4,5,33.3,Day,Team-D
PROD-00269,2024-11-07,Battery Installation,78,75,72,3,3,51.2,Swing,Team-B
PROD-00270,2023-07-03,End-of-Line Test,82,72,61,11,10,52.4,Day,Team-B
PROD-00271,2023-02-10,End-of-Line Test,40,38,34,4,2,46.5,Swing,Team-C
PROD-00272,2023-12-14,Final Assembly,31,29,28,1,2,50.9,Day,Team-A
PROD-00273,2023-01-30,Payload Assembly,86,80,71,9,6,42.4,Day,Team-D
PROD-00274,2024-09-16,Battery Installation,55,54,54,0,1,62.4,Day,Team-B
PROD-00275,2024-06-19,Payload Assembly,29,28,27,1,1,55.3,Night,Team-C
PROD-00276,2023-12-22,Final Assembly,46,43,38,5,3,64.0,Night,Team-B
PROD-00277,2024-07-20,Payload Assembly,36,34,30,4,2,55.7,Swing,Team-C
PROD-00278,2024-05-14,Payload Assembly,31,30,29,1,1,46.8,Day,Team-A
PROD-00279,2023-07-05,Wing Assembly,53,48,43,5,5,42.6,Night,Team-A
PROD-00280,2023-12-27,End-of-Line Test,56,50,44,6,6,66.4,Day,Team-D
PROD-00281,2024-07-01,Wing Assembly,95,84,78,6,11,43.5,Night,Team-B
PROD-00282,2023-09-17,Motor Installation,92,88,83,5,4,43.0,Day,Team-D
PROD-00283,2023-05-23,End-of-Line Test,72,68,63,5,4,39.4,Swing,Team-A
PROD-00284,2023-07-11,Motor Installation,21,20,19,1,1,70.3,Night,Team-B
PROD-00285,2023-09-26,Payload Assembly,87,84,81,3,3,63.3,Swing,Team-D
PROD-00286,2024-10-16,Payload Assembly,56,52,49,3,4,57.0,Day,Team-B
PROD-00287,2024-08-15,Payload Assembly,46,43,41,2,3,56.0,Swing,Team-D
PROD-00288,2023-01-25,Motor Installation,21,19,18,1,2,44.6,Day,Team-A
PROD-00289,2024-01-09,Motor Installation,78,73,70,3,5,44.8,Day,Team-C
PROD-00290,2024-04-15,Payload Assembly,49,45,42,3,4,50.3,Swing,Team-A
PROD-00291,2024-01-29,Payload Assembly,62,58,55,3,4,46.3,Night,Team-C
PROD-00292,2023-10-29,Motor Installation,44,41,39,2,3,52.7,Night,Team-D
PROD-00293,2023-03-03,Battery Installation,37,35,34,1,2,44.0,Swing,Team-C
PROD-00294,2023-11-18,End-of-Line Test,62,59,56,3,3,60.7,Swing,Team-C
PROD-00295,2023-10-29,Wing Assembly,52,50,49,1,2,46.8,Day,Team-B
PROD-00296,2024-08-02,Payload Assembly,27,26,25,1,1,56.8,Swing,Team-A
PROD-00297,2023-03-09,Battery Installation,86,85,85,0,1,46.2,Night,Team-D
PROD-00298,2023-11-04,End-of-Line Test,86,81,76,5,5,62.3,Swing,Team-A
PROD-00299,2024-11-14,Wing Assembly,37,34,32,2,3,45.9,Day,Team-C
PROD-00300,2023-07-11,Motor Installation,34,32,30,2,2,65.6,Swing,Team-D
PROD-00301,2024-03-01,Motor Installation,23,22,21,1,1,60.7,Night,Team-C
PROD-00302,2023-03-29,End-of-Line Test,81,76,66,10,5,60.0,Swing,Team-C
PROD-00303,2023-10-09,Final Assembly,60,53,49,4,7,66.7,Day,Team-C
PROD-00304,2023-09-03,Motor Installation,84,81,77,4,3,38.9,Day,Team-A
PROD-00305,2023-02-03,End-of-Line Test,67,58,51,7,9,66.1,Night,Team-B
PROD-00306,2024-08-02,Battery Installation,61,59,57,2,2,57.1,Swing,Team-D
PROD-00307,2024-03-01,Battery Installation,79,76,71,5,3,47.6,Night,Team-B
PROD-00308,2023-08-02,Payload Assembly,40,38,35,3,2,38.6,Day,Team-C
PROD-00309,2023-01-23,End-of-Line Test,48,43,40,3,5,72.4,Night,Team-D
PROD-00310,2024-12-29,Final Assembly,35,32,29,3,3,41.4,Swing,Team-B
PROD-00311,2023-05-09,End-of-Line Test,36,33,27,6,3,57.8,Day,Team-C
PROD-00312,2024-06-11,Wing Assembly,81,73,67,6,8,47.4,Night,Team-D
PROD-00313,2024-04-22,Payload Assembly,85,81,78,3,4,46.3,Swing,Team-C
PROD-00314,2024-01-24,Motor Installation,42,39,37,2,3,55.2,Night,Team-A
PROD-00315,2023-04-26,End-of-Line Test,29,27,24,3,2,61.1,Swing,Team-A
PROD-00316,2023-08-23,Final Assembly,77,71,67,4,6,59.5,Night,Team-A
PROD-00317,2024-11-02,End-of-Line Test,49,45,40,5,4,55.7,Day,Team-D
PROD-00318,2024-09-20,Final Assembly,20,18,17,1,2,60.1,Night,Team-D
PROD-00319,2024-10-09,Motor Installation,95,91,83,8,4,43.0,Swing,Team-D
PROD-00320,2023-05-06,Final Assembly,76,72,67,5,4,59.6,Swing,Team-A
PROD-00321,2023-04-15,Wing Assembly,78,74,67,7,4,40.1,Swing,Team-B
PROD-00322,2023-06-05,Motor Installation,31,30,30,0,1,56.6,Night,Team-A
PROD-00323,2024-06-05,Motor Installation,38,34,32,2,4,42.8,Day,Team-B
PROD-00324,2024-12-12,Battery Installation,93,88,86,2,5,54.6,Swing,Team-A
PROD-00325,2023-03-17,Final Assembly,22,19,18,1,3,58.8,Day,Team-B
PROD-00326,2023-09-12,Battery Installation,91,84,80,4,7,52.8,Swing,Team-A
PROD-00327,2023-10-20,Battery Installation,73,71,70,1,2,33.3,Night,Team-C
PROD-00328,2023-09-10,Final Assembly,70,66,59,7,4,64.3,Night,Team-C
PROD-00329,2023-12-28,Battery Installation,61,58,51,7,3,52.5,Swing,Team-A
PROD-00330,2024-12-31,Final Assembly,60,57,53,4,3,59.6,Night,Team-C
PROD-00331,2024-06-18,Battery Installation,75,71,68,3,4,48.2,Day,Team-B
PROD-00332,2023-12-07,Final Assembly,24,22,20,2,2,56.2,Day,Team-A
PROD-00333,2024-09-21,Wing Assembly,94,90,85,5,4,51.7,Day,Team-D
PROD-00334,2023-03-31,Payload Assembly,97,92,85,7,5,39.5,Swing,Team-A
PROD-00335,2023-09-26,Motor Installation,39,37,34,3,2,47.3,Swing,Team-C
PROD-00336,2023-10-02,Motor Installation,47,46,46,0,1,54.4,Swing,Team-A
PROD-00337,2024-06-08,Battery Installation,34,32,29,3,2,53.8,Night,Team-C
PROD-00338,2024-09-05,Motor Installation,70,67,60,7,3,33.6,Day,Team-A
PROD-00339,2024-01-10,Final Assembly,95,85,78,7,10,54.9,Night,Team-D
PROD-00340,2024-05-13,Motor Installation,36,35,35,0,1,59.2,Night,Team-D
PROD-00341,2023-01-19,Motor Installation,75,70,66,4,5,40.0,Night,Team-A
PROD-00342,2024-08-24,End-of-Line Test,25,22,20,2,3,68.1,Night,Team-B
PROD-00343,2023-11-10,End-of-Line Test,40,37,32,5,3,45.1,Night,Team-D
PROD-00344,2024-01-21,Motor Installation,42,40,39,1,2,43.4,Night,Team-D
PROD-00345,2023-05-16,Motor Installation,92,89,83,6,3,43.2,Night,Team-A
PROD-00346,2023-05-21,Final Assembly,58,54,51,3,4,57.0,Night,Team-B
PROD-00347,2024-03-30,End-of-Line Test,41,38,36,2,3,70.9,Swing,Team-B
PROD-00348,2024-12-30,End-of-Line Test,96,90,81,9,6,75.9,Night,Team-C
PROD-00349,2024-07-05,Motor Installation,20,18,17,1,2,60.5,Night,Team-A
PROD-00350,2024-06-20,Final Assembly,31,29,27,2,2,60.0,Night,Team-B
PROD-00351,2024-04-15,Motor Installation,95,94,94,0,1,45.1,Night,Team-C
PROD-00352,2023-04-06,Final Assembly,73,69,65,4,4,60.4,Night,Team-B
PROD-00353,2024-09-19,Battery Installation,72,70,68,2,2,65.1,Night,Team-B
PROD-00354,2024-09-14,Final Assembly,46,42,37,5,4,62.3,Day,Team-A
PROD-00355,2024-06-07,Motor Installation,31,29,29,0,2,58.9,Day,Team-B
PROD-00356,2024-06-08,End-of-Line Test,25,23,21,2,2,69.0,Day,Team-A
PROD-00357,2023-07-18,Payload Assembly,63,60,57,3,3,50.6,Night,Team-C
PROD-00358,2023-09-17,Wing Assembly,88,83,77,6,5,39.6,Day,Team-A
PROD-00359,2024-03-31,Payload Assembly,42,41,41,0,1,52.6,Day,Team-B
PROD-00360,2024-03-21,Payload Assembly,53,50,49,1,3,60.6,Day,Team-A
PROD-00361,2023-07-04,Payload Assembly,41,39,38,1,2,55.6,Night,Team-A
PROD-00362,2024-07-01,Final Assembly,37,35,32,3,2,42.2,Swing,Team-D
PROD-00363,2023-09-18,Wing Assembly,87,81,76,5,6,41.9,Swing,Team-D
PROD-00364,2024-05-03,Final Assembly,39,37,34,3,2,61.4,Night,Team-A
PROD-00365,2024-03-19,Final Assembly,94,90,81,9,4,56.8,Night,Team-D
PROD-00366,2024-05-23,End-of-Line Test,64,57,52,5,7,56.9,Swing,Team-A
PROD-00367,2024-06-12,Wing Assembly,57,54,51,3,3,40.2,Night,Team-C
PROD-00368,2023-09-15,Final Assembly,99,92,84,8,7,57.0,Swing,Team-A
PROD-00369,2023-04-30,Payload Assembly,81,78,73,5,3,54.0,Swing,Team-D
PROD-00370,2024-10-23,Payload Assembly,51,49,46,3,2,53.9,Day,Team-A
PROD-00371,2024-10-06,Wing Assembly,65,62,59,3,3,44.2,Day,Team-B
PROD-00372,2024-08-26,Wing Assembly,32,29,27,2,3,38.4,Swing,Team-B
PROD-00373,2024-05-13,End-of-Line Test,60,55,45,10,5,64.2,Night,Team-D
PROD-00374,2023-11-23,Payload Assembly,58,54,51,3,4,48.8,Swing,Team-D
PROD-00375,2024-02-06,Payload Assembly,56,53,51,2,3,57.7,Night,Team-B
PROD-00376,2024-06-09,Wing Assembly,28,26,25,1,2,37.2,Swing,Team-B
PROD-00377,2023-01-27,Wing Assembly,40,37,34,3,3,43.1,Swing,Team-A
PROD-00378,2024-04-29,Payload Assembly,56,54,51,3,2,52.8,Night,Team-B
PROD-00379,2024-12-16,Payload Assembly,31,30,29,1,1,49.6,Swing,Team-B
PROD-00380,2023-01-14,Battery Installation,75,73,72,1,2,59.7,Swing,Team-B
PROD-00381,2024-06-16,End-of-Line Test,31,28,24,4,3,53.0,Night,Team-D
PROD-00382,2024-12-07,Motor Installation,54,50,47,3,4,59.9,Day,Team-B
PROD-00383,2024-11-23,Wing Assembly,81,78,72,6,3,41.0,Day,Team-B
PROD-00384,2024-03-13,End-of-Line Test,94,89,84,5,5,61.3,Night,Team-A
PROD-00385,2024-09-04,Wing Assembly,97,93,85,8,4,34.3,Day,Team-A
PROD-00386,2024-09-08,Final Assembly,70,66,60,6,4,39.8,Swing,Team-B
PROD-00387,2024-01-08,End-of-Line Test,28,24,21,3,4,59.3,Night,Team-C
PROD-00388,2023-06-23,Final Assembly,65,59,55,4,6,60.7,Night,Team-D
PROD-00389,2023-12-08,Wing Assembly,89,84,75,9,5,48.1,Swing,Team-C
PROD-00390,2023-08-16,Motor Installation,72,68,65,3,4,46.0,Night,Team-D
PROD-00391,2023-09-05,Battery Installation,58,54,51,3,4,44.4,Day,Team-B
PROD-00392,2023-09-13,Battery Installation,68,65,63,2,3,59.9,Swing,Team-D
PROD-00393,2023-10-02,End-of-Line Test,45,39,35,4,6,70.8,Swing,Team-B
PROD-00394,2024-12-11,Final Assembly,38,36,34,2,2,67.0,Day,Team-D
PROD-00395,2023-03-05,Payload Assembly,87,83,75,8,4,41.6,Night,Team-A
PROD-00396,2023-09-10,Payload Assembly,61,56,53,3,5,44.9,Day,Team-C
PROD-00397,2023-04-04,End-of-Line Test,52,49,43,6,3,53.0,Day,Team-A
PROD-00398,2023-07-21,End-of-Line Test,89,81,72,9,8,42.1,Swing,Team-D
PROD-00399,2024-12-20,Battery Installation,67,66,66,0,1,46.9,Swing,Team-C
PROD-00400,2024-05-13,Wing Assembly,69,66,63,3,3,44.1,Day,Team-A
PROD-00401,2024-08-08,Battery Installation,21,20,19,1,1,54.9,Day,Team-B
PROD-00402,2023-05-08,Payload Assembly,71,66,64,2,5,50.9,Night,Team-B
PROD-00403,2023-06-28,Wing Assembly,66,59,51,8,7,45.6,Swing,Team-D
PROD-00404,2023-06-03,Final Assembly,56,53,51,2,3,64.9,Day,Team-B
PROD-00405,2024-03-20,Battery Installation,74,72,71,1,2,32.9,Night,Team-B
PROD-00406,2024-03-28,Final Assembly,71,66,61,5,5,58.2,Swing,Team-D
PROD-00407,2024-02-25,End-of-Line Test,58,53,49,4,5,61.5,Night,Team-C
PROD-00408,2024-11-21,Payload Assembly,67,64,62,2,3,66.4,Swing,Team-A
PROD-00409,2024-04-09,Wing Assembly,99,91,85,6,8,40.2,Night,Team-A
PROD-00410,2024-10-02,Battery Installation,29,28,27,1,1,51.9,Swing,Team-A
PROD-00411,2023-02-25,End-of-Line Test,38,35,33,2,3,50.1,Night,Team-B
PROD-00412,2023-08-08,Payload Assembly,50,47,45,2,3,54.4,Day,Team-A
PROD-00413,2024-05-03,Payload Assembly,39,37,34,3,2,47.3,Night,Team-A
PROD-00414,2024-03-01,Battery Installation,96,93,91,2,3,38.8,Night,Team-D
PROD-00415,2023-03-23,Payload Assembly,58,56,55,1,2,54.3,Swing,Team-D
PROD-00416,2024-12-06,Final Assembly,84,80,75,5,4,65.0,Night,Team-B
PROD-00417,2023-03-08,Final Assembly,39,36,32,4,3,39.5,Night,Team-D
PROD-00418,2023-02-05,End-of-Line Test,37,33,31,2,4,77.4,Day,Team-B
PROD-00419,2024-02-23,Battery Installation,92,90,88,2,2,56.6,Night,Team-A
PROD-00420,2024-03-11,Payload Assembly,58,56,54,2,2,63.3,Day,Team-D
PROD-00421,2024-07-14,Battery Installation,95,91,89,2,4,49.1,Swing,Team-B
PROD-00422,2024-11-30,Wing Assembly,43,41,37,4,2,43.7,Night,Team-B
PROD-00423,2023-06-14,Motor Installation,27,25,23,2,2,53.1,Swing,Team-D
PROD-00424,2023-03-30,End-of-Line Test,59,53,47,6,6,49.6,Swing,Team-D
PROD-00425,2023-03-05,End-of-Line Test,44,42,38,4,2,65.5,Swing,Team-A
PROD-00426,2023-09-12,End-of-Line Test,38,34,31,3,4,66.1,Night,Team-C
PROD-00427,2023-12-21,Motor Installation,43,41,38,3,2,46.1,Swing,Team-D
PROD-00428,2023-07-09,Motor Installation,38,37,36,1,1,53.4,Day,Team-D
PROD-00429,2024-11-16,Wing Assembly,64,62,59,3,2,63.6,Night,Team-A
PROD-00430,2024-05-09,Battery Installation,92,88,83,5,4,56.8,Swing,Team-C
PROD-00431,2023-06-12,Wing Assembly,68,65,63,2,3,35.9,Swing,Team-D
PROD-00432,2024-01-12,Wing Assembly,50,44,40,4,6,41.6,Swing,Team-D
PROD-00433,2024-04-20,Payload Assembly,96,91,88,3,5,38.3,Night,Team-A
PROD-00434,2023-04-13,Final Assembly,54,50,47,3,4,66.4,Night,Team-B
PROD-00435,2023-06-22,Motor Installation,31,29,29,0,2,54.7,Day,Team-A
PROD-00436,2024-08-12,End-of-Line Test,65,58,54,4,7,54.2,Night,Team-C
PROD-00437,2023-07-25,Motor Installation,23,21,20,1,2,39.8,Day,Team-C
PROD-00438,2023-09-20,Battery Installation,80,77,74,3,3,54.2,Night,Team-D
PROD-00439,2024-11-18,Final Assembly,37,36,36,0,1,60.7,Night,Team-D
PROD-00440,2024-07-29,Wing Assembly,62,59,54,5,3,40.0,Day,Team-D
PROD-00441,2024-11-18,Final Assembly,79,76,70,6,3,59.8,Swing,Team-C
PROD-00442,2023-10-15,Final Assembly,65,58,51,7,7,57.7,Swing,Team-A
PROD-00443,2024-01-14,Motor Installation,71,66,62,4,5,45.2,Night,Team-C
PROD-00444,2023-11-21,Wing Assembly,88,84,79,5,4,46.4,Night,Team-B
PROD-00445,2024-12-11,Motor Installation,43,39,36,3,4,51.7,Day,Team-A
PROD-00446,2023-09-10,Payload Assembly,35,33,32,1,2,63.2,Day,Team-A
PROD-00447,2023-02-05,Final Assembly,42,37,35,2,5,54.4,Day,Team-D
PROD-00448,2023-05-03,Final Assembly,36,32,29,3,4,58.9,Swing,Team-D
PROD-00449,2024-11-16,Wing Assembly,51,48,43,5,3,47.2,Night,Team-B
PROD-00450,2024-10-03,Battery Installation,25,24,24,0,1,60.8,Day,Team-B
PROD-00451,2023-09-05,Battery Installation,39,37,37,0,2,52.5,Night,Team-A
PROD-00452,2023-09-13,Wing Assembly,88,79,74,5,9,43.5,Swing,Team-A
PROD-00453,2024-07-23,End-of-Line Test,30,27,25,2,3,49.7,Night,Team-B
PROD-00454,2024-10-04,Battery Installation,28,27,27,0,1,52.8,Night,Team-B
PROD-00455,2024-11-11,Motor Installation,72,69,64,5,3,52.4,Swing,Team-C
PROD-00456,2023-02-24,Wing Assembly,33,31,30,1,2,40.8,Day,Team-A
PROD-00457,2023-04-27,End-of-Line Test,48,45,41,4,3,59.7,Swing,Team-A
PROD-00458,2023-07-03,Battery Installation,74,73,72,1,1,53.3,Night,Team-B
PROD-00459,2024-05-18,Motor Installation,60,56,52,4,4,52.8,Night,Team-C
PROD-00460,2024-11-28,Battery Installation,50,48,44,4,2,47.0,Swing,Team-C
PROD-00461,2024-05-22,Final Assembly,89,83,71,12,6,48.2,Swing,Team-D
PROD-00462,2023-06-12,Motor Installation,50,47,44,3,3,38.5,Night,Team-D
PROD-00463,2023-06-26,Battery Installation,93,91,86,5,2,47.8,Day,Team-B
PROD-00464,2023-11-15,Battery Installation,31,30,28,2,1,45.7,Swing,Team-D
PROD-00465,2023-08-01,Battery Installation,96,93,90,3,3,66.6,Night,Team-C
PROD-00466,2024-02-27,Motor Installation,37,36,36,0,1,46.4,Day,Team-B
PROD-00467,2023-08-22,Payload Assembly,62,58,54,4,4,62.0,Swing,Team-A
PROD-00468,2023-10-28,Motor Installation,82,79,74,5,3,51.3,Night,Team-D
PROD-00469,2023-01-06,End-of-Line Test,80,74,60,14,6,54.9,Day,Team-C
PROD-00470,2023-09-23,Payload Assembly,66,65,65,0,1,54.5,Day,Team-A
PROD-00471,2023-10-07,End-of-Line Test,90,82,69,13,8,69.1,Swing,Team-D
PROD-00472,2024-07-31,Final Assembly,48,43,40,3,5,68.1,Night,Team-C
PROD-00473,2024-12-12,End-of-Line Test,76,70,65,5,6,63.3,Night,Team-D
PROD-00474,2023-07-21,Final Assembly,69,65,60,5,4,65.1,Night,Team-A
PROD-00475,2024-02-06,End-of-Line Test,93,88,83,5,5,70.4,Night,Team-B
PROD-00476,2024-01-27,Final Assembly,50,47,44,3,3,49.1,Swing,Team-B
PROD-00477,2023-08-15,Battery Installation,99,96,92,4,3,58.3,Day,Team-A
PROD-00478,2024-10-27,Payload Assembly,76,74,71,3,2,55.6,Day,Team-C
PROD-00479,2023-09-28,Wing Assembly,92,88,85,3,4,49.1,Swing,Team-D
PROD-00480,2024-12-31,Payload Assembly,73,67,63,4,6,49.5,Night,Team-C
PROD-00481,2024-01-21,Wing Assembly,53,50,48,2,3,35.1,Swing,Team-D
PROD-00482,2023-07-26,Payload Assembly,86,80,76,4,6,56.2,Day,Team-B
PROD-00483,2023-07-17,Wing Assembly,80,75,70,5,5,41.4,Night,Team-D
PROD-00484,2024-03-31,Payload Assembly,76,73,68,5,3,45.2,Swing,Team-B
PROD-00485,2023-07-29,Wing Assembly,31,28,26,2,3,37.4,Night,Team-B
PROD-00486,2024-03-13,Final Assembly,53,49,45,4,4,57.5,Swing,Team-B
PROD-00487,2024-07-16,Final Assembly,84,81,76,5,3,51.7,Day,Team-A
PROD-00488,2024-08-26,Motor Installation,65,60,55,5,5,32.6,Day,Team-C
PROD-00489,2023-11-29,Wing Assembly,54,51,45,6,3,41.2,Swing,Team-B
PROD-00490,2024-01-04,Battery Installation,90,88,87,1,2,43.8,Swing,Team-A
PROD-00491,2024-12-17,Payload Assembly,84,79,75,4,5,36.6,Day,Team-D
PROD-00492,2024-03-18,Motor Installation,23,22,21,1,1,49.6,Day,Team-A
PROD-00493,2023-07-25,End-of-Line Test,65,62,54,8,3,48.2,Swing,Team-C
PROD-00494,2023-11-28,Motor Installation,84,76,71,5,8,62.9,Day,Team-D
PROD-00495,2023-03-29,Motor Installation,87,82,79,3,5,48.0,Swing,Team-D
PROD-00496,2023-07-22,Motor Installation,29,28,27,1,1,37.6,Night,Team-C
PROD-00497,2023-08-19,Final Assembly,77,71,67,4,6,59.0,Day,Team-B
PROD-00498,2023-02-12,Final Assembly,21,19,17,2,2,55.4,Swing,Team-C
PROD-00499,2024-11-28,Final Assembly,80,73,68,5,7,60.6,Night,Team-C
PROD-00500,2024-07-25,Wing Assembly,99,90,84,6,9,48.6,Night,Team-B
PROD-00501,2023-06-27,Motor Installation,57,53,48,5,4,32.4,Swing,Team-A
PROD-00502,2023-04-06,Battery Installation,63,60,55,5,3,72.8,Day,Team-C
PROD-00503,2024-07-25,Battery Installation,94,92,89,3,2,44.6,Day,Team-A
PROD-00504,2024-02-24,Final Assembly,97,91,81,10,6,51.2,Day,Team-B
PROD-00505,2023-08-13,Wing Assembly,86,81,77,4,5,31.1,Swing,Team-A
PROD-00506,2024-12-13,End-of-Line Test,89,79,71,8,10,70.6,Night,Team-D
PROD-00507,2023-05-29,Battery Installation,82,79,72,7,3,59.5,Day,Team-C
PROD-00508,2023-10-21,Motor Installation,22,20,19,1,2,54.2,Day,Team-D
PROD-00509,2024-01-27,Battery Installation,33,32,32,0,1,61.7,Night,Team-B
PROD-00510,2024-10-16,Motor Installation,80,75,72,3,5,58.3,Swing,Team-A
PROD-00511,2024-08-27,Wing Assembly,24,22,21,1,2,30.5,Day,Team-B
PROD-00512,2023-02-18,Final Assembly,53,49,46,3,4,43.6,Swing,Team-C
PROD-00513,2024-02-04,Wing Assembly,49,44,40,4,5,42.2,Night,Team-B
PROD-00514,2023-02-20,Wing Assembly,98,94,91,3,4,59.4,Night,Team-D
PROD-00515,2024-09-23,Wing Assembly,29,27,25,2,2,43.1,Day,Team-D
PROD-00516,2023-09-15,Payload Assembly,70,64,59,5,6,48.8,Swing,Team-C
PROD-00517,2023-06-09,Battery Installation,45,43,41,2,2,53.6,Day,Team-B
PROD-00518,2023-03-18,Payload Assembly,69,66,61,5,3,56.7,Night,Team-B
PROD-00519,2023-10-31,Final Assembly,52,48,46,2,4,51.8,Day,Team-D
PROD-00520,2023-08-25,Motor Installation,81,77,71,6,4,41.2,Swing,Team-D
PROD-00521,2023-10-03,Motor Installation,61,60,60,0,1,44.3,Night,Team-B
PROD-00522,2024-10-04,Battery Installation,46,43,41,2,3,54.1,Day,Team-B
PROD-00523,2024-12-20,Payload Assembly,78,74,72,2,4,51.8,Night,Team-D
PROD-00524,2023-02-17,Payload Assembly,92,86,75,11,6,53.6,Night,Team-C
PROD-00525,2024-12-27,Battery Installation,100,97,93,4,3,43.7,Night,Team-C
PROD-00526,2023-12-12,Final Assembly,28,26,24,2,2,48.5,Night,Team-C
PROD-00527,2023-11-01,Motor Installation,95,88,82,6,7,37.9,Swing,Team-D
PROD-00528,2023-03-18,Payload Assembly,20,19,19,0,1,55.3,Swing,Team-C
PROD-00529,2023-09-14,Final Assembly,88,84,78,6,4,74.7,Day,Team-D
PROD-00530,2023-02-09,Final Assembly,90,84,77,7,6,51.3,Day,Team-B
PROD-00531,2024-09-21,Wing Assembly,79,74,70,4,5,52.2,Day,Team-B
PROD-00532,2024-06-16,Wing Assembly,40,36,34,2,4,43.5,Swing,Team-D
PROD-00533,2024-02-01,Battery Installation,22,21,21,0,1,60.5,Swing,Team-B
PROD-00534,2024-06-13,Payload Assembly,66,64,62,2,2,51.8,Night,Team-A
PROD-00535,2023-04-02,End-of-Line Test,64,60,54,6,4,53.9,Swing,Team-B
PROD-00536,2024-06-29,Final Assembly,90,86,80,6,4,56.1,Day,Team-D
PROD-00537,2024-03-03,Final Assembly,80,72,64,8,8,63.7,Night,Team-B
PROD-00538,2023-02-22,End-of-Line Test,83,78,73,5,5,60.2,Day,Team-D
PROD-00539,2024-06-08,End-of-Line Test,26,24,21,3,2,67.5,Swing,Team-D
PROD-00540,2023-08-19,End-of-Line Test,92,87,80,7,5,78.2,Swing,Team-C
PROD-00541,2024-05-05,Motor Installation,78,75,73,2,3,46.2,Day,Team-A
PROD-00542,2024-12-25,Battery Installation,63,62,61,1,1,43.3,Day,Team-C
PROD-00543,2024-12-31,Final Assembly,47,43,38,5,4,63.7,Swing,Team-D
PROD-00544,2023-03-04,Wing Assembly,67,63,56,7,4,36.5,Night,Team-B
PROD-00545,2023-03-14,Battery Installation,87,86,86,0,1,44.5,Swing,Team-C
PROD-00546,2023-01-18,Battery Installation,82,77,72,5,5,42.2,Swing,Team-C
PROD-00547,2024-08-17,Motor Installation,93,89,80,9,4,38.7,Day,Team-A
PROD-00548,2023-03-23,Final Assembly,57,53,49,4,4,66.9,Swing,Team-B
PROD-00549,2023-02-15,Battery Installation,41,39,38,1,2,41.0,Night,Team-A
PROD-00550,2024-09-19,Battery Installation,77,73,70,3,4,64.2,Swing,Team-D
PROD-00551,2024-03-28,End-of-Line Test,82,78,70,8,4,67.6,Swing,Team-A
PROD-00552,2023-02-11,Motor Installation,67,65,63,2,2,54.3,Night,Team-A
PROD-00553,2023-01-10,Wing Assembly,45,41,39,2,4,55.1,Night,Team-B
PROD-00554,2023-07-29,Wing Assembly,93,86,80,6,7,40.9,Swing,Team-A
PROD-00555,2024-01-06,Payload Assembly,30,27,26,1,3,58.1,Day,Team-C
PROD-00556,2024-10-14,Motor Installation,99,92,88,4,7,52.5,Swing,Team-C
PROD-00557,2024-03-11,Wing Assembly,57,51,46,5,6,45.7,Night,Team-B
PROD-00558,2024-04-05,Battery Installation,97,95,92,3,2,57.8,Swing,Team-C
PROD-00559,2024-09-09,Wing Assembly,79,74,71,3,5,48.5,Swing,Team-B
PROD-00560,2024-01-15,Final Assembly,46,42,39,3,4,55.4,Day,Team-B
PROD-00561,2024-09-16,Wing Assembly,64,56,50,6,8,55.1,Night,Team-D
PROD-00562,2024-11-03,Final Assembly,97,90,82,8,7,64.1,Swing,Team-D
PROD-00563,2024-01-30,Battery Installation,82,81,80,1,1,61.4,Swing,Team-D
PROD-00564,2023-10-02,Wing Assembly,47,42,38,4,5,49.1,Night,Team-B
PROD-00565,2023-01-26,Wing Assembly,88,83,79,4,5,51.7,Day,Team-A
PROD-00566,2023-01-16,Battery Installation,86,84,79,5,2,65.8,Night,Team-D
PROD-00567,2023-04-02,End-of-Line Test,32,29,26,3,3,53.6,Night,Team-D
PROD-00568,2024-06-21,Final Assembly,54,51,45,6,3,61.1,Night,Team-C
PROD-00569,2024-04-12,End-of-Line Test,56,50,43,7,6,54.3,Night,Team-C
PROD-00570,2024-01-31,Payload Assembly,81,79,77,2,2,62.5,Night,Team-B
PROD-00571,2023-10-01,Battery Installation,83,81,80,1,2,45.5,Day,Team-A
PROD-00572,2024-03-26,Final Assembly,64,62,57,5,2,55.1,Night,Team-B
PROD-00573,2024-10-27,Wing Assembly,57,55,52,3,2,49.6,Night,Team-C
PROD-00574,2024-05-24,End-of-Line Test,32,29,27,2,3,74.3,Night,Team-B
PROD-00575,2024-02-26,Final Assembly,92,87,83,4,5,48.2,Day,Team-B
PROD-00576,2024-11-07,End-of-Line Test,79,72,63,9,7,65.5,Swing,Team-B
PROD-00577,2024-03-28,Wing Assembly,67,64,62,2,3,36.6,Day,Team-D
PROD-00578,2024-12-01,Battery Installation,35,34,34,0,1,54.2,Day,Team-D
PROD-00579,2023-11-29,Battery Installation,23,21,21,0,2,56.4,Swing,Team-A
PROD-00580,2023-12-08,End-of-Line Test,96,87,78,9,9,49.5,Swing,Team-B
PROD-00581,2024-07-16,Wing Assembly,67,61,55,6,6,45.3,Swing,Team-D
PROD-00582,2023-03-30,Battery Installation,71,68,67,1,3,47.9,Night,Team-C
PROD-00583,2024-08-09,Final Assembly,58,56,54,2,2,67.0,Night,Team-B
PROD-00584,2023-01-23,Wing Assembly,85,78,70,8,7,40.4,Swing,Team-D
PROD-00585,2024-07-20,Battery Installation,65,64,63,1,1,57.7,Day,Team-A
PROD-00586,2023-11-02,Final Assembly,91,85,77,8,6,55.4,Day,Team-C
PROD-00587,2024-09-12,Wing Assembly,21,19,18,1,2,36.0,Swing,Team-D
PROD-00588,2023-01-05,Motor Installation,86,80,74,6,6,51.2,Swing,Team-D
PROD-00589,2024-01-23,Motor Installation,42,38,36,2,4,43.9,Night,Team-A
PROD-00590,2023-10-18,Motor Installation,25,23,23,0,2,43.2,Night,Team-D
PROD-00591,2023-07-29,Wing Assembly,75,71,68,3,4,60.7,Night,Team-A
PROD-00592,2024-08-26,Final Assembly,63,58,55,3,5,73.3,Day,Team-D
PROD-00593,2024-07-19,Battery Installation,81,78,74,4,3,34.7,Night,Team-D
PROD-00594,2023-04-15,Battery Installation,77,73,68,5,4,53.7,Swing,Team-C
PROD-00595,2023-05-23,End-of-Line Test,66,59,54,5,7,53.5,Night,Team-A
PROD-00596,2024-01-24,Battery Installation,62,59,57,2,3,52.7,Swing,Team-D
PROD-00597,2024-10-14,Motor Installation,76,74,69,5,2,40.0,Night,Team-D
PROD-00598,2024-10-19,Final Assembly,76,70,65,5,6,48.0,Swing,Team-B
PROD-00599,2024-02-05,Wing Assembly,20,19,17,2,1,28.5,Swing,Team-A
PROD-00600,2023-07-01,Final Assembly,22,20,19,1,2,52.9,Day,Team-B
PROD-00601,2024-03-08,Final Assembly,46,44,40,4,2,52.2,Day,Team-B
PROD-00602,2024-05-29,Battery Installation,82,81,81,0,1,62.5,Swing,Team-D
PROD-00603,2023-05-21,Wing Assembly,37,34,32,2,3,59.6,Night,Team-D
PROD-00604,2023-04-16,Battery Installation,74,73,71,2,1,38.8,Swing,Team-D
PROD-00605,2024-09-26,Payload Assembly,54,53,52,1,1,51.9,Swing,Team-A
PROD-00606,2023-10-09,Payload Assembly,31,29,28,1,2,59.1,Swing,Team-A
PROD-00607,2023-10-30,End-of-Line Test,65,60,56,4,5,60.3,Swing,Team-D
PROD-00608,2023-08-04,Battery Installation,52,49,47,2,3,46.5,Day,Team-D
PROD-00609,2023-03-15,Wing Assembly,76,69,64,5,7,43.7,Day,Team-B
PROD-00610,2024-08-28,Final Assembly,36,33,31,2,3,46.0,Night,Team-B
PROD-00611,2023-05-13,End-of-Line Test,55,49,45,4,6,66.7,Night,Team-B
PROD-00612,2024-11-09,Final Assembly,74,71,67,4,3,53.1,Day,Team-C
PROD-00613,2023-03-10,Payload Assembly,21,20,18,2,1,58.5,Night,Team-D
PROD-00614,2024-03-13,Motor Installation,96,93,87,6,3,55.6,Day,Team-B
PROD-00615,2023-08-13,Final Assembly,51,48,46,2,3,54.1,Night,Team-D
PROD-00616,2024-05-24,Payload Assembly,44,42,39,3,2,61.8,Swing,Team-A
PROD-00617,2024-11-12,Wing Assembly,84,78,73,5,6,39.1,Night,Team-C
PROD-00618,2024-01-13,Wing Assembly,97,91,86,5,6,37.4,Swing,Team-A
PROD-00619,2023-05-15,Motor Installation,41,38,35,3,3,53.1,Night,Team-B
PROD-00620,2023-06-19,End-of-Line Test,94,85,73,12,9,69.1,Day,Team-B
PROD-00621,2023-08-07,Battery Installation,73,67,63,4,6,48.2,Swing,Team-A
PROD-00622,2023-03-14,Battery Installation,61,59,57,2,2,66.1,Swing,Team-C
PROD-00623,2023-07-06,End-of-Line Test,77,72,66,6,5,63.4,Night,Team-A
PROD-00624,2024-12-17,Battery Installation,72,71,69,2,1,34.8,Night,Team-A
PROD-00625,2024-03-20,Battery Installation,51,50,50,0,1,49.5,Day,Team-D
PROD-00626,2024-07-03,Payload Assembly,24,23,22,1,1,49.2,Night,Team-B
PROD-00627,2023-03-26,End-of-Line Test,65,59,54,5,6,45.2,Night,Team-D
PROD-00628,2023-10-22,Payload Assembly,75,72,67,5,3,55.3,Day,Team-A
PROD-00629,2023-12-11,Motor Installation,72,70,69,1,2,53.8,Night,Team-D
PROD-00630,2024-08-18,Final Assembly,67,63,56,7,4,59.4,Day,Team-A
PROD-00631,2024-05-02,Battery Installation,99,93,88,5,6,53.5,Night,Team-D
PROD-00632,2023-05-04,Payload Assembly,68,65,60,5,3,57.5,Day,Team-D
PROD-00633,2024-09-19,Final Assembly,91,86,77,9,5,73.4,Day,Team-A
PROD-00634,2024-06-02,Wing Assembly,77,74,67,7,3,40.3,Night,Team-D
PROD-00635,2024-07-10,End-of-Line Test,39,36,31,5,3,67.8,Night,Team-D
PROD-00636,2023-01-21,Final Assembly,40,37,35,2,3,55.1,Night,Team-B
PROD-00637,2024-04-29,Battery Installation,33,32,30,2,1,50.4,Day,Team-B
PROD-00638,2023-09-06,Payload Assembly,30,29,28,1,1,57.9,Night,Team-D
PROD-00639,2024-02-01,Motor Installation,20,18,17,1,2,40.5,Night,Team-C
PROD-00640,2024-04-14,Wing Assembly,22,20,19,1,2,44.0,Swing,Team-D
PROD-00641,2023-03-12,Wing Assembly,53,49,45,4,4,55.5,Night,Team-A
PROD-00642,2024-02-09,Battery Installation,92,89,87,2,3,38.8,Night,Team-C
PROD-00643,2023-11-22,Battery Installation,42,41,41,0,1,43.6,Swing,Team-A
PROD-00644,2024-01-03,Battery Installation,78,75,74,1,3,54.1,Swing,Team-A
PROD-00645,2023-02-22,Final Assembly,78,74,67,7,4,51.0,Swing,Team-A
PROD-00646,2023-09-30,Payload Assembly,46,44,42,2,2,51.6,Swing,Team-A
PROD-00647,2024-12-11,Final Assembly,23,21,20,1,2,58.2,Night,Team-D
PROD-00648,2024-11-19,Motor Installation,100,96,92,4,4,48.3,Night,Team-C
PROD-00649,2023-06-03,Motor Installation,40,39,37,2,1,62.9,Swing,Team-C
PROD-00650,2023-12-15,Wing Assembly,31,29,28,1,2,42.0,Night,Team-D
PROD-00651,2024-05-15,Wing Assembly,66,60,53,7,6,61.0,Day,Team-B
PROD-00652,2023-10-09,Payload Assembly,45,42,39,3,3,43.2,Swing,Team-D
PROD-00653,2023-07-09,End-of-Line Test,33,30,27,3,3,67.0,Day,Team-B
PROD-00654,2023-08-25,Final Assembly,38,35,32,3,3,53.6,Day,Team-D
PROD-00655,2024-10-12,End-of-Line Test,67,62,54,8,5,57.3,Day,Team-C
PROD-00656,2023-10-21,Battery Installation,76,74,72,2,2,63.5,Night,Team-D
PROD-00657,2023-12-31,End-of-Line Test,64,58,54,4,6,55.1,Night,Team-D
PROD-00658,2024-08-11,Payload Assembly,54,51,49,2,3,52.8,Day,Team-D
PROD-00659,2023-01-12,Wing Assembly,26,23,22,1,3,35.5,Swing,Team-C
PROD-00660,2024-12-21,Payload Assembly,64,59,53,6,5,51.3,Swing,Team-D
PROD-00661,2023-03-06,Motor Installation,84,82,79,3,2,42.5,Swing,Team-D
PROD-00662,2024-02-07,Motor Installation,24,22,21,1,2,39.8,Swing,Team-D
PROD-00663,2024-07-16,Motor Installation,74,69,64,5,5,47.3,Night,Team-C
PROD-00664,2024-09-08,Wing Assembly,96,91,81,10,5,42.5,Night,Team-C
PROD-00665,2023-03-05,Payload Assembly,75,72,70,2,3,60.3,Night,Team-D
PROD-00666,2023-02-18,Motor Installation,59,56,54,2,3,43.5,Swing,Team-D
PROD-00667,2024-06-11,Final Assembly,31,29,27,2,2,60.1,Night,Team-A
PROD-00668,2024-07-05,Wing Assembly,90,85,81,4,5,35.7,Night,Team-C
PROD-00669,2024-01-06,Motor Installation,77,73,69,4,4,55.0,Day,Team-D
PROD-00670,2024-11-20,Final Assembly,41,38,37,1,3,52.4,Swing,Team-C
PROD-00671,2024-06-26,Battery Installation,26,24,23,1,2,49.0,Day,Team-C
PROD-00672,2023-11-19,Wing Assembly,78,74,65,9,4,35.4,Night,Team-C
PROD-00673,2023-12-17,Payload Assembly,46,43,39,4,3,59.8,Night,Team-B
PROD-00674,2024-01-13,Wing Assembly,42,39,37,2,3,39.3,Swing,Team-B
PROD-00675,2024-06-05,Battery Installation,26,25,24,1,1,62.1,Swing,Team-B
PROD-00676,2023-03-31,Battery Installation,73,71,67,4,2,63.0,Day,Team-A
PROD-00677,2024-04-11,Payload Assembly,43,41,38,3,2,35.9,Night,Team-C
PROD-00678,2023-01-06,Wing Assembly,26,24,24,0,2,51.5,Swing,Team-B
PROD-00679,2023-09-29,End-of-Line Test,54,50,43,7,4,62.7,Night,Team-B
PROD-00680,2023-01-24,Wing Assembly,85,79,75,4,6,43.9,Night,Team-A
PROD-00681,2024-06-29,End-of-Line Test,98,92,78,14,6,57.1,Night,Team-C
PROD-00682,2024-09-16,Wing Assembly,70,68,64,4,2,49.6,Day,Team-C
PROD-00683,2023-12-06,Battery Installation,56,55,54,1,1,41.8,Swing,Team-D
PROD-00684,2024-03-22,Payload Assembly,89,83,75,8,6,62.3,Swing,Team-A
PROD-00685,2023-06-01,Motor Installation,48,46,43,3,2,37.9,Swing,Team-C
PROD-00686,2023-01-20,Wing Assembly,21,18,16,2,3,43.3,Night,Team-D
PROD-00687,2023-08-01,Final Assembly,65,61,58,3,4,48.1,Day,Team-A
PROD-00688,2024-07-24,Final Assembly,93,91,88,3,2,51.6,Night,Team-C
PROD-00689,2023-12-02,Final Assembly,60,52,46,6,8,53.5,Swing,Team-C
PROD-00690,2024-04-04,Motor Installation,77,73,65,8,4,51.5,Day,Team-C
PROD-00691,2024-12-12,Payload Assembly,88,84,79,5,4,55.5,Day,Team-D
PROD-00692,2024-02-05,Motor Installation,37,35,33,2,2,60.3,Night,Team-B
PROD-00693,2023-07-31,Final Assembly,29,27,24,3,2,55.8,Night,Team-C
PROD-00694,2024-02-04,Payload Assembly,96,89,79,10,7,64.2,Day,Team-B
PROD-00695,2024-04-26,Battery Installation,43,41,40,1,2,49.7,Swing,Team-A
PROD-00696,2023-05-19,Final Assembly,65,62,58,4,3,63.4,Swing,Team-B
PROD-00697,2023-02-11,Final Assembly,49,48,48,0,1,59.8,Swing,Team-A
PROD-00698,2023-12-17,Motor Installation,50,49,48,1,1,38.0,Day,Team-B
PROD-00699,2024-07-20,Battery Installation,56,52,49,3,4,51.0,Night,Team-C
PROD-00700,2024-05-09,Final Assembly,81,76,70,6,5,53.4,Swing,Team-B
PROD-00701,2024-06-09,Payload Assembly,65,62,60,2,3,61.5,Swing,Team-A
PROD-00702,2024-12-06,Battery Installation,37,35,33,2,2,49.5,Day,Team-A
PROD-00703,2023-10-30,Battery Installation,51,50,49,1,1,48.9,Night,Team-C
PROD-00704,2023-06-11,Motor Installation,25,23,23,0,2,54.1,Night,Team-A
PROD-00705,2023-09-12,Battery Installation,51,50,50,0,1,58.7,Night,Team-B
PROD-00706,2024-07-02,Payload Assembly,43,42,40,2,1,47.8,Night,Team-B
PROD-00707,2024-10-26,Battery Installation,92,89,87,2,3,41.7,Swing,Team-B
PROD-00708,2024-10-03,Final Assembly,62,59,52,7,3,71.2,Day,Team-C
PROD-00709,2023-12-25,Final Assembly,78,72,63,9,6,57.2,Night,Team-D
PROD-00710,2023-01-25,Payload Assembly,42,40,38,2,2,46.8,Night,Team-C
PROD-00711,2023-03-20,Wing Assembly,33,31,28,3,2,43.8,Day,Team-C
PROD-00712,2023-10-05,End-of-Line Test,87,80,71,9,7,64.9,Day,Team-D
PROD-00713,2023-04-18,Motor Installation,82,80,78,2,2,39.5,Night,Team-C
PROD-00714,2023-12-26,Wing Assembly,26,25,24,1,1,43.9,Swing,Team-B
PROD-00715,2024-02-05,Final Assembly,26,24,21,3,2,47.2,Day,Team-D
PROD-00716,2024-01-11,Payload Assembly,62,58,55,3,4,55.5,Day,Team-B
PROD-00717,2023-06-24,Final Assembly,59,55,50,5,4,63.0,Swing,Team-A
PROD-00718,2024-06-29,End-of-Line Test,31,28,26,2,3,73.8,Night,Team-C
PROD-00719,2023-12-24,End-of-Line Test,37,32,27,5,5,50.1,Night,Team-B
PROD-00720,2024-08-07,Battery Installation,69,64,60,4,5,46.9,Day,Team-D
PROD-00721,2023-04-16,Battery Installation,30,29,28,1,1,53.5,Day,Team-B
PROD-00722,2023-11-22,Final Assembly,34,31,30,1,3,52.6,Night,Team-B
PROD-00723,2023-09-25,Payload Assembly,97,92,87,5,5,57.5,Swing,Team-B
PROD-00724,2023-06-29,Wing Assembly,32,30,29,1,2,41.4,Night,Team-B
PROD-00725,2024-06-28,Motor Installation,98,94,89,5,4,54.3,Swing,Team-D
PROD-00726,2024-07-06,Battery Installation,54,53,53,0,1,50.8,Night,Team-C
PROD-00727,2023-05-09,Wing Assembly,82,80,77,3,2,29.6,Night,Team-B
PROD-00728,2023-01-22,End-of-Line Test,96,89,76,13,7,55.6,Day,Team-D
PROD-00729,2023-04-14,Battery Installation,66,65,64,1,1,41.0,Night,Team-B
PROD-00730,2023-02-24,Motor Installation,53,51,49,2,2,64.3,Swing,Team-A
PROD-00731,2023-09-15,End-of-Line Test,40,38,37,1,2,55.1,Day,Team-A
PROD-00732,2024-08-22,Final Assembly,98,90,82,8,8,54.6,Day,Team-B
PROD-00733,2024-08-23,Battery Installation,66,63,61,2,3,39.2,Day,Team-A
PROD-00734,2023-04-20,Wing Assembly,37,34,31,3,3,42.1,Swing,Team-D
PROD-00735,2023-05-29,Battery Installation,74,70,66,4,4,53.3,Day,Team-D
PROD-00736,2023-05-20,End-of-Line Test,46,43,38,5,3,62.0,Swing,Team-D
PROD-00737,2023-01-17,Payload Assembly,49,46,44,2,3,50.3,Day,Team-D
PROD-00738,2024-06-18,Wing Assembly,81,76,73,3,5,43.3,Day,Team-B
PROD-00739,2023-08-02,Payload Assembly,29,27,26,1,2,53.0,Day,Team-A
PROD-00740,2024-12-23,Motor Installation,38,36,34,2,2,58.9,Swing,Team-D
PROD-00741,2023-04-26,End-of-Line Test,81,76,66,10,5,66.1,Day,Team-D
PROD-00742,2024-04-27,End-of-Line Test,34,29,26,3,5,63.3,Swing,Team-A
PROD-00743,2024-12-21,Battery Installation,49,46,44,2,3,50.4,Night,Team-B
PROD-00744,2024-01-07,End-of-Line Test,65,59,53,6,6,58.1,Day,Team-A
PROD-00745,2023-06-03,Payload Assembly,30,28,27,1,2,58.4,Day,Team-D
PROD-00746,2023-11-03,Final Assembly,24,22,21,1,2,47.2,Night,Team-B
PROD-00747,2024-02-28,End-of-Line Test,62,58,52,6,4,72.3,Swing,Team-B
PROD-00748,2023-01-07,Final Assembly,46,43,42,1,3,58.8,Day,Team-D
PROD-00749,2024-09-10,Wing Assembly,27,25,22,3,2,51.1,Night,Team-D
PROD-00750,2024-10-18,Battery Installation,27,26,25,1,1,56.2,Night,Team-D
PROD-00751,2023-09-16,Motor Installation,61,58,53,5,3,43.0,Day,Team-A
PROD-00752,2023-02-07,Final Assembly,54,51,49,2,3,65.3,Swing,Team-C
PROD-00753,2023-11-20,Payload Assembly,90,84,79,5,6,67.0,Swing,Team-D
PROD-00754,2024-05-16,Motor Installation,61,60,58,2,1,37.7,Night,Team-A
PROD-00755,2023-08-24,Battery Installation,20,19,19,0,1,59.3,Swing,Team-C
PROD-00756,2024-09-15,Battery Installation,95,92,90,2,3,61.8,Day,Team-D
PROD-00757,2024-02-16,Battery Installation,74,71,70,1,3,62.3,Night,Team-C
PROD-00758,2023-12-04,Battery Installation,77,75,72,3,2,59.7,Day,Team-C
PROD-00759,2024-04-29,Final Assembly,90,86,77,9,4,62.9,Swing,Team-A
PROD-00760,2024-09-10,Motor Installation,69,64,61,3,5,53.3,Swing,Team-B
PROD-00761,2024-06-05,Wing Assembly,55,53,48,5,2,35.3,Swing,Team-A
PROD-00762,2023-10-04,Payload Assembly,62,61,60,1,1,64.4,Swing,Team-D
PROD-00763,2023-04-06,Motor Installation,88,84,76,8,4,44.1,Swing,Team-D
PROD-00764,2024-06-25,Final Assembly,85,82,74,8,3,57.3,Swing,Team-B
PROD-00765,2023-12-22,Motor Installation,34,32,31,1,2,49.6,Swing,Team-C
PROD-00766,2024-02-02,Final Assembly,27,25,23,2,2,56.7,Swing,Team-A
PROD-00767,2023-12-29,Battery Installation,84,81,80,1,3,45.5,Swing,Team-A
PROD-00768,2023-07-08,Motor Installation,67,60,56,4,7,39.0,Night,Team-C
PROD-00769,2024-06-08,Motor Installation,25,24,24,0,1,64.8,Swing,Team-C
PROD-00770,2023-03-05,Final Assembly,36,34,32,2,2,71.9,Day,Team-A
PROD-00771,2023-04-13,Battery Installation,33,32,30,2,1,57.5,Swing,Team-B
PROD-00772,2023-07-22,Final Assembly,70,66,58,8,4,48.4,Night,Team-C
PROD-00773,2023-10-27,Wing Assembly,22,21,20,1,1,31.8,Night,Team-B
PROD-00774,2024-01-28,Motor Installation,24,22,20,2,2,40.7,Swing,Team-A
PROD-00775,2023-06-30,Final Assembly,88,81,73,8,7,59.3,Swing,Team-C
PROD-00776,2024-11-28,Payload Assembly,62,58,55,3,4,58.9,Night,Team-C
PROD-00777,2024-06-27,End-of-Line Test,74,70,65,5,4,71.5,Swing,Team-D
PROD-00778,2024-01-24,Motor Installation,97,93,90,3,4,52.5,Day,Team-A
PROD-00779,2024-10-19,Wing Assembly,52,48,44,4,4,42.1,Swing,Team-C
PROD-00780,2024-11-17,Final Assembly,59,52,47,5,7,55.0,Night,Team-C
PROD-00781,2023-04-29,End-of-Line Test,30,27,24,3,3,73.0,Day,Team-B
PROD-00782,2024-07-31,Wing Assembly,79,74,70,4,5,29.8,Swing,Team-B
PROD-00783,2024-11-05,Wing Assembly,84,78,73,5,6,36.7,Night,Team-D
PROD-00784,2023-02-22,End-of-Line Test,58,56,52,4,2,52.5,Night,Team-A
PROD-00785,2024-08-25,Final Assembly,63,58,54,4,5,58.8,Swing,Team-C
PROD-00786,2024-09-19,Payload Assembly,57,53,46,7,4,54.6,Swing,Team-D
PROD-00787,2024-10-18,Battery Installation,34,32,31,1,2,60.8,Day,Team-D
PROD-00788,2023-04-20,Battery Installation,67,66,64,2,1,49.8,Swing,Team-C
PROD-00789,2023-09-02,Battery Installation,57,55,54,1,2,53.0,Swing,Team-A
PROD-00790,2023-10-28,Motor Installation,91,86,82,4,5,52.2,Day,Team-C
PROD-00791,2023-08-12,Payload Assembly,45,42,39,3,3,54.7,Day,Team-D
PROD-00792,2023-08-06,End-of-Line Test,61,52,45,7,9,69.6,Swing,Team-C
PROD-00793,2023-04-19,Wing Assembly,76,71,67,4,5,42.1,Swing,Team-C
PROD-00794,2024-06-17,Battery Installation,82,79,75,4,3,52.1,Swing,Team-D
PROD-00795,2023-07-01,End-of-Line Test,91,83,76,7,8,65.2,Day,Team-A
PROD-00796,2023-10-14,Payload Assembly,77,74,70,4,3,52.9,Night,Team-A
PROD-00797,2023-12-09,Wing Assembly,44,42,40,2,2,55.3,Night,Team-C
PROD-00798,2023-07-14,End-of-Line Test,50,45,39,6,5,49.0,Swing,Team-A
PROD-00799,2023-01-06,Final Assembly,79,71,64,7,8,55.2,Day,Team-A
PROD-00800,2024-08-04,Battery Installation,93,89,85,4,4,56.6,Swing,Team-D
PROD-00801,2023-09-30,Wing Assembly,71,64,60,4,7,38.0,Day,Team-B
PROD-00802,2024-05-31,Payload Assembly,84,79,72,7,5,52.5,Swing,Team-B
PROD-00803,2023-04-28,Wing Assembly,33,32,30,2,1,44.1,Day,Team-D
PROD-00804,2023-03-27,Battery Installation,69,67,65,2,2,42.8,Swing,Team-A
PROD-00805,2023-09-10,End-of-Line Test,63,60,57,3,3,69.0,Night,Team-B
PROD-00806,2023-04-27,Wing Assembly,92,88,80,8,4,42.9,Swing,Team-B
PROD-00807,2023-05-03,End-of-Line Test,84,74,65,9,10,66.4,Day,Team-D
PROD-00808,2024-01-04,Battery Installation,50,47,45,2,3,40.4,Swing,Team-D
PROD-00809,2024-03-12,Final Assembly,47,44,42,2,3,63.1,Night,Team-D
PROD-00810,2023-05-23,End-of-Line Test,71,63,55,8,8,57.6,Night,Team-A
PROD-00811,2023-11-25,Motor Installation,64,62,59,3,2,28.7,Swing,Team-C
PROD-00812,2023-07-19,Motor Installation,40,37,35,2,3,40.3,Night,Team-C
PROD-00813,2024-05-06,Final Assembly,59,55,49,6,4,66.3,Night,Team-D
PROD-00814,2024-03-30,Final Assembly,25,24,23,1,1,45.2,Day,Team-A
PROD-00815,2023-11-07,Motor Installation,55,52,48,4,3,42.3,Day,Team-B
PROD-00816,2024-05-17,End-of-Line Test,24,22,19,3,2,50.6,Day,Team-C
PROD-00817,2023-05-29,Wing Assembly,53,51,46,5,2,60.6,Night,Team-D
PROD-00818,2023-11-29,Final Assembly,95,90,80,10,5,54.5,Day,Team-D
PROD-00819,2024-03-20,Final Assembly,83,81,79,2,2,70.9,Day,Team-D
PROD-00820,2024-02-08,Final Assembly,91,88,83,5,3,69.3,Day,Team-A
PROD-00821,2024-11-01,Battery Installation,93,89,85,4,4,50.7,Day,Team-A
PROD-00822,2023-10-05,Final Assembly,39,36,33,3,3,57.6,Day,Team-D
PROD-00823,2023-01-20,Battery Installation,60,57,51,6,3,43.8,Swing,Team-B
PROD-00824,2024-09-16,Wing Assembly,32,30,28,2,2,45.7,Night,Team-C
PROD-00825,2023-04-21,Motor Installation,56,54,49,5,2,49.5,Night,Team-C
PROD-00826,2024-09-10,End-of-Line Test,33,31,27,4,2,62.1,Night,Team-D
PROD-00827,2024-03-06,Payload Assembly,59,55,48,7,4,62.4,Day,Team-B
PROD-00828,2024-12-22,Motor Installation,39,37,35,2,2,50.0,Swing,Team-C
PROD-00829,2023-06-07,Payload Assembly,88,86,85,1,2,49.3,Day,Team-B
PROD-00830,2023-12-12,Wing Assembly,80,75,70,5,5,55.0,Night,Team-A
PROD-00831,2023-11-09,End-of-Line Test,87,78,69,9,9,72.8,Swing,Team-D
PROD-00832,2023-12-15,End-of-Line Test,23,21,19,2,2,64.4,Night,Team-B
PROD-00833,2023-04-21,End-of-Line Test,69,64,57,7,5,62.6,Night,Team-D
PROD-00834,2024-09-09,Payload Assembly,76,75,75,0,1,52.3,Night,Team-C
PROD-00835,2023-08-31,Final Assembly,24,22,20,2,2,61.0,Night,Team-D
PROD-00836,2024-10-23,Final Assembly,98,92,80,12,6,57.7,Night,Team-C
PROD-00837,2023-03-31,Battery Installation,81,79,76,3,2,53.8,Night,Team-D
PROD-00838,2023-09-08,Motor Installation,96,91,88,3,5,48.6,Night,Team-C
PROD-00839,2024-12-27,Motor Installation,25,23,23,0,2,53.0,Swing,Team-D
PROD-00840,2023-07-04,Battery Installation,36,35,34,1,1,47.7,Night,Team-B
PROD-00841,2023-05-29,Battery Installation,58,57,57,0,1,48.3,Night,Team-A
PROD-00842,2023-01-26,Wing Assembly,59,56,50,6,3,55.3,Swing,Team-A
PROD-00843,2023-11-09,Payload Assembly,54,51,47,4,3,64.3,Night,Team-D
PROD-00844,2024-04-05,Motor Installation,100,92,83,9,8,51.7,Day,Team-B
PROD-00845,2023-01-30,Battery Installation,98,96,94,2,2,65.8,Night,Team-B
PROD-00846,2024-11-28,Battery Installation,28,26,25,1,2,37.3,Day,Team-A
PROD-00847,2023-07-12,Battery Installation,20,19,19,0,1,50.8,Day,Team-D
PROD-00848,2024-10-31,End-of-Line Test,95,88,76,12,7,62.0,Swing,Team-C
PROD-00849,2023-11-25,Payload Assembly,93,91,90,1,2,46.7,Night,Team-A
PROD-00850,2023-01-23,Battery Installation,44,42,38,4,2,50.4,Night,Team-C
PROD-00851,2024-02-19,Wing Assembly,23,21,21,0,2,50.1,Swing,Team-D
PROD-00852,2024-07-03,Battery Installation,71,70,69,1,1,50.7,Night,Team-A
PROD-00853,2023-03-16,Motor Installation,20,19,18,1,1,56.1,Day,Team-C
PROD-00854,2024-04-08,Payload Assembly,51,47,43,4,4,48.4,Night,Team-B
PROD-00855,2023-09-23,End-of-Line Test,30,27,25,2,3,58.2,Swing,Team-B
PROD-00856,2023-12-29,Battery Installation,81,79,76,3,2,49.1,Day,Team-D
PROD-00857,2023-04-17,Wing Assembly,27,25,21,4,2,39.2,Day,Team-D
PROD-00858,2024-04-05,Battery Installation,48,47,47,0,1,62.0,Day,Team-B
PROD-00859,2023-03-16,Battery Installation,77,74,71,3,3,45.7,Swing,Team-A
PROD-00860,2023-02-10,Battery Installation,52,51,51,0,1,38.9,Night,Team-C
PROD-00861,2024-07-13,Payload Assembly,54,51,48,3,3,61.7,Day,Team-D
PROD-00862,2023-07-29,Wing Assembly,28,26,25,1,2,28.4,Night,Team-A
PROD-00863,2023-08-23,Wing Assembly,43,39,36,3,4,45.2,Day,Team-D
PROD-00864,2024-01-12,Final Assembly,26,23,22,1,3,62.9,Night,Team-C
PROD-00865,2023-09-05,Motor Installation,51,48,46,2,3,52.9,Night,Team-B
PROD-00866,2024-06-09,Wing Assembly,68,63,58,5,5,30.7,Night,Team-A
PROD-00867,2024-09-13,Wing Assembly,50,45,42,3,5,45.8,Day,Team-D
PROD-00868,2024-12-07,Battery Installation,92,87,75,12,5,44.2,Night,Team-B
PROD-00869,2024-05-23,Motor Installation,73,70,63,7,3,51.0,Night,Team-D
PROD-00870,2024-06-12,End-of-Line Test,64,61,54,7,3,49.1,Night,Team-B
PROD-00871,2024-05-09,Motor Installation,26,23,22,1,3,40.3,Day,Team-A
PROD-00872,2023-08-16,End-of-Line Test,87,81,68,13,6,59.9,Day,Team-D
PROD-00873,2023-03-17,Payload Assembly,29,26,24,2,3,48.2,Swing,Team-C
PROD-00874,2024-05-20,Battery Installation,79,77,74,3,2,36.0,Night,Team-A
PROD-00875,2024-10-06,Motor Installation,96,90,83,7,6,39.8,Swing,Team-A
PROD-00876,2023-03-20,Wing Assembly,34,32,31,1,2,56.1,Day,Team-C
PROD-00877,2024-01-06,Wing Assembly,41,39,37,2,2,61.6,Day,Team-A
PROD-00878,2023-06-09,Final Assembly,32,29,28,1,3,48.9,Swing,Team-A
PROD-00879,2023-02-11,End-of-Line Test,84,80,70,10,4,69.3,Swing,Team-A
PROD-00880,2024-05-26,Final Assembly,58,53,48,5,5,56.0,Day,Team-C
PROD-00881,2024-10-08,Payload Assembly,50,46,43,3,4,53.3,Day,Team-A
PROD-00882,2023-08-04,Final Assembly,24,22,21,1,2,46.9,Day,Team-D
PROD-00883,2023-04-17,End-of-Line Test,74,68,64,4,6,65.0,Night,Team-B
PROD-00884,2023-04-01,End-of-Line Test,80,75,68,7,5,67.2,Swing,Team-B
PROD-00885,2024-04-24,End-of-Line Test,76,71,61,10,5,67.4,Swing,Team-A
PROD-00886,2023-03-23,End-of-Line Test,91,85,74,11,6,48.7,Day,Team-C
PROD-00887,2023-11-20,End-of-Line Test,31,27,24,3,4,63.4,Day,Team-A
PROD-00888,2023-09-12,Final Assembly,48,46,43,3,2,68.6,Day,Team-B
PROD-00889,2024-03-18,Battery Installation,38,34,32,2,4,54.0,Day,Team-A
PROD-00890,2023-04-18,End-of-Line Test,81,70,60,10,11,56.8,Day,Team-C
PROD-00891,2023-04-13,Final Assembly,56,51,44,7,5,62.8,Day,Team-B
PROD-00892,2024-02-14,Motor Installation,80,75,65,10,5,47.0,Night,Team-D
PROD-00893,2024-06-13,Motor Installation,22,21,21,0,1,48.8,Swing,Team-C
PROD-00894,2023-01-20,Payload Assembly,63,60,58,2,3,43.3,Night,Team-C
PROD-00895,2024-07-28,Wing Assembly,100,91,83,8,9,49.1,Swing,Team-A
PROD-00896,2023-02-07,Wing Assembly,38,35,33,2,3,37.4,Swing,Team-D
PROD-00897,2024-09-11,Final Assembly,88,86,81,5,2,65.1,Night,Team-A
PROD-00898,2024-03-20,Wing Assembly,55,52,49,3,3,40.7,Day,Team-C
PROD-00899,2023-07-17,Final Assembly,85,83,81,2,2,49.8,Day,Team-D
PROD-00900,2024-04-28,End-of-Line Test,71,64,58,6,7,63.1,Night,Team-B
PROD-00901,2024-07-09,End-of-Line Test,77,68,61,7,9,60.3,Night,Team-B
PROD-00902,2024-07-24,Wing Assembly,42,39,35,4,3,37.5,Swing,Team-A
PROD-00903,2023-03-18,Motor Installation,48,45,43,2,3,46.0,Swing,Team-B
PROD-00904,2023-10-18,Payload Assembly,71,69,66,3,2,55.9,Day,Team-B
PROD-00905,2023-05-19,Motor Installation,61,57,55,2,4,37.8,Day,Team-D
PROD-00906,2023-07-20,End-of-Line Test,98,91,79,12,7,70.2,Night,Team-D
PROD-00907,2023-04-16,Final Assembly,96,92,88,4,4,62.5,Day,Team-A
PROD-00908,2023-10-22,Motor Installation,31,29,28,1,2,42.2,Swing,Team-C
PROD-00909,2024-08-26,Battery Installation,75,72,70,2,3,42.6,Night,Team-D
PROD-00910,2024-02-16,Wing Assembly,83,76,70,6,7,39.8,Night,Team-C
PROD-00911,2024-01-07,Final Assembly,74,68,63,5,6,63.0,Swing,Team-A
PROD-00912,2024-06-02,Final Assembly,84,80,74,6,4,56.2,Day,Team-A
PROD-00913,2023-11-23,Battery Installation,26,24,23,1,2,50.9,Day,Team-B
PROD-00914,2023-12-30,End-of-Line Test,69,63,53,10,6,57.2,Night,Team-C
PROD-00915,2024-10-20,End-of-Line Test,26,23,21,2,3,57.0,Night,Team-A
PROD-00916,2024-09-06,Battery Installation,66,63,61,2,3,41.1,Swing,Team-B
PROD-00917,2023-04-13,Final Assembly,68,66,62,4,2,56.4,Night,Team-A
PROD-00918,2023-05-23,Battery Installation,69,65,61,4,4,43.9,Night,Team-D
PROD-00919,2024-07-19,Payload Assembly,29,27,26,1,2,44.0,Swing,Team-B
PROD-00920,2023-11-08,Wing Assembly,90,83,78,5,7,53.2,Night,Team-D
PROD-00921,2024-01-17,Final Assembly,74,67,63,4,7,56.3,Day,Team-A
PROD-00922,2023-12-11,Payload Assembly,28,27,26,1,1,52.7,Day,Team-A
PROD-00923,2023-09-15,Motor Installation,34,33,31,2,1,48.0,Night,Team-B
PROD-00924,2023-06-04,Payload Assembly,75,69,64,5,6,40.3,Night,Team-B
PROD-00925,2023-11-30,Final Assembly,75,71,67,4,4,53.4,Day,Team-C
PROD-00926,2024-11-29,Payload Assembly,70,67,65,2,3,58.2,Swing,Team-A
PROD-00927,2023-02-25,Final Assembly,33,31,27,4,2,59.0,Night,Team-B
PROD-00928,2023-04-18,End-of-Line Test,33,30,25,5,3,61.6,Night,Team-C
PROD-00929,2024-11-09,Motor Installation,95,92,88,4,3,56.8,Day,Team-C
PROD-00930,2024-12-09,Payload Assembly,66,61,59,2,5,55.8,Swing,Team-A
PROD-00931,2024-09-23,Motor Installation,77,73,68,5,4,53.0,Swing,Team-D
PROD-00932,2023-09-06,Wing Assembly,37,35,34,1,2,53.7,Day,Team-D
PROD-00933,2023-09-14,Battery Installation,39,37,35,2,2,52.3,Night,Team-D
PROD-00934,2023-11-07,Payload Assembly,28,27,25,2,1,52.7,Day,Team-C
PROD-00935,2023-07-31,End-of-Line Test,25,23,21,2,2,58.2,Swing,Team-A
PROD-00936,2023-07-14,Payload Assembly,25,23,22,1,2,63.8,Night,Team-C
PROD-00937,2024-05-09,End-of-Line Test,89,79,67,12,10,57.4,Day,Team-C
PROD-00938,2023-09-17,Payload Assembly,36,34,31,3,2,54.1,Night,Team-B
PROD-00939,2023-03-19,Motor Installation,65,63,59,4,2,52.2,Swing,Team-B
PROD-00940,2023-07-07,Final Assembly,81,76,73,3,5,49.8,Swing,Team-D
PROD-00941,2024-09-25,Motor Installation,50,48,44,4,2,69.7,Day,Team-C
PROD-00942,2023-11-28,Final Assembly,73,70,68,2,3,48.1,Swing,Team-C
PROD-00943,2024-08-03,End-of-Line Test,96,82,74,8,14,71.2,Night,Team-C
PROD-00944,2024-08-28,Final Assembly,48,45,42,3,3,61.1,Night,Team-B
PROD-00945,2023-02-28,Payload Assembly,84,79,74,5,5,55.2,Night,Team-C
PROD-00946,2023-10-26,Wing Assembly,49,47,45,2,2,48.0,Night,Team-C
PROD-00947,2024-03-22,Payload Assembly,34,31,28,3,3,68.4,Day,Team-D
PROD-00948,2023-08-31,Motor Installation,27,25,25,0,2,46.2,Night,Team-B
PROD-00949,2024-05-29,Final Assembly,31,28,26,2,3,58.6,Swing,Team-D
PROD-00950,2024-01-01,Motor Installation,81,79,78,1,2,46.2,Day,Team-D
PROD-00951,2023-11-17,Motor Installation,60,56,52,4,4,49.2,Day,Team-B
PROD-00952,2023-08-09,Final Assembly,24,23,21,2,1,63.9,Day,Team-A
PROD-00953,2024-09-06,Payload Assembly,69,64,59,5,5,43.8,Night,Team-A
PROD-00954,2024-07-14,End-of-Line Test,65,59,54,5,6,72.0,Swing,Team-A
PROD-00955,2023-10-24,Motor Installation,90,85,80,5,5,45.5,Day,Team-A
PROD-00956,2024-02-14,Battery Installation,50,47,46,1,3,50.0,Day,Team-D
PROD-00957,2023-01-19,Payload Assembly,33,30,27,3,3,43.3,Swing,Team-A
PROD-00958,2023-11-07,End-of-Line Test,57,52,48,4,5,59.1,Night,Team-C
PROD-00959,2023-04-04,Motor Installation,31,29,26,3,2,59.2,Swing,Team-B
PROD-00960,2024-04-15,Wing Assembly,81,72,67,5,9,55.8,Night,Team-D
PROD-00961,2023-06-01,End-of-Line Test,99,88,76,12,11,62.0,Swing,Team-C
PROD-00962,2024-01-09,Payload Assembly,77,71,66,5,6,59.2,Day,Team-C
PROD-00963,2023-01-30,Payload Assembly,35,34,32,2,1,52.9,Swing,Team-C
PROD-00964,2023-07-09,Battery Installation,95,93,91,2,2,41.5,Swing,Team-B
PROD-00965,2024-05-27,Motor Installation,98,94,91,3,4,45.5,Swing,Team-D
PROD-00966,2024-04-30,Wing Assembly,43,40,36,4,3,25.1,Night,Team-A
PROD-00967,2024-05-11,Final Assembly,50,46,43,3,4,61.9,Swing,Team-A
PROD-00968,2024-01-21,End-of-Line Test,97,88,78,10,9,58.3,Night,Team-A
PROD-00969,2024-07-28,Payload Assembly,49,47,45,2,2,38.5,Night,Team-C
PROD-00970,2024-09-13,Final Assembly,99,94,87,7,5,54.4,Swing,Team-B
PROD-00971,2023-11-03,Battery Installation,70,67,63,4,3,40.1,Day,Team-D
PROD-00972,2023-08-18,Battery Installation,51,50,50,0,1,37.1,Swing,Team-D
PROD-00973,2024-07-23,Final Assembly,74,68,65,3,6,61.6,Night,Team-D
PROD-00974,2024-10-28,End-of-Line Test,95,85,73,12,10,61.4,Swing,Team-D
PROD-00975,2024-03-09,End-of-Line Test,93,84,70,14,9,56.8,Night,Team-D
PROD-00976,2023-07-21,End-of-Line Test,36,33,27,6,3,61.2,Night,Team-C
PROD-00977,2023-01-17,Battery Installation,62,61,61,0,1,70.5,Swing,Team-B
PROD-00978,2024-07-16,Battery Installation,55,51,49,2,4,35.6,Night,Team-B
PROD-00979,2024-09-04,Final Assembly,99,96,93,3,3,53.6,Night,Team-B
PROD-00980,2024-09-04,Final Assembly,81,72,67,5,9,73.4,Day,Team-D
PROD-00981,2024-08-03,Final Assembly,87,82,71,11,5,59.2,Swing,Team-C
PROD-00982,2024-07-01,Final Assembly,62,58,56,2,4,59.7,Day,Team-B
PROD-00983,2024-01-14,Final Assembly,76,73,68,5,3,64.5,Swing,Team-C
PROD-00984,2024-09-06,Wing Assembly,64,61,57,4,3,42.4,Day,Team-C
PROD-00985,2023-08-06,Payload Assembly,27,26,25,1,1,71.5,Day,Team-B
PROD-00986,2024-07-14,End-of-Line Test,34,29,27,2,5,60.6,Night,Team-C
PROD-00987,2023-06-28,Wing Assembly,75,72,68,4,3,59.1,Day,Team-A
PROD-00988,2023-03-17,Motor Installation,37,35,34,1,2,52.4,Night,Team-B
PROD-00989,2024-12-25,Final Assembly,98,92,83,9,6,53.2,Night,Team-D
PROD-00990,2024-01-27,Battery Installation,40,39,37,2,1,62.0,Night,Team-D
PROD-00991,2023-02-06,Battery Installation,83,82,81,1,1,57.9,Swing,Team-A
PROD-00992,2024-02-14,Final Assembly,49,45,43,2,4,53.1,Swing,Team-C
PROD-00993,2023-11-07,Battery Installation,80,72,68,4,8,60.1,Swing,Team-A
PROD-00994,2023-11-15,Battery Installation,20,19,19,0,1,44.2,Day,Team-D
PROD-00995,2023-01-09,Final Assembly,33,30,29,1,3,55.9,Night,Team-D
PROD-00996,2023-03-27,Motor Installation,55,52,49,3,3,43.7,Day,Team-B
PROD-00997,2023-09-12,End-of-Line Test,33,30,27,3,3,61.9,Swing,Team-C
PROD-00998,2023-07-05,Motor Installation,38,35,34,1,3,55.4,Swing,Team-A
PROD-00999,2024-11-30,Motor Installation,83,78,68,10,5,50.8,Swing,Team-B
PROD-01000,2023-03-22,Final Assembly,96,87,81,6,9,50.7,Day,Team-A
PROD-01001,2023-05-14,Wing Assembly,85,78,73,5,7,48.4,Swing,Team-D
PROD-01002,2023-08-16,Motor Installation,53,51,47,4,2,49.2,Night,Team-D
PROD-01003,2024-05-25,End-of-Line Test,82,75,66,9,7,55.7,Swing,Team-C
PROD-01004,2024-02-12,Motor Installation,90,88,84,4,2,34.9,Swing,Team-A
PROD-01005,2023-06-10,Final Assembly,71,67,59,8,4,42.5,Night,Team-C
PROD-01006,2023-09-01,Motor Installation,89,86,84,2,3,46.9,Day,Team-D
PROD-01007,2024-06-04,Final Assembly,90,84,80,4,6,54.0,Day,Team-A
PROD-01008,2023-01-04,Payload Assembly,22,20,20,0,2,69.8,Night,Team-A
PROD-01009,2024-04-21,Final Assembly,77,74,72,2,3,44.3,Day,Team-C
PROD-01010,2024-10-04,Payload Assembly,84,83,81,2,1,58.1,Day,Team-A
PROD-01011,2024-11-22,Payload Assembly,47,44,40,4,3,48.0,Night,Team-A
PROD-01012,2024-02-25,Battery Installation,59,57,56,1,2,48.4,Swing,Team-B
PROD-01013,2023-05-17,Wing Assembly,55,50,46,4,5,40.4,Swing,Team-C
PROD-01014,2024-01-14,Final Assembly,38,37,37,0,1,69.8,Day,Team-B
PROD-01015,2023-05-20,Battery Installation,26,25,25,0,1,52.1,Day,Team-C
PROD-01016,2024-12-29,Final Assembly,57,54,52,2,3,56.4,Swing,Team-A
PROD-01017,2024-05-04,Motor Installation,91,86,84,2,5,43.3,Night,Team-A
PROD-01018,2024-02-13,Battery Installation,48,43,40,3,5,51.2,Night,Team-C
PROD-01019,2024-10-01,Battery Installation,48,45,43,2,3,62.0,Swing,Team-D
PROD-01020,2024-06-26,Battery Installation,60,56,54,2,4,51.6,Night,Team-D
PROD-01021,2023-10-07,Motor Installation,96,89,85,4,7,34.6,Night,Team-D
PROD-01022,2023-01-21,Battery Installation,25,24,23,1,1,65.0,Night,Team-D
PROD-01023,2024-03-22,Battery Installation,98,95,94,1,3,54.8,Night,Team-B
PROD-01024,2023-08-29,End-of-Line Test,77,63,55,8,14,52.7,Swing,Team-C
PROD-01025,2023-12-12,Wing Assembly,66,60,57,3,6,52.1,Day,Team-D
PROD-01026,2023-12-03,Payload Assembly,80,77,70,7,3,56.0,Swing,Team-D
PROD-01027,2024-10-26,Wing Assembly,39,37,36,1,2,33.2,Swing,Team-D
PROD-01028,2024-01-27,Payload Assembly,40,38,36,2,2,66.2,Day,Team-A
PROD-01029,2024-09-20,Wing Assembly,75,69,65,4,6,49.1,Day,Team-C
PROD-01030,2024-03-25,Motor Installation,87,83,79,4,4,54.8,Day,Team-D
PROD-01031,2023-05-03,Wing Assembly,100,92,81,11,8,48.1,Day,Team-D
PROD-01032,2024-07-24,End-of-Line Test,90,86,77,9,4,43.9,Night,Team-A
PROD-01033,2023-09-12,Motor Installation,37,34,33,1,3,38.7,Night,Team-D
PROD-01034,2024-08-10,Battery Installation,29,28,26,2,1,55.8,Night,Team-A
PROD-01035,2024-07-16,Battery Installation,21,20,20,0,1,59.2,Day,Team-C
PROD-01036,2023-02-11,Payload Assembly,34,31,30,1,3,49.9,Swing,Team-C
PROD-01037,2024-04-29,Final Assembly,41,37,34,3,4,60.2,Day,Team-B
PROD-01038,2024-05-09,Final Assembly,49,44,41,3,5,58.3,Day,Team-A
PROD-01039,2024-01-14,Wing Assembly,32,30,28,2,2,37.6,Night,Team-D
PROD-01040,2024-12-10,Final Assembly,34,31,29,2,3,63.5,Swing,Team-D
PROD-01041,2023-08-31,Battery Installation,38,36,35,1,2,52.8,Night,Team-B
PROD-01042,2023-05-27,Final Assembly,39,35,32,3,4,63.3,Night,Team-B
PROD-01043,2023-12-10,Final Assembly,33,31,27,4,2,49.9,Day,Team-A
PROD-01044,2023-11-16,Motor Installation,23,21,20,1,2,55.1,Night,Team-B
PROD-01045,2024-02-09,End-of-Line Test,23,21,18,3,2,53.5,Night,Team-B
PROD-01046,2023-04-12,Wing Assembly,48,45,42,3,3,49.1,Day,Team-D
PROD-01047,2024-03-27,Motor Installation,81,77,73,4,4,49.4,Day,Team-C
PROD-01048,2023-06-14,Motor Installation,85,80,76,4,5,36.9,Day,Team-A
PROD-01049,2023-07-25,Battery Installation,49,48,48,0,1,45.8,Day,Team-B
PROD-01050,2023-11-22,Wing Assembly,23,22,21,1,1,39.0,Night,Team-B
PROD-01051,2024-05-16,Payload Assembly,45,43,42,1,2,47.0,Day,Team-C
PROD-01052,2024-11-19,Payload Assembly,60,57,55,2,3,64.3,Night,Team-D
PROD-01053,2024-10-30,End-of-Line Test,59,55,49,6,4,54.4,Night,Team-A
PROD-01054,2024-09-07,Final Assembly,35,33,31,2,2,55.1,Day,Team-D
PROD-01055,2024-02-20,Payload Assembly,21,20,19,1,1,50.3,Night,Team-D
PROD-01056,2023-10-21,Motor Installation,60,58,56,2,2,52.0,Night,Team-C
PROD-01057,2023-12-25,Wing Assembly,46,42,38,4,4,59.8,Swing,Team-D
PROD-01058,2023-11-10,Wing Assembly,85,81,77,4,4,36.1,Night,Team-A
PROD-01059,2023-03-20,End-of-Line Test,91,83,76,7,8,73.5,Swing,Team-D
PROD-01060,2024-04-15,Final Assembly,44,41,35,6,3,42.1,Swing,Team-C
PROD-01061,2024-01-27,Battery Installation,31,30,29,1,1,42.7,Swing,Team-B
PROD-01062,2024-09-26,Battery Installation,45,42,39,3,3,36.2,Swing,Team-D
PROD-01063,2024-01-13,Payload Assembly,61,58,53,5,3,43.3,Swing,Team-A
PROD-01064,2024-09-18,Wing Assembly,45,42,39,3,3,31.9,Swing,Team-B
PROD-01065,2024-01-08,Final Assembly,68,61,55,6,7,50.3,Swing,Team-D
PROD-01066,2024-06-26,Payload Assembly,92,88,82,6,4,47.9,Swing,Team-A
PROD-01067,2024-08-22,Wing Assembly,72,69,63,6,3,46.7,Day,Team-A
PROD-01068,2024-11-09,Wing Assembly,42,40,38,2,2,48.2,Day,Team-C
PROD-01069,2023-10-08,Wing Assembly,53,48,45,3,5,40.8,Day,Team-A
PROD-01070,2023-05-07,Wing Assembly,42,39,37,2,3,59.8,Night,Team-D
PROD-01071,2024-08-10,Payload Assembly,65,61,58,3,4,61.8,Swing,Team-C
PROD-01072,2023-02-14,Motor Installation,29,27,25,2,2,55.7,Night,Team-B
PROD-01073,2024-08-16,Motor Installation,62,58,52,6,4,55.1,Night,Team-D
PROD-01074,2024-05-19,End-of-Line Test,69,61,56,5,8,57.1,Night,Team-D
PROD-01075,2023-04-26,Battery Installation,52,51,50,1,1,57.9,Day,Team-A
PROD-01076,2024-08-12,Wing Assembly,72,67,60,7,5,55.9,Day,Team-C
PROD-01077,2024-06-08,Wing Assembly,28,26,24,2,2,45.5,Day,Team-A
PROD-01078,2024-01-31,Payload Assembly,74,69,66,3,5,62.2,Day,Team-A
PROD-01079,2023-04-05,Wing Assembly,77,73,71,2,4,55.7,Swing,Team-B
PROD-01080,2024-04-02,Battery Installation,78,75,73,2,3,60.2,Day,Team-A
PROD-01081,2023-02-01,Wing Assembly,71,66,63,3,5,46.6,Swing,Team-C
PROD-01082,2024-04-29,Final Assembly,48,44,41,3,4,70.2,Night,Team-A
PROD-01083,2023-10-13,Motor Installation,61,57,54,3,4,53.7,Day,Team-B
PROD-01084,2023-05-11,End-of-Line Test,40,36,31,5,4,65.1,Night,Team-D
PROD-01085,2023-02-13,Battery Installation,97,94,90,4,3,60.0,Swing,Team-A
PROD-01086,2024-12-06,End-of-Line Test,65,60,54,6,5,61.5,Swing,Team-C
PROD-01087,2023-02-07,Final Assembly,55,51,48,3,4,61.8,Night,Team-D
PROD-01088,2023-09-22,Wing Assembly,100,96,93,3,4,32.1,Day,Team-B
PROD-01089,2023-02-17,Wing Assembly,55,53,50,3,2,36.7,Night,Team-B
PROD-01090,2024-07-14,End-of-Line Test,59,54,51,3,5,72.3,Night,Team-C
PROD-01091,2024-06-02,Payload Assembly,67,62,54,8,5,54.6,Night,Team-C
PROD-01092,2023-08-23,Battery Installation,23,22,22,0,1,43.1,Swing,Team-A
PROD-01093,2024-04-15,Wing Assembly,59,55,52,3,4,34.7,Night,Team-A
PROD-01094,2023-01-24,Motor Installation,67,64,62,2,3,52.3,Night,Team-B
PROD-01095,2023-12-25,Battery Installation,79,78,77,1,1,60.2,Night,Team-C
PROD-01096,2023-08-17,Wing Assembly,41,38,36,2,3,41.1,Swing,Team-D
PROD-01097,2024-05-04,Wing Assembly,80,74,66,8,6,60.6,Swing,Team-C
PROD-01098,2024-09-09,Motor Installation,48,47,46,1,1,42.8,Night,Team-D
PROD-01099,2024-07-14,End-of-Line Test,53,48,42,6,5,60.4,Night,Team-D
PROD-01100,2024-05-22,Payload Assembly,53,50,45,5,3,53.6,Swing,Team-C
PROD-01101,2023-03-25,Motor Installation,51,49,45,4,2,39.7,Swing,Team-B
PROD-01102,2024-03-13,Motor Installation,42,40,37,3,2,48.0,Night,Team-C
PROD-01103,2023-06-01,End-of-Line Test,45,42,37,5,3,58.8,Swing,Team-A
PROD-01104,2024-12-23,Payload Assembly,29,27,25,2,2,52.1,Night,Team-D
PROD-01105,2023-08-27,End-of-Line Test,40,37,35,2,3,61.4,Swing,Team-A
PROD-01106,2023-07-06,Battery Installation,22,21,21,0,1,54.6,Day,Team-B
PROD-01107,2024-05-09,Final Assembly,51,47,42,5,4,53.7,Night,Team-B
PROD-01108,2024-10-04,Payload Assembly,62,58,54,4,4,35.5,Swing,Team-C
PROD-01109,2023-05-12,Motor Installation,57,53,50,3,4,49.5,Night,Team-C
PROD-01110,2024-12-05,Motor Installation,26,24,23,1,2,56.3,Night,Team-A
PROD-01111,2023-12-23,Payload Assembly,96,92,84,8,4,64.9,Night,Team-B
PROD-01112,2023-04-11,Wing Assembly,75,67,62,5,8,37.5,Day,Team-B
PROD-01113,2023-01-15,Battery Installation,44,42,41,1,2,51.3,Day,Team-D
PROD-01114,2023-04-24,Final Assembly,64,60,54,6,4,58.0,Night,Team-C
PROD-01115,2024-06-20,End-of-Line Test,55,50,43,7,5,47.4,Swing,Team-B
PROD-01116,2023-03-12,Final Assembly,25,23,22,1,2,59.0,Swing,Team-B
PROD-01117,2024-09-21,Wing Assembly,97,93,88,5,4,36.9,Night,Team-C
PROD-01118,2023-08-25,Motor Installation,31,28,27,1,3,47.4,Night,Team-D
PROD-01119,2024-02-16,Motor Installation,84,83,82,1,1,63.2,Night,Team-A
PROD-01120,2023-10-03,Battery Installation,91,90,90,0,1,52.8,Day,Team-A
PROD-01121,2023-03-22,Wing Assembly,71,68,63,5,3,46.7,Day,Team-C
PROD-01122,2023-06-18,End-of-Line Test,33,30,26,4,3,62.2,Swing,Team-B
PROD-01123,2024-02-01,Final Assembly,25,23,22,1,2,58.9,Night,Team-D
PROD-01124,2023-09-28,Wing Assembly,39,34,32,2,5,49.7,Day,Team-A
PROD-01125,2023-02-06,Battery Installation,39,36,35,1,3,42.9,Swing,Team-B
PROD-01126,2023-10-27,End-of-Line Test,36,30,27,3,6,54.7,Night,Team-A
PROD-01127,2023-05-02,End-of-Line Test,61,54,49,5,7,61.7,Swing,Team-C
PROD-01128,2024-01-10,Wing Assembly,43,39,35,4,4,49.8,Night,Team-C
PROD-01129,2024-11-24,End-of-Line Test,65,61,55,6,4,67.5,Night,Team-B
PROD-01130,2023-09-30,Motor Installation,41,38,36,2,3,30.0,Night,Team-D
PROD-01131,2024-08-07,Battery Installation,61,59,58,1,2,57.9,Day,Team-D
PROD-01132,2023-04-19,End-of-Line Test,86,82,73,9,4,73.2,Night,Team-B
PROD-01133,2024-07-28,Final Assembly,43,41,39,2,2,52.5,Night,Team-B
PROD-01134,2023-11-19,Battery Installation,89,85,82,3,4,52.6,Day,Team-C
PROD-01135,2023-08-20,End-of-Line Test,30,27,25,2,3,57.5,Day,Team-C
PROD-01136,2024-11-03,End-of-Line Test,74,67,62,5,7,60.8,Day,Team-D
PROD-01137,2023-07-07,Motor Installation,72,71,69,2,1,53.5,Swing,Team-C
PROD-01138,2024-03-01,Wing Assembly,75,72,68,4,3,35.5,Night,Team-B
PROD-01139,2023-02-02,Battery Installation,67,66,66,0,1,45.2,Night,Team-C
PROD-01140,2023-08-22,Final Assembly,45,41,36,5,4,48.2,Day,Team-D
PROD-01141,2023-04-27,Motor Installation,97,91,85,6,6,46.9,Swing,Team-A
PROD-01142,2024-01-17,Battery Installation,100,99,98,1,1,37.9,Swing,Team-B
PROD-01143,2024-06-09,Final Assembly,56,54,50,4,2,49.1,Swing,Team-B
PROD-01144,2023-10-28,Final Assembly,79,76,68,8,3,53.1,Night,Team-C
PROD-01145,2023-06-25,Final Assembly,83,78,70,8,5,54.4,Swing,Team-B
PROD-01146,2024-05-05,Wing Assembly,69,66,62,4,3,46.2,Day,Team-C
PROD-01147,2024-10-02,End-of-Line Test,84,76,63,13,8,51.8,Night,Team-D
PROD-01148,2024-07-23,Wing Assembly,77,75,70,5,2,54.2,Swing,Team-C
PROD-01149,2023-05-05,Wing Assembly,21,20,18,2,1,32.8,Night,Team-C
PROD-01150,2023-10-09,End-of-Line Test,24,21,19,2,3,62.5,Day,Team-B
PROD-01151,2024-11-15,Wing Assembly,28,26,25,1,2,49.6,Night,Team-D
PROD-01152,2024-07-24,Battery Installation,100,95,92,3,5,67.3,Swing,Team-A
PROD-01153,2024-10-05,Battery Installation,50,48,47,1,2,47.7,Night,Team-C
PROD-01154,2023-07-27,Wing Assembly,39,36,34,2,3,49.6,Day,Team-B
PROD-01155,2024-05-01,Wing Assembly,21,20,19,1,1,54.1,Swing,Team-C
PROD-01156,2023-10-08,End-of-Line Test,43,38,35,3,5,62.5,Swing,Team-C
PROD-01157,2024-09-06,Final Assembly,87,77,69,8,10,45.7,Night,Team-B
PROD-01158,2024-08-25,Final Assembly,62,57,50,7,5,59.1,Day,Team-D
PROD-01159,2023-07-12,End-of-Line Test,70,62,55,7,8,67.9,Night,Team-A
PROD-01160,2024-11-12,Wing Assembly,30,28,26,2,2,41.5,Swing,Team-C
PROD-01161,2024-10-01,Motor Installation,94,89,87,2,5,59.8,Swing,Team-B
PROD-01162,2024-06-14,Battery Installation,83,82,82,0,1,57.9,Night,Team-D
PROD-01163,2023-02-25,Wing Assembly,37,34,31,3,3,56.1,Night,Team-C
PROD-01164,2023-09-04,Wing Assembly,54,52,50,2,2,46.3,Swing,Team-A
PROD-01165,2024-08-06,End-of-Line Test,66,60,49,11,6,58.6,Day,Team-D
PROD-01166,2023-10-28,Payload Assembly,98,93,88,5,5,48.0,Day,Team-C
PROD-01167,2023-09-18,Battery Installation,98,96,93,3,2,63.3,Day,Team-A
PROD-01168,2024-06-16,Battery Installation,31,29,29,0,2,63.4,Night,Team-A
PROD-01169,2024-11-03,Motor Installation,73,70,65,5,3,47.7,Swing,Team-B
PROD-01170,2024-11-03,Final Assembly,77,72,67,5,5,58.8,Swing,Team-D
PROD-01171,2023-03-04,Final Assembly,70,65,57,8,5,51.3,Day,Team-D
PROD-01172,2023-07-18,Payload Assembly,86,83,80,3,3,56.9,Day,Team-B
PROD-01173,2024-07-13,Payload Assembly,76,73,69,4,3,56.8,Day,Team-C
PROD-01174,2023-03-14,Final Assembly,77,73,68,5,4,64.4,Night,Team-C
PROD-01175,2024-06-24,Battery Installation,57,55,52,3,2,49.9,Day,Team-A
PROD-01176,2024-01-23,Payload Assembly,33,31,29,2,2,39.9,Swing,Team-C
PROD-01177,2024-05-19,End-of-Line Test,57,52,48,4,5,63.6,Day,Team-C
PROD-01178,2023-04-11,Motor Installation,65,64,63,1,1,38.1,Day,Team-D
PROD-01179,2024-05-08,Wing Assembly,33,30,27,3,3,56.0,Day,Team-B
PROD-01180,2024-09-13,Battery Installation,42,39,37,2,3,54.2,Swing,Team-D
PROD-01181,2024-07-16,Wing Assembly,49,47,43,4,2,46.2,Night,Team-B
PROD-01182,2024-08-18,Final Assembly,91,83,77,6,8,66.5,Swing,Team-B
PROD-01183,2024-07-11,Motor Installation,52,50,47,3,2,54.3,Swing,Team-B
PROD-01184,2024-11-11,Payload Assembly,97,91,87,4,6,40.7,Day,Team-B
PROD-01185,2023-09-22,Motor Installation,33,32,30,2,1,48.8,Day,Team-B
PROD-01186,2023-12-20,Motor Installation,95,91,85,6,4,45.3,Night,Team-B
PROD-01187,2024-12-17,Motor Installation,53,49,45,4,4,47.9,Swing,Team-A
PROD-01188,2024-01-18,Wing Assembly,67,62,56,6,5,38.3,Swing,Team-A
PROD-01189,2024-09-17,Wing Assembly,88,81,76,5,7,63.1,Day,Team-A
PROD-01190,2024-12-02,End-of-Line Test,65,56,50,6,9,65.1,Night,Team-A
PROD-01191,2023-09-16,Motor Installation,52,50,47,3,2,41.8,Day,Team-C
PROD-01192,2024-06-06,Motor Installation,20,19,18,1,1,46.6,Night,Team-C
PROD-01193,2023-02-06,Battery Installation,62,60,57,3,2,54.6,Night,Team-C
PROD-01194,2024-01-20,Final Assembly,58,53,50,3,5,37.6,Day,Team-D
PROD-01195,2024-02-05,Battery Installation,66,60,57,3,6,57.4,Day,Team-B
PROD-01196,2023-04-21,Battery Installation,98,92,88,4,6,61.8,Night,Team-B
PROD-01197,2024-06-11,Final Assembly,58,52,47,5,6,60.0,Night,Team-C
PROD-01198,2024-12-14,Motor Installation,28,27,26,1,1,63.6,Swing,Team-A
PROD-01199,2023-04-11,Final Assembly,26,25,25,0,1,58.0,Swing,Team-B
PROD-01200,2023-05-26,Motor Installation,99,95,86,9,4,43.9,Day,Team-B
PROD-01201,2023-01-10,Wing Assembly,36,33,31,2,3,39.0,Night,Team-D
PROD-01202,2024-09-10,Motor Installation,60,57,52,5,3,42.8,Day,Team-A
PROD-01203,2024-07-11,End-of-Line Test,32,29,26,3,3,65.0,Day,Team-A
PROD-01204,2023-02-12,Payload Assembly,79,73,69,4,6,50.3,Day,Team-A
PROD-01205,2024-07-08,End-of-Line Test,96,88,80,8,8,56.1,Swing,Team-A
PROD-01206,2024-08-31,Final Assembly,79,75,70,5,4,59.6,Day,Team-C
PROD-01207,2024-10-17,Final Assembly,55,49,45,4,6,43.0,Night,Team-C
PROD-01208,2023-09-09,Wing Assembly,75,69,66,3,6,29.4,Swing,Team-A
PROD-01209,2023-08-09,Final Assembly,22,19,17,2,3,63.5,Swing,Team-A
PROD-01210,2024-08-22,Wing Assembly,85,80,73,7,5,51.2,Night,Team-C
PROD-01211,2023-11-21,Payload Assembly,37,34,32,2,3,58.8,Night,Team-C
PROD-01212,2023-07-25,Motor Installation,55,51,49,2,4,39.0,Night,Team-A
PROD-01213,2023-08-13,Payload Assembly,36,33,31,2,3,49.4,Night,Team-A
PROD-01214,2023-07-20,Wing Assembly,67,61,57,4,6,35.8,Swing,Team-A
PROD-01215,2023-10-18,Battery Installation,57,54,52,2,3,48.7,Swing,Team-A
PROD-01216,2024-07-09,End-of-Line Test,60,57,50,7,3,49.8,Day,Team-A
PROD-01217,2023-01-21,Motor Installation,87,83,80,3,4,43.7,Day,Team-D
PROD-01218,2023-10-01,Motor Installation,83,78,75,3,5,45.7,Day,Team-D
PROD-01219,2023-09-15,Battery Installation,35,33,32,1,2,45.4,Night,Team-B
PROD-01220,2024-11-30,Final Assembly,47,45,42,3,2,46.4,Day,Team-A
PROD-01221,2024-11-09,Payload Assembly,72,70,69,1,2,64.3,Day,Team-A
PROD-01222,2023-11-09,Wing Assembly,28,25,23,2,3,43.7,Day,Team-C
PROD-01223,2024-09-01,End-of-Line Test,84,78,70,8,6,67.2,Night,Team-C
PROD-01224,2024-02-25,Final Assembly,53,50,45,5,3,57.3,Swing,Team-A
PROD-01225,2024-09-25,Payload Assembly,69,66,64,2,3,49.3,Night,Team-B
PROD-01226,2023-04-12,End-of-Line Test,31,28,25,3,3,72.0,Day,Team-B
PROD-01227,2024-11-08,Battery Installation,27,25,25,0,2,46.5,Day,Team-B
PROD-01228,2023-08-02,Final Assembly,48,46,42,4,2,60.3,Day,Team-D
PROD-01229,2024-05-22,Wing Assembly,93,87,80,7,6,44.3,Swing,Team-B
PROD-01230,2024-07-09,Battery Installation,82,81,81,0,1,60.8,Night,Team-C
PROD-01231,2023-05-04,Motor Installation,37,35,34,1,2,62.7,Night,Team-A
PROD-01232,2024-03-03,End-of-Line Test,57,54,49,5,3,66.2,Swing,Team-D
PROD-01233,2023-01-25,End-of-Line Test,56,51,45,6,5,62.0,Day,Team-A
PROD-01234,2023-10-10,End-of-Line Test,95,85,78,7,10,47.2,Day,Team-D
PROD-01235,2024-08-04,Wing Assembly,54,51,49,2,3,48.7,Night,Team-B
PROD-01236,2024-02-01,Wing Assembly,50,47,45,2,3,41.9,Night,Team-D
PROD-01237,2023-03-31,Payload Assembly,65,60,55,5,5,68.4,Night,Team-C
PROD-01238,2023-04-21,End-of-Line Test,48,44,40,4,4,59.7,Swing,Team-B
PROD-01239,2023-01-17,End-of-Line Test,32,30,27,3,2,51.7,Night,Team-C
PROD-01240,2024-08-02,Motor Installation,100,95,90,5,5,55.4,Swing,Team-B
PROD-01241,2024-10-11,Battery Installation,50,48,47,1,2,35.0,Day,Team-C
PROD-01242,2023-06-25,Final Assembly,77,72,66,6,5,58.0,Day,Team-B
PROD-01243,2024-01-21,End-of-Line Test,98,90,72,18,8,53.1,Swing,Team-B
PROD-01244,2024-09-24,Final Assembly,22,19,17,2,3,57.0,Swing,Team-A
PROD-01245,2024-02-26,Battery Installation,50,49,48,1,1,46.0,Night,Team-C
PROD-01246,2024-09-22,End-of-Line Test,79,74,64,10,5,62.2,Swing,Team-D
PROD-01247,2024-09-30,End-of-Line Test,83,79,69,10,4,45.7,Day,Team-C
PROD-01248,2024-01-31,Payload Assembly,25,23,22,1,2,58.0,Swing,Team-A
PROD-01249,2023-04-03,Wing Assembly,42,40,35,5,2,43.4,Night,Team-B
PROD-01250,2024-07-23,Wing Assembly,30,28,25,3,2,44.5,Day,Team-B
PROD-01251,2024-10-19,End-of-Line Test,66,62,55,7,4,65.5,Day,Team-D
PROD-01252,2024-09-19,Battery Installation,56,54,53,1,2,50.5,Day,Team-A
PROD-01253,2024-02-21,End-of-Line Test,43,41,39,2,2,48.7,Swing,Team-C
PROD-01254,2024-04-18,Payload Assembly,99,94,87,7,5,64.1,Night,Team-A
PROD-01255,2024-12-26,Battery Installation,75,74,74,0,1,58.5,Night,Team-C
PROD-01256,2023-06-17,Battery Installation,86,82,77,5,4,49.1,Swing,Team-B
PROD-01257,2023-02-18,Battery Installation,89,87,85,2,2,65.6,Swing,Team-D
PROD-01258,2024-06-14,Payload Assembly,25,23,22,1,2,47.6,Day,Team-B
PROD-01259,2023-07-16,Payload Assembly,66,62,59,3,4,45.3,Day,Team-D
PROD-01260,2023-12-13,Motor Installation,72,69,65,4,3,50.6,Day,Team-D
PROD-01261,2024-02-28,Battery Installation,89,86,81,5,3,51.5,Swing,Team-C
PROD-01262,2023-02-07,End-of-Line Test,66,61,57,4,5,75.6,Night,Team-B
PROD-01263,2024-01-17,Final Assembly,87,79,72,7,8,57.2,Day,Team-C
PROD-01264,2023-09-09,Wing Assembly,70,65,62,3,5,48.1,Swing,Team-B
PROD-01265,2024-05-13,End-of-Line Test,79,72,67,5,7,67.1,Day,Team-A
PROD-01266,2023-10-04,Payload Assembly,96,93,91,2,3,50.3,Day,Team-A
PROD-01267,2023-07-22,Payload Assembly,44,42,41,1,2,67.0,Day,Team-C
PROD-01268,2023-10-25,Wing Assembly,83,79,74,5,4,35.5,Swing,Team-A
PROD-01269,2023-04-24,Payload Assembly,39,36,34,2,3,47.1,Day,Team-B
PROD-01270,2024-11-14,Motor Installation,61,57,53,4,4,55.2,Swing,Team-D
PROD-01271,2023-10-28,Battery Installation,67,64,59,5,3,57.2,Night,Team-C
PROD-01272,2023-08-17,Motor Installation,83,79,71,8,4,57.9,Day,Team-A
PROD-01273,2023-08-29,Battery Installation,92,88,86,2,4,56.4,Day,Team-C
PROD-01274,2024-08-14,Wing Assembly,55,50,46,4,5,44.0,Swing,Team-D
PROD-01275,2024-04-19,Final Assembly,34,33,31,2,1,43.1,Day,Team-C
PROD-01276,2023-08-05,Battery Installation,45,43,41,2,2,38.5,Night,Team-A
PROD-01277,2024-12-31,Final Assembly,51,47,44,3,4,66.5,Night,Team-D
PROD-01278,2023-07-04,End-of-Line Test,32,29,26,3,3,54.7,Night,Team-D
PROD-01279,2023-12-15,Final Assembly,77,70,62,8,7,56.7,Night,Team-C
PROD-01280,2024-07-15,Wing Assembly,26,25,24,1,1,51.7,Night,Team-A
PROD-01281,2023-11-17,Wing Assembly,79,74,71,3,5,41.0,Day,Team-C
PROD-01282,2024-12-26,Payload Assembly,30,28,27,1,2,48.1,Night,Team-C
PROD-01283,2023-08-22,Battery Installation,93,90,89,1,3,54.3,Night,Team-C
PROD-01284,2024-10-25,Payload Assembly,86,81,74,7,5,54.4,Swing,Team-D
PROD-01285,2024-06-18,Motor Installation,37,34,32,2,3,39.2,Swing,Team-B
PROD-01286,2023-04-19,Motor Installation,37,35,34,1,2,63.3,Swing,Team-B
PROD-01287,2023-12-31,Wing Assembly,42,40,39,1,2,45.0,Day,Team-C
PROD-01288,2024-03-10,Wing Assembly,72,68,64,4,4,43.9,Day,Team-B
PROD-01289,2023-08-27,Battery Installation,28,27,27,0,1,41.6,Night,Team-C
PROD-01290,2024-09-21,Final Assembly,86,78,73,5,8,66.2,Night,Team-C
PROD-01291,2023-07-10,Payload Assembly,54,52,50,2,2,56.7,Night,Team-B
PROD-01292,2024-03-21,Battery Installation,21,19,19,0,2,65.2,Day,Team-A
PROD-01293,2024-03-15,Battery Installation,43,41,40,1,2,61.8,Night,Team-C
PROD-01294,2023-06-02,Wing Assembly,84,76,72,4,8,35.5,Swing,Team-C
PROD-01295,2023-07-21,Final Assembly,21,20,19,1,1,57.1,Day,Team-A
PROD-01296,2023-11-09,Final Assembly,72,68,65,3,4,51.5,Swing,Team-A
PROD-01297,2023-04-19,Battery Installation,31,29,27,2,2,43.6,Day,Team-B
PROD-01298,2023-12-04,Final Assembly,28,26,25,1,2,59.1,Night,Team-C
PROD-01299,2023-01-17,Payload Assembly,73,72,72,0,1,44.8,Swing,Team-B
PROD-01300,2023-07-09,Wing Assembly,52,48,45,3,4,47.1,Swing,Team-C
PROD-01301,2023-01-04,Motor Installation,82,79,74,5,3,56.5,Swing,Team-C
PROD-01302,2023-05-30,Battery Installation,28,27,27,0,1,63.3,Day,Team-B
PROD-01303,2023-09-22,Wing Assembly,91,86,80,6,5,56.1,Night,Team-C
PROD-01304,2024-03-01,Final Assembly,84,78,73,5,6,54.8,Day,Team-B
PROD-01305,2024-08-04,Final Assembly,36,35,34,1,1,46.9,Night,Team-D
PROD-01306,2024-12-23,Final Assembly,98,90,79,11,8,55.3,Swing,Team-C
PROD-01307,2024-02-06,End-of-Line Test,97,90,77,13,7,61.9,Day,Team-B
PROD-01308,2023-05-17,Battery Installation,84,82,80,2,2,49.3,Swing,Team-D
PROD-01309,2024-01-26,Battery Installation,75,70,65,5,5,46.4,Swing,Team-C
PROD-01310,2024-04-22,Wing Assembly,32,30,27,3,2,38.8,Night,Team-D
PROD-01311,2023-11-25,Final Assembly,30,28,25,3,2,55.8,Night,Team-D
PROD-01312,2024-01-05,End-of-Line Test,35,32,30,2,3,49.3,Day,Team-A
PROD-01313,2023-12-03,Motor Installation,24,23,22,1,1,49.5,Night,Team-A
PROD-01314,2024-04-29,Payload Assembly,87,79,72,7,8,61.9,Swing,Team-D
PROD-01315,2023-03-29,Battery Installation,35,33,31,2,2,40.0,Swing,Team-B
PROD-01316,2024-05-09,End-of-Line Test,20,17,16,1,3,72.2,Night,Team-B
PROD-01317,2024-09-06,Wing Assembly,39,36,33,3,3,57.5,Night,Team-A
PROD-01318,2024-01-26,Payload Assembly,43,39,36,3,4,71.7,Night,Team-C
PROD-01319,2024-08-11,Battery Installation,95,93,91,2,2,56.8,Swing,Team-C
PROD-01320,2024-10-14,Wing Assembly,78,72,66,6,6,49.6,Day,Team-C
PROD-01321,2023-05-26,Wing Assembly,30,28,27,1,2,50.5,Day,Team-D
PROD-01322,2023-10-02,Motor Installation,86,83,78,5,3,32.5,Day,Team-B
PROD-01323,2024-06-08,Battery Installation,74,69,66,3,5,58.0,Day,Team-A
PROD-01324,2024-07-25,Motor Installation,73,71,70,1,2,45.0,Night,Team-A
PROD-01325,2024-03-26,End-of-Line Test,34,31,30,1,3,46.8,Day,Team-D
PROD-01326,2023-09-08,Wing Assembly,91,85,81,4,6,43.7,Night,Team-C
PROD-01327,2024-07-21,Battery Installation,68,65,63,2,3,52.8,Night,Team-C
PROD-01328,2024-07-18,Motor Installation,85,81,73,8,4,43.6,Day,Team-B
PROD-01329,2023-02-12,End-of-Line Test,52,48,45,3,4,59.9,Swing,Team-C
PROD-01330,2023-04-26,Final Assembly,38,35,34,1,3,54.0,Swing,Team-D
PROD-01331,2023-08-13,Payload Assembly,95,89,82,7,6,52.6,Night,Team-A
PROD-01332,2024-05-13,End-of-Line Test,87,76,69,7,11,61.2,Swing,Team-A
PROD-01333,2023-08-02,Motor Installation,40,38,37,1,2,39.7,Night,Team-B
PROD-01334,2023-07-02,Wing Assembly,62,59,51,8,3,26.6,Day,Team-D
PROD-01335,2024-03-11,Payload Assembly,96,90,83,7,6,46.3,Swing,Team-A
PROD-01336,2024-08-13,Motor Installation,22,21,19,2,1,34.0,Swing,Team-C
PROD-01337,2023-02-27,End-of-Line Test,86,76,67,9,10,61.4,Day,Team-B
PROD-01338,2023-07-16,Payload Assembly,31,29,27,2,2,55.9,Day,Team-A
PROD-01339,2024-01-01,Motor Installation,85,82,80,2,3,54.7,Night,Team-A
PROD-01340,2024-11-19,Motor Installation,53,48,44,4,5,50.2,Night,Team-B
PROD-01341,2024-08-19,Wing Assembly,87,81,78,3,6,34.9,Night,Team-C
PROD-01342,2023-02-20,Final Assembly,66,63,58,5,3,56.0,Day,Team-C
PROD-01343,2024-03-17,Wing Assembly,84,80,77,3,4,39.3,Swing,Team-B
PROD-01344,2023-09-19,Battery Installation,35,33,33,0,2,63.5,Day,Team-D
PROD-01345,2023-02-24,Motor Installation,87,83,77,6,4,53.2,Night,Team-D
PROD-01346,2024-10-18,Battery Installation,55,52,49,3,3,56.4,Swing,Team-A
PROD-01347,2023-07-22,Payload Assembly,53,51,49,2,2,53.6,Day,Team-B
PROD-01348,2023-01-26,Battery Installation,82,79,78,1,3,41.4,Night,Team-D
PROD-01349,2023-05-19,End-of-Line Test,74,65,59,6,9,38.3,Day,Team-B
PROD-01350,2023-04-30,Final Assembly,57,54,51,3,3,56.6,Day,Team-D
PROD-01351,2024-04-16,Wing Assembly,100,94,86,8,6,41.1,Swing,Team-A
PROD-01352,2024-08-07,Battery Installation,57,54,53,1,3,65.5,Day,Team-A
PROD-01353,2024-12-24,Payload Assembly,53,50,46,4,3,44.4,Swing,Team-C
PROD-01354,2024-07-12,End-of-Line Test,94,88,80,8,6,65.8,Night,Team-A
PROD-01355,2024-03-02,Final Assembly,58,54,48,6,4,53.6,Day,Team-A
PROD-01356,2024-10-28,Wing Assembly,84,76,72,4,8,51.9,Day,Team-C
PROD-01357,2023-04-05,Wing Assembly,62,58,52,6,4,46.9,Day,Team-A
PROD-01358,2024-07-29,Battery Installation,94,91,89,2,3,60.6,Day,Team-A
PROD-01359,2023-01-04,Final Assembly,94,87,83,4,7,58.6,Swing,Team-A
PROD-01360,2024-06-11,Motor Installation,24,22,20,2,2,49.4,Day,Team-B
PROD-01361,2023-05-17,Motor Installation,81,78,75,3,3,45.3,Swing,Team-A
PROD-01362,2024-06-07,Battery Installation,90,84,79,5,6,48.8,Night,Team-B
PROD-01363,2024-03-10,Battery Installation,83,82,82,0,1,58.9,Swing,Team-C
PROD-01364,2024-02-21,Battery Installation,90,85,82,3,5,43.5,Swing,Team-A
PROD-01365,2024-09-15,Payload Assembly,26,25,24,1,1,49.6,Day,Team-D
PROD-01366,2023-08-02,Battery Installation,66,64,62,2,2,65.0,Night,Team-D
PROD-01367,2023-07-20,Motor Installation,60,58,55,3,2,37.9,Swing,Team-C
PROD-01368,2024-07-07,Motor Installation,46,42,39,3,4,56.7,Swing,Team-B
PROD-01369,2024-08-03,End-of-Line Test,62,58,53,5,4,66.9,Swing,Team-B
PROD-01370,2024-01-30,Payload Assembly,20,19,18,1,1,55.6,Swing,Team-C
PROD-01371,2024-12-14,Battery Installation,38,37,36,1,1,44.5,Day,Team-A
PROD-01372,2023-09-19,Motor Installation,70,65,63,2,5,29.5,Day,Team-B
PROD-01373,2023-12-14,Motor Installation,91,86,83,3,5,53.8,Night,Team-C
PROD-01374,2023-04-27,End-of-Line Test,34,29,27,2,5,52.5,Night,Team-D
PROD-01375,2023-05-17,Payload Assembly,86,81,76,5,5,53.2,Night,Team-D
PROD-01376,2024-11-30,Payload Assembly,87,82,76,6,5,68.2,Swing,Team-B
PROD-01377,2023-04-20,Motor Installation,69,64,60,4,5,40.8,Swing,Team-D
PROD-01378,2023-09-16,Motor Installation,52,49,47,2,3,43.7,Day,Team-A
PROD-01379,2024-03-31,Payload Assembly,56,53,51,2,3,63.3,Day,Team-C
PROD-01380,2024-04-06,End-of-Line Test,97,88,81,7,9,65.4,Swing,Team-D
PROD-01381,2024-02-23,End-of-Line Test,56,51,46,5,5,72.2,Swing,Team-D
PROD-01382,2024-11-21,Final Assembly,62,59,54,5,3,65.7,Swing,Team-C
PROD-01383,2023-05-28,Motor Installation,75,73,68,5,2,44.8,Day,Team-D
PROD-01384,2023-04-05,End-of-Line Test,74,68,61,7,6,62.8,Night,Team-C
PROD-01385,2023-06-19,Battery Installation,52,50,49,1,2,27.8,Day,Team-C
PROD-01386,2024-06-13,Payload Assembly,56,54,53,1,2,56.4,Day,Team-B
PROD-01387,2023-09-24,Final Assembly,60,56,49,7,4,55.7,Day,Team-B
PROD-01388,2024-11-17,Final Assembly,98,93,84,9,5,52.0,Day,Team-B
PROD-01389,2023-07-29,Wing Assembly,81,76,72,4,5,52.3,Day,Team-C
PROD-01390,2023-12-26,Wing Assembly,83,78,67,11,5,42.7,Swing,Team-B
PROD-01391,2023-09-25,Wing Assembly,92,89,86,3,3,44.8,Day,Team-A
PROD-01392,2024-11-09,Payload Assembly,74,70,67,3,4,58.3,Night,Team-D
PROD-01393,2024-03-25,Motor Installation,70,67,66,1,3,55.8,Day,Team-D
PROD-01394,2024-09-21,End-of-Line Test,57,52,49,3,5,58.5,Swing,Team-B
PROD-01395,2023-07-07,Motor Installation,64,62,59,3,2,27.6,Swing,Team-B
PROD-01396,2023-10-09,Final Assembly,35,31,27,4,4,53.7,Night,Team-D
PROD-01397,2024-07-18,Final Assembly,59,55,51,4,4,56.8,Day,Team-D
PROD-01398,2024-06-17,Payload Assembly,34,32,30,2,2,57.9,Day,Team-A
PROD-01399,2023-08-28,Wing Assembly,61,56,51,5,5,54.3,Swing,Team-C
PROD-01400,2024-09-08,End-of-Line Test,41,35,31,4,6,65.5,Night,Team-A
PROD-01401,2024-10-29,Wing Assembly,74,70,66,4,4,46.9,Night,Team-B
PROD-01402,2023-08-16,Wing Assembly,47,42,39,3,5,36.5,Day,Team-A
PROD-01403,2023-02-16,Payload Assembly,38,37,37,0,1,62.5,Day,Team-C
PROD-01404,2023-12-25,End-of-Line Test,93,86,78,8,7,69.6,Day,Team-D
PROD-01405,2024-05-10,Final Assembly,28,26,25,1,2,43.5,Day,Team-C
PROD-01406,2023-07-18,Final Assembly,96,90,83,7,6,57.1,Day,Team-A
PROD-01407,2024-11-17,Payload Assembly,29,27,26,1,2,48.2,Swing,Team-B
PROD-01408,2023-08-04,Final Assembly,78,74,68,6,4,66.2,Night,Team-C
PROD-01409,2023-06-03,Motor Installation,44,43,41,2,1,43.6,Night,Team-A
PROD-01410,2023-11-20,End-of-Line Test,35,31,26,5,4,66.1,Night,Team-C
PROD-01411,2023-10-15,End-of-Line Test,32,30,27,3,2,53.4,Night,Team-B
PROD-01412,2024-01-25,Battery Installation,38,37,36,1,1,54.6,Swing,Team-A
PROD-01413,2023-04-26,Battery Installation,94,91,87,4,3,54.5,Night,Team-A
PROD-01414,2024-05-29,Motor Installation,34,31,30,1,3,49.7,Swing,Team-C
PROD-01415,2023-06-24,Battery Installation,66,63,61,2,3,46.3,Day,Team-D
PROD-01416,2023-05-09,End-of-Line Test,22,19,18,1,3,55.1,Day,Team-C
PROD-01417,2024-08-01,Final Assembly,24,23,22,1,1,56.6,Swing,Team-D
PROD-01418,2024-01-09,Final Assembly,45,41,38,3,4,67.6,Day,Team-A
PROD-01419,2024-02-07,Payload Assembly,74,68,61,7,6,51.7,Day,Team-B
PROD-01420,2024-08-12,Payload Assembly,37,36,36,0,1,67.7,Swing,Team-B
PROD-01421,2023-02-07,Motor Installation,67,64,62,2,3,39.5,Day,Team-B
PROD-01422,2024-09-30,Final Assembly,53,49,45,4,4,68.3,Swing,Team-B
PROD-01423,2023-12-09,Wing Assembly,49,47,45,2,2,56.1,Day,Team-D
PROD-01424,2024-05-31,Payload Assembly,34,32,31,1,2,52.9,Night,Team-C
PROD-01425,2024-06-19,End-of-Line Test,74,70,62,8,4,55.6,Swing,Team-B
PROD-01426,2023-06-14,Battery Installation,51,48,46,2,3,43.7,Night,Team-A
PROD-01427,2023-05-06,Motor Installation,39,38,36,2,1,39.8,Day,Team-A
PROD-01428,2023-05-22,Final Assembly,48,46,43,3,2,42.7,Night,Team-B
PROD-01429,2024-11-03,Payload Assembly,46,42,38,4,4,60.3,Swing,Team-A
PROD-01430,2024-09-15,Wing Assembly,42,39,37,2,3,40.6,Swing,Team-A
PROD-01431,2024-03-15,Final Assembly,80,76,70,6,4,46.1,Day,Team-A
PROD-01432,2023-12-01,Wing Assembly,45,43,40,3,2,30.7,Day,Team-A
PROD-01433,2024-06-25,Final Assembly,38,35,33,2,3,50.7,Day,Team-B
PROD-01434,2024-11-23,Payload Assembly,83,80,78,2,3,68.9,Day,Team-B
PROD-01435,2023-10-10,Final Assembly,77,73,66,7,4,56.9,Night,Team-B
PROD-01436,2024-02-19,Wing Assembly,75,69,65,4,6,50.7,Night,Team-C
PROD-01437,2023-01-12,Battery Installation,79,77,75,2,2,52.2,Swing,Team-D
PROD-01438,2023-08-21,Final Assembly,23,20,19,1,3,59.9,Night,Team-C
PROD-01439,2023-12-10,Motor Installation,83,76,70,6,7,45.9,Night,Team-B
PROD-01440,2024-09-11,Final Assembly,70,67,61,6,3,52.2,Swing,Team-A
PROD-01441,2024-03-19,Wing Assembly,49,45,43,2,4,57.7,Swing,Team-B
PROD-01442,2024-07-26,Wing Assembly,41,38,35,3,3,38.2,Swing,Team-C
PROD-01443,2023-12-10,Motor Installation,49,46,44,2,3,55.2,Day,Team-D
PROD-01444,2023-05-20,Battery Installation,99,93,80,13,6,57.4,Swing,Team-B
PROD-01445,2023-03-22,Motor Installation,53,51,50,1,2,28.5,Night,Team-C
PROD-01446,2023-11-10,Final Assembly,34,31,30,1,3,46.5,Night,Team-C
PROD-01447,2024-04-25,Final Assembly,82,76,66,10,6,61.3,Swing,Team-D
PROD-01448,2024-02-10,Final Assembly,22,20,18,2,2,45.5,Day,Team-B
PROD-01449,2023-10-02,Battery Installation,40,39,39,0,1,47.3,Day,Team-A
PROD-01450,2024-10-10,Payload Assembly,80,72,68,4,8,55.9,Night,Team-B
PROD-01451,2024-11-07,Motor Installation,24,23,22,1,1,36.7,Night,Team-D
PROD-01452,2023-10-28,Final Assembly,33,30,28,2,3,46.2,Day,Team-A
PROD-01453,2023-04-25,Motor Installation,65,63,60,3,2,59.0,Day,Team-A
PROD-01454,2023-07-12,Battery Installation,23,22,21,1,1,61.9,Night,Team-A
PROD-01455,2023-01-20,Payload Assembly,66,61,58,3,5,51.5,Day,Team-B
PROD-01456,2024-12-24,Final Assembly,71,65,62,3,6,51.5,Swing,Team-A
PROD-01457,2024-07-27,Wing Assembly,33,30,28,2,3,40.5,Day,Team-B
PROD-01458,2024-07-22,Motor Installation,100,93,83,10,7,46.3,Day,Team-D
PROD-01459,2023-12-26,Battery Installation,69,65,62,3,4,49.0,Swing,Team-A
PROD-01460,2024-04-08,Final Assembly,40,37,33,4,3,70.5,Swing,Team-D
PROD-01461,2023-05-30,Wing Assembly,57,51,46,5,6,47.0,Day,Team-D
PROD-01462,2024-02-14,Wing Assembly,76,71,68,3,5,33.6,Night,Team-D
PROD-01463,2024-01-12,Wing Assembly,44,41,38,3,3,48.4,Night,Team-B
PROD-01464,2024-09-20,Battery Installation,22,21,20,1,1,45.5,Night,Team-A
PROD-01465,2023-06-14,Motor Installation,46,44,42,2,2,43.2,Night,Team-C
PROD-01466,2024-09-14,Motor Installation,58,56,54,2,2,54.0,Night,Team-C
PROD-01467,2023-05-10,Final Assembly,90,85,79,6,5,54.6,Swing,Team-A
PROD-01468,2023-11-15,Battery Installation,80,77,72,5,3,38.9,Day,Team-D
PROD-01469,2023-07-15,Battery Installation,31,30,29,1,1,53.6,Day,Team-A
PROD-01470,2023-11-23,Motor Installation,54,51,49,2,3,55.4,Day,Team-A
PROD-01471,2024-10-06,Battery Installation,59,58,58,0,1,47.7,Day,Team-B
PROD-01472,2024-01-14,Motor Installation,100,95,91,4,5,46.3,Swing,Team-A
PROD-01473,2023-04-15,Wing Assembly,27,25,24,1,2,42.2,Swing,Team-B
PROD-01474,2023-10-09,Payload Assembly,48,45,43,2,3,47.8,Swing,Team-B
PROD-01475,2024-02-17,End-of-Line Test,37,33,30,3,4,63.5,Night,Team-A
PROD-01476,2024-05-30,Final Assembly,98,94,85,9,4,45.8,Swing,Team-D
PROD-01477,2023-12-27,Motor Installation,96,92,85,7,4,61.0,Night,Team-A
PROD-01478,2023-07-16,Battery Installation,32,31,30,1,1,57.5,Night,Team-A
PROD-01479,2024-10-15,Motor Installation,29,27,27,0,2,45.4,Night,Team-B
PROD-01480,2023-09-28,Wing Assembly,31,29,26,3,2,42.5,Day,Team-A
PROD-01481,2023-03-23,End-of-Line Test,97,89,83,6,8,66.8,Day,Team-B
PROD-01482,2023-10-06,Motor Installation,89,86,83,3,3,46.5,Night,Team-C
PROD-01483,2023-01-12,Motor Installation,59,56,51,5,3,57.7,Night,Team-B
PROD-01484,2024-11-14,Motor Installation,41,37,35,2,4,45.0,Day,Team-B
PROD-01485,2024-06-09,Payload Assembly,47,45,43,2,2,55.4,Day,Team-C
PROD-01486,2023-12-07,Final Assembly,44,41,37,4,3,55.6,Day,Team-A
PROD-01487,2023-09-07,Wing Assembly,74,67,62,5,7,59.9,Swing,Team-C
PROD-01488,2024-02-17,Wing Assembly,59,57,55,2,2,43.6,Night,Team-D
PROD-01489,2024-11-22,End-of-Line Test,70,61,55,6,9,53.6,Day,Team-A
PROD-01490,2024-02-10,Payload Assembly,100,94,83,11,6,48.7,Night,Team-D
PROD-01491,2023-10-26,Motor Installation,24,22,21,1,2,35.0,Swing,Team-C
PROD-01492,2024-02-15,Wing Assembly,32,29,28,1,3,51.2,Swing,Team-C
PROD-01493,2024-03-21,Battery Installation,24,23,22,1,1,29.9,Day,Team-C
PROD-01494,2023-11-21,Payload Assembly,20,19,19,0,1,52.2,Day,Team-A
PROD-01495,2024-05-14,Payload Assembly,42,39,36,3,3,53.5,Swing,Team-C
PROD-01496,2023-08-23,Final Assembly,51,47,44,3,4,49.9,Night,Team-D
PROD-01497,2024-06-20,Payload Assembly,55,53,51,2,2,56.0,Swing,Team-B
PROD-01498,2024-07-13,Battery Installation,73,70,66,4,3,64.8,Day,Team-A
PROD-01499,2024-06-20,Wing Assembly,90,85,81,4,5,38.9,Swing,Team-A
PROD-01500,2023-06-15,End-of-Line Test,66,60,49,11,6,70.6,Swing,Team-C
PROD-01501,2023-04-26,Motor Installation,39,38,38,0,1,42.1,Day,Team-B
PROD-01502,2023-02-08,End-of-Line Test,50,46,43,3,4,57.5,Swing,Team-C
PROD-01503,2023-06-26,Payload Assembly,45,42,39,3,3,70.0,Night,Team-B
PROD-01504,2024-11-19,Final Assembly,40,38,36,2,2,58.0,Day,Team-C
PROD-01505,2023-07-06,Battery Installation,46,45,45,0,1,54.5,Day,Team-B
PROD-01506,2024-04-08,Motor Installation,81,74,69,5,7,47.5,Day,Team-A
PROD-01507,2024-03-21,Payload Assembly,94,88,82,6,6,45.6,Swing,Team-C
PROD-01508,2023-06-19,Battery Installation,37,36,36,0,1,47.4,Swing,Team-D
PROD-01509,2024-06-24,Final Assembly,88,84,76,8,4,49.6,Night,Team-C
PROD-01510,2024-12-20,Motor Installation,80,77,74,3,3,34.5,Day,Team-C
PROD-01511,2023-04-23,Final Assembly,72,69,62,7,3,54.2,Day,Team-A
PROD-01512,2024-06-17,End-of-Line Test,49,45,42,3,4,45.2,Swing,Team-A
PROD-01513,2024-08-09,Battery Installation,61,59,58,1,2,37.9,Swing,Team-D
PROD-01514,2024-07-16,Final Assembly,79,74,69,5,5,63.0,Day,Team-C
PROD-01515,2023-04-04,Final Assembly,37,34,29,5,3,48.5,Day,Team-B
PROD-01516,2024-03-15,Battery Installation,45,44,43,1,1,47.2,Swing,Team-C
PROD-01517,2024-09-12,End-of-Line Test,47,43,40,3,4,69.5,Night,Team-D
PROD-01518,2024-05-07,Battery Installation,69,65,61,4,4,54.7,Day,Team-D
PROD-01519,2023-05-24,Final Assembly,96,89,79,10,7,61.5,Swing,Team-C
PROD-01520,2023-12-29,Wing Assembly,64,61,57,4,3,53.4,Swing,Team-D
PROD-01521,2024-03-25,Battery Installation,91,88,86,2,3,48.6,Night,Team-B
PROD-01522,2023-04-29,Motor Installation,52,48,43,5,4,44.9,Night,Team-A
PROD-01523,2023-09-10,Battery Installation,64,61,58,3,3,45.9,Day,Team-B
PROD-01524,2024-06-10,Payload Assembly,94,90,85,5,4,53.4,Day,Team-A
PROD-01525,2023-12-14,Wing Assembly,90,85,81,4,5,32.8,Night,Team-C
PROD-01526,2023-03-08,Battery Installation,87,82,79,3,5,40.6,Night,Team-C
PROD-01527,2024-10-14,End-of-Line Test,25,23,20,3,2,59.2,Day,Team-C
PROD-01528,2023-02-25,Final Assembly,52,47,43,4,5,44.4,Night,Team-B
PROD-01529,2023-04-10,Wing Assembly,90,86,83,3,4,52.9,Swing,Team-C
PROD-01530,2023-12-06,Motor Installation,99,95,90,5,4,42.8,Swing,Team-A
PROD-01531,2024-01-19,Motor Installation,68,64,60,4,4,62.1,Swing,Team-D
PROD-01532,2024-05-19,Wing Assembly,83,77,69,8,6,51.6,Swing,Team-C
PROD-01533,2023-08-21,Wing Assembly,34,31,28,3,3,51.7,Swing,Team-C
PROD-01534,2023-09-07,End-of-Line Test,42,40,37,3,2,56.2,Swing,Team-A
PROD-01535,2024-11-20,Final Assembly,66,61,56,5,5,56.6,Night,Team-B
PROD-01536,2024-08-23,Payload Assembly,73,68,64,4,5,58.4,Day,Team-C
PROD-01537,2023-10-10,Final Assembly,78,72,67,5,6,52.0,Night,Team-D
PROD-01538,2023-05-12,Final Assembly,52,47,43,4,5,52.0,Night,Team-C
PROD-01539,2023-08-03,Wing Assembly,62,57,54,3,5,55.9,Day,Team-C
PROD-01540,2024-04-29,Wing Assembly,90,84,79,5,6,58.2,Day,Team-D
PROD-01541,2023-02-18,Wing Assembly,23,22,20,2,1,57.0,Day,Team-A
PROD-01542,2023-02-28,Motor Installation,53,48,45,3,5,56.0,Swing,Team-A
PROD-01543,2023-07-24,Payload Assembly,77,74,72,2,3,62.6,Swing,Team-A
PROD-01544,2024-01-06,Battery Installation,30,28,27,1,2,55.1,Swing,Team-B
PROD-01545,2023-03-31,Wing Assembly,51,48,43,5,3,54.6,Night,Team-B
PROD-01546,2024-06-07,Wing Assembly,68,64,57,7,4,52.4,Night,Team-A
PROD-01547,2023-06-07,Wing Assembly,75,69,62,7,6,43.9,Swing,Team-C
PROD-01548,2023-10-11,Wing Assembly,36,34,32,2,2,43.9,Day,Team-C
PROD-01549,2024-07-01,Final Assembly,50,47,45,2,3,55.7,Day,Team-A
PROD-01550,2023-01-20,Battery Installation,30,29,27,2,1,59.3,Swing,Team-A
PROD-01551,2024-05-18,End-of-Line Test,98,85,74,11,13,59.1,Day,Team-D
PROD-01552,2024-09-26,Battery Installation,67,63,60,3,4,50.4,Night,Team-D
PROD-01553,2023-12-24,Final Assembly,81,75,69,6,6,49.7,Swing,Team-D
PROD-01554,2023-04-09,Wing Assembly,47,42,39,3,5,59.0,Day,Team-A
PROD-01555,2024-05-12,Wing Assembly,100,91,85,6,9,57.7,Night,Team-D
PROD-01556,2024-04-10,Motor Installation,34,32,30,2,2,31.3,Swing,Team-B
PROD-01557,2024-02-16,Battery Installation,49,48,46,2,1,45.2,Night,Team-A
PROD-01558,2023-10-28,Final Assembly,92,84,74,10,8,53.3,Swing,Team-B
PROD-01559,2023-01-06,Battery Installation,38,37,36,1,1,58.4,Day,Team-C
PROD-01560,2024-06-21,Payload Assembly,98,96,94,2,2,52.1,Day,Team-C
PROD-01561,2024-12-02,Motor Installation,73,72,70,2,1,48.4,Swing,Team-D
PROD-01562,2024-01-25,End-of-Line Test,75,70,60,10,5,47.6,Swing,Team-D
PROD-01563,2024-03-30,Wing Assembly,100,94,90,4,6,65.8,Night,Team-C
PROD-01564,2024-08-07,End-of-Line Test,29,27,24,3,2,51.8,Day,Team-D
PROD-01565,2023-06-20,End-of-Line Test,52,49,43,6,3,60.8,Swing,Team-D
PROD-01566,2023-01-06,Payload Assembly,33,30,29,1,3,57.7,Swing,Team-D
PROD-01567,2023-12-07,Payload Assembly,73,70,67,3,3,54.0,Swing,Team-C
PROD-01568,2023-10-08,Final Assembly,71,67,64,3,4,45.1,Day,Team-C
PROD-01569,2023-06-27,Motor Installation,33,31,28,3,2,35.1,Night,Team-A
PROD-01570,2023-03-30,Payload Assembly,96,93,89,4,3,60.7,Day,Team-D
PROD-01571,2023-12-09,Battery Installation,79,78,78,0,1,55.5,Night,Team-B
PROD-01572,2024-01-11,Final Assembly,68,64,61,3,4,58.1,Day,Team-C
PROD-01573,2023-03-12,Wing Assembly,100,97,94,3,3,38.3,Swing,Team-C
PROD-01574,2024-03-30,Final Assembly,81,74,62,12,7,58.9,Day,Team-B
PROD-01575,2024-11-18,Payload Assembly,85,81,78,3,4,65.0,Swing,Team-A
PROD-01576,2023-01-04,End-of-Line Test,24,21,20,1,3,65.4,Night,Team-D
PROD-01577,2023-08-07,Payload Assembly,75,72,70,2,3,56.6,Night,Team-C
PROD-01578,2023-12-12,Battery Installation,97,94,86,8,3,52.5,Swing,Team-B
PROD-01579,2024-03-10,Motor Installation,52,50,46,4,2,37.7,Swing,Team-C
PROD-01580,2023-05-09,Wing Assembly,58,55,53,2,3,37.2,Swing,Team-B
PROD-01581,2023-12-17,End-of-Line Test,64,58,50,8,6,53.1,Day,Team-B
PROD-01582,2024-06-17,Wing Assembly,49,47,43,4,2,23.0,Swing,Team-C
PROD-01583,2024-01-18,Motor Installation,69,64,62,2,5,39.7,Day,Team-D
PROD-01584,2023-09-06,Motor Installation,99,93,89,4,6,58.0,Night,Team-D
PROD-01585,2024-03-17,Wing Assembly,28,26,25,1,2,41.0,Night,Team-C
PROD-01586,2024-05-05,Final Assembly,59,55,48,7,4,52.0,Swing,Team-A
PROD-01587,2023-06-15,Wing Assembly,27,24,22,2,3,43.6,Day,Team-D
PROD-01588,2024-02-17,Battery Installation,68,65,63,2,3,47.5,Night,Team-C
PROD-01589,2024-07-09,Wing Assembly,41,38,34,4,3,31.4,Swing,Team-B
PROD-01590,2024-04-22,Wing Assembly,34,32,31,1,2,47.0,Day,Team-D
PROD-01591,2024-05-26,Battery Installation,33,31,29,2,2,40.7,Swing,Team-D
PROD-01592,2023-09-29,End-of-Line Test,78,72,67,5,6,62.6,Day,Team-D
PROD-01593,2023-03-26,Payload Assembly,29,27,25,2,2,62.4,Day,Team-D
PROD-01594,2024-11-28,Final Assembly,53,50,47,3,3,61.1,Day,Team-C
PROD-01595,2024-06-21,Final Assembly,69,60,55,5,9,60.9,Night,Team-A
PROD-01596,2024-11-11,Battery Installation,73,72,72,0,1,54.0,Swing,Team-C
PROD-01597,2023-03-25,Payload Assembly,99,97,93,4,2,61.3,Day,Team-A
PROD-01598,2023-05-24,End-of-Line Test,26,23,21,2,3,73.6,Swing,Team-C
PROD-01599,2023-11-12,Battery Installation,87,84,78,6,3,57.4,Night,Team-D
PROD-01600,2023-08-21,End-of-Line Test,29,27,24,3,2,66.1,Swing,Team-B
PROD-01601,2023-02-13,Battery Installation,52,48,45,3,4,58.5,Night,Team-D
PROD-01602,2023-05-29,Wing Assembly,73,70,64,6,3,50.0,Day,Team-C
PROD-01603,2024-02-15,Wing Assembly,39,35,33,2,4,49.6,Day,Team-A
PROD-01604,2024-11-21,Payload Assembly,90,85,80,5,5,47.6,Swing,Team-D
PROD-01605,2023-09-16,Wing Assembly,51,47,43,4,4,30.2,Swing,Team-A
PROD-01606,2023-01-03,End-of-Line Test,93,87,74,13,6,69.1,Night,Team-D
PROD-01607,2023-01-01,Final Assembly,22,20,20,0,2,73.2,Day,Team-A
PROD-01608,2023-10-25,Motor Installation,98,94,92,2,4,55.1,Night,Team-D
PROD-01609,2023-03-31,Battery Installation,27,25,23,2,2,49.0,Swing,Team-B
PROD-01610,2023-02-22,Final Assembly,35,32,29,3,3,54.4,Night,Team-A
PROD-01611,2024-02-12,Battery Installation,41,40,39,1,1,45.5,Day,Team-D
PROD-01612,2023-07-30,Battery Installation,97,96,94,2,1,41.8,Swing,Team-C
PROD-01613,2024-04-05,Battery Installation,73,69,64,5,4,60.9,Day,Team-C
PROD-01614,2024-01-29,Final Assembly,48,45,43,2,3,53.5,Night,Team-A
PROD-01615,2023-12-16,Motor Installation,83,80,76,4,3,40.9,Swing,Team-B
PROD-01616,2024-07-14,Battery Installation,29,26,25,1,3,47.0,Swing,Team-B
PROD-01617,2024-11-14,Final Assembly,53,50,45,5,3,59.4,Night,Team-B
PROD-01618,2024-03-03,Payload Assembly,61,56,54,2,5,41.1,Swing,Team-A
PROD-01619,2023-11-04,End-of-Line Test,24,21,19,2,3,74.0,Swing,Team-D
PROD-01620,2024-12-11,End-of-Line Test,44,38,34,4,6,57.2,Day,Team-D
PROD-01621,2024-01-09,End-of-Line Test,41,36,32,4,5,51.2,Day,Team-A
PROD-01622,2023-03-16,Payload Assembly,23,21,20,1,2,54.6,Day,Team-C
PROD-01623,2023-03-08,End-of-Line Test,24,22,19,3,2,69.5,Swing,Team-C
PROD-01624,2024-10-05,Payload Assembly,97,90,85,5,7,53.8,Day,Team-D
PROD-01625,2024-12-30,End-of-Line Test,69,61,56,5,8,62.7,Night,Team-B
PROD-01626,2023-09-21,Battery Installation,89,86,84,2,3,48.5,Night,Team-D
PROD-01627,2023-05-16,Battery Installation,71,70,70,0,1,54.8,Swing,Team-C
PROD-01628,2024-09-05,Battery Installation,33,32,32,0,1,62.3,Swing,Team-A
PROD-01629,2023-03-30,Payload Assembly,51,49,48,1,2,51.6,Swing,Team-D
PROD-01630,2023-03-17,End-of-Line Test,93,84,75,9,9,69.3,Day,Team-C
PROD-01631,2023-07-04,Payload Assembly,51,48,43,5,3,53.5,Swing,Team-B
PROD-01632,2023-04-27,Payload Assembly,90,87,83,4,3,50.1,Swing,Team-B
PROD-01633,2024-04-23,Motor Installation,70,66,63,3,4,58.7,Swing,Team-C
PROD-01634,2023-01-15,Motor Installation,76,74,71,3,2,41.0,Night,Team-C
PROD-01635,2023-04-08,Wing Assembly,55,51,46,5,4,35.4,Night,Team-D
PROD-01636,2023-01-13,Final Assembly,40,37,35,2,3,63.9,Night,Team-D
PROD-01637,2023-10-13,Payload Assembly,100,94,89,5,6,61.2,Day,Team-B
PROD-01638,2023-05-08,Motor Installation,96,90,85,5,6,55.3,Swing,Team-B
PROD-01639,2023-12-07,Motor Installation,41,39,36,3,2,47.6,Day,Team-D
PROD-01640,2023-04-08,End-of-Line Test,98,92,83,9,6,69.8,Night,Team-B
PROD-01641,2023-11-08,Wing Assembly,38,36,34,2,2,41.9,Swing,Team-D
PROD-01642,2023-04-25,Motor Installation,39,36,34,2,3,47.4,Swing,Team-A
PROD-01643,2024-06-18,End-of-Line Test,34,31,28,3,3,54.5,Day,Team-C
PROD-01644,2024-11-13,Final Assembly,44,41,38,3,3,46.9,Swing,Team-A
PROD-01645,2024-08-28,Battery Installation,53,52,51,1,1,43.8,Swing,Team-C
PROD-01646,2024-05-22,Battery Installation,36,35,35,0,1,47.5,Swing,Team-D
PROD-01647,2024-02-19,Motor Installation,22,21,21,0,1,33.3,Day,Team-D
PROD-01648,2023-05-19,Battery Installation,90,87,82,5,3,49.3,Day,Team-B
PROD-01649,2024-09-17,Motor Installation,22,21,21,0,1,45.1,Night,Team-A
PROD-01650,2024-03-27,Motor Installation,47,44,42,2,3,34.5,Night,Team-C
PROD-01651,2023-07-14,Final Assembly,52,46,42,4,6,66.9,Swing,Team-D
PROD-01652,2024-12-17,End-of-Line Test,42,38,33,5,4,57.4,Night,Team-D
PROD-01653,2023-04-04,Final Assembly,47,44,41,3,3,62.9,Swing,Team-B
PROD-01654,2024-01-31,Motor Installation,29,28,27,1,1,39.3,Night,Team-C
PROD-01655,2024-02-23,Battery Installation,88,85,79,6,3,51.2,Night,Team-D
PROD-01656,2024-01-19,Final Assembly,76,69,63,6,7,45.9,Swing,Team-D
PROD-01657,2023-09-09,End-of-Line Test,54,47,43,4,7,64.2,Swing,Team-A
PROD-01658,2024-10-30,Final Assembly,79,71,66,5,8,55.5,Night,Team-D
PROD-01659,2023-08-02,Final Assembly,43,38,34,4,5,60.2,Swing,Team-C
PROD-01660,2023-03-28,Payload Assembly,59,54,47,7,5,67.0,Swing,Team-C
PROD-01661,2024-10-13,Motor Installation,59,56,52,4,3,56.1,Swing,Team-D
PROD-01662,2024-03-01,End-of-Line Test,53,48,44,4,5,66.7,Swing,Team-A
PROD-01663,2024-12-29,Payload Assembly,44,42,40,2,2,51.0,Swing,Team-C
PROD-01664,2023-10-07,Motor Installation,84,78,71,7,6,39.9,Swing,Team-A
PROD-01665,2023-07-03,Wing Assembly,92,87,76,11,5,60.3,Night,Team-C
PROD-01666,2024-08-05,Battery Installation,24,23,22,1,1,56.2,Swing,Team-A
PROD-01667,2024-01-28,End-of-Line Test,85,77,70,7,8,66.4,Night,Team-D
PROD-01668,2023-06-09,Payload Assembly,20,19,18,1,1,48.4,Night,Team-A
PROD-01669,2024-06-03,End-of-Line Test,89,82,76,6,7,66.0,Swing,Team-D
PROD-01670,2024-11-18,Final Assembly,48,45,41,4,3,60.3,Swing,Team-B
PROD-01671,2024-02-09,Wing Assembly,30,27,26,1,3,57.2,Swing,Team-C
PROD-01672,2024-06-13,Final Assembly,40,36,33,3,4,43.9,Swing,Team-D
PROD-01673,2024-06-29,End-of-Line Test,28,26,23,3,2,59.8,Day,Team-A
PROD-01674,2024-05-04,Wing Assembly,66,61,57,4,5,35.1,Night,Team-A
PROD-01675,2023-06-21,Battery Installation,40,39,39,0,1,49.0,Day,Team-D
PROD-01676,2024-02-05,Motor Installation,55,52,51,1,3,46.6,Day,Team-B
PROD-01677,2024-07-10,Payload Assembly,86,80,74,6,6,42.1,Swing,Team-B
PROD-01678,2023-05-28,Payload Assembly,82,79,71,8,3,55.2,Swing,Team-D
PROD-01679,2023-01-19,Motor Installation,37,34,33,1,3,42.7,Night,Team-C
PROD-01680,2024-06-10,Wing Assembly,77,72,62,10,5,47.6,Night,Team-A
PROD-01681,2023-08-13,Payload Assembly,93,88,82,6,5,55.5,Night,Team-A
PROD-01682,2024-05-11,End-of-Line Test,79,71,65,6,8,61.6,Swing,Team-D
PROD-01683,2024-08-31,Battery Installation,52,50,49,1,2,49.8,Swing,Team-A
PROD-01684,2023-10-14,Wing Assembly,27,25,24,1,2,39.5,Swing,Team-D
PROD-01685,2023-04-10,Motor Installation,99,93,90,3,6,44.0,Night,Team-C
PROD-01686,2024-06-22,Payload Assembly,48,43,40,3,5,44.1,Night,Team-A
PROD-01687,2023-12-19,Battery Installation,75,71,66,5,4,42.9,Night,Team-B
PROD-01688,2024-06-13,Battery Installation,70,67,64,3,3,47.8,Night,Team-B
PROD-01689,2023-08-02,Motor Installation,26,24,24,0,2,48.2,Swing,Team-B
PROD-01690,2024-07-21,Final Assembly,83,77,74,3,6,49.8,Night,Team-D
PROD-01691,2024-06-10,Payload Assembly,27,25,24,1,2,60.1,Swing,Team-B
PROD-01692,2023-09-08,Motor Installation,31,30,30,0,1,48.7,Night,Team-A
PROD-01693,2023-03-25,Final Assembly,21,20,19,1,1,42.9,Swing,Team-A
PROD-01694,2023-11-11,Motor Installation,55,53,52,1,2,47.5,Swing,Team-A
PROD-01695,2024-04-20,End-of-Line Test,80,73,68,5,7,47.6,Night,Team-C
PROD-01696,2024-02-06,Motor Installation,61,59,56,3,2,47.9,Night,Team-D
PROD-01697,2023-11-21,Final Assembly,70,66,61,5,4,52.7,Swing,Team-A
PROD-01698,2023-02-14,Battery Installation,60,55,52,3,5,42.0,Night,Team-D
PROD-01699,2024-05-13,Payload Assembly,68,63,58,5,5,53.0,Day,Team-B
PROD-01700,2023-09-09,Wing Assembly,79,73,68,5,6,53.0,Day,Team-A
PROD-01701,2024-03-20,End-of-Line Test,48,44,40,4,4,59.3,Swing,Team-C
PROD-01702,2023-08-28,Wing Assembly,32,29,28,1,3,51.4,Day,Team-B
PROD-01703,2024-11-08,Payload Assembly,79,74,71,3,5,37.8,Day,Team-C
PROD-01704,2024-03-25,Wing Assembly,100,91,79,12,9,39.6,Night,Team-D
PROD-01705,2024-02-12,Battery Installation,62,60,59,1,2,48.5,Swing,Team-A
PROD-01706,2023-03-26,Final Assembly,69,64,60,4,5,49.2,Night,Team-D
PROD-01707,2024-01-22,Motor Installation,85,81,76,5,4,44.2,Night,Team-C
PROD-01708,2024-03-25,Wing Assembly,25,23,22,1,2,49.8,Night,Team-C
PROD-01709,2024-10-28,Motor Installation,83,77,72,5,6,42.4,Day,Team-B
PROD-01710,2024-11-05,End-of-Line Test,71,65,58,7,6,64.9,Day,Team-D
PROD-01711,2023-12-06,End-of-Line Test,29,27,24,3,2,56.2,Day,Team-A
PROD-01712,2023-05-14,End-of-Line Test,70,63,55,8,7,51.8,Day,Team-C
PROD-01713,2023-11-24,Wing Assembly,81,70,64,6,11,41.7,Swing,Team-D
PROD-01714,2024-10-10,Final Assembly,82,75,67,8,7,55.2,Swing,Team-B
PROD-01715,2023-07-05,Battery Installation,90,88,84,4,2,52.6,Swing,Team-B
PROD-01716,2024-03-23,Battery Installation,40,38,37,1,2,56.2,Swing,Team-B
PROD-01717,2023-04-07,Payload Assembly,31,29,27,2,2,59.6,Day,Team-D
PROD-01718,2023-10-31,Wing Assembly,65,60,55,5,5,34.3,Day,Team-D
PROD-01719,2024-06-04,End-of-Line Test,42,39,32,7,3,51.3,Day,Team-A
PROD-01720,2023-10-18,Motor Installation,89,86,81,5,3,35.7,Night,Team-C
PROD-01721,2023-12-07,End-of-Line Test,30,26,24,2,4,70.4,Night,Team-B
PROD-01722,2024-06-04,Battery Installation,29,28,27,1,1,46.0,Night,Team-D
PROD-01723,2023-11-16,Wing Assembly,71,65,60,5,6,34.2,Day,Team-C
PROD-01724,2023-12-23,End-of-Line Test,41,36,30,6,5,61.6,Night,Team-A
PROD-01725,2024-02-17,Final Assembly,62,53,47,6,9,52.5,Day,Team-B
PROD-01726,2024-12-25,Final Assembly,46,42,39,3,4,58.0,Swing,Team-D
PROD-01727,2024-03-04,End-of-Line Test,99,93,82,11,6,79.9,Day,Team-A
PROD-01728,2024-07-05,Final Assembly,51,46,43,3,5,53.7,Night,Team-C
PROD-01729,2024-04-05,Motor Installation,85,82,75,7,3,45.0,Night,Team-C
PROD-01730,2024-04-25,Motor Installation,71,66,60,6,5,46.9,Night,Team-A
PROD-01731,2024-12-29,Final Assembly,27,23,21,2,4,57.5,Day,Team-C
PROD-01732,2024-05-26,Final Assembly,30,27,26,1,3,63.8,Night,Team-A
PROD-01733,2024-12-28,Battery Installation,36,34,33,1,2,44.6,Day,Team-C
PROD-01734,2024-04-07,Final Assembly,60,55,51,4,5,59.2,Night,Team-C
PROD-01735,2023-01-26,Motor Installation,72,66,61,5,6,52.5,Swing,Team-C
PROD-01736,2023-08-28,Battery Installation,58,55,52,3,3,48.6,Night,Team-C
PROD-01737,2023-01-29,Motor Installation,92,88,83,5,4,39.3,Swing,Team-D
PROD-01738,2023-09-21,Final Assembly,85,79,74,5,6,42.7,Swing,Team-B
PROD-01739,2023-07-09,Final Assembly,58,53,50,3,5,51.6,Day,Team-A
PROD-01740,2024-11-01,Motor Installation,44,43,42,1,1,40.0,Day,Team-B
PROD-01741,2023-06-05,Final Assembly,84,78,71,7,6,47.6,Night,Team-B
PROD-01742,2023-08-19,Wing Assembly,60,58,55,3,2,48.3,Day,Team-C
PROD-01743,2023-09-22,Payload Assembly,51,48,46,2,3,47.5,Day,Team-B
PROD-01744,2024-03-27,Final Assembly,87,83,76,7,4,53.5,Night,Team-B
PROD-01745,2023-09-26,Wing Assembly,23,22,21,1,1,52.5,Swing,Team-D
PROD-01746,2023-09-02,Payload Assembly,32,30,28,2,2,59.8,Swing,Team-B
PROD-01747,2024-05-01,Payload Assembly,57,53,50,3,4,57.6,Swing,Team-A
PROD-01748,2023-10-27,Motor Installation,95,87,81,6,8,59.4,Night,Team-A
PROD-01749,2024-11-05,Motor Installation,82,79,77,2,3,56.3,Day,Team-C
PROD-01750,2023-02-19,Final Assembly,45,42,39,3,3,57.5,Night,Team-B
PROD-01751,2023-01-14,End-of-Line Test,75,71,65,6,4,73.0,Night,Team-C
PROD-01752,2023-10-01,Payload Assembly,29,27,26,1,2,48.9,Day,Team-A
PROD-01753,2023-01-09,Final Assembly,75,72,68,4,3,68.5,Swing,Team-A
PROD-01754,2024-11-08,Motor Installation,38,35,33,2,3,63.3,Day,Team-A
PROD-01755,2023-09-13,Wing Assembly,85,82,78,4,3,37.4,Swing,Team-D
PROD-01756,2024-02-23,End-of-Line Test,41,37,33,4,4,57.0,Day,Team-A
PROD-01757,2023-04-18,Final Assembly,41,37,35,2,4,50.4,Night,Team-B
PROD-01758,2023-07-19,Final Assembly,80,76,71,5,4,60.6,Swing,Team-C
PROD-01759,2024-09-03,Payload Assembly,99,98,98,0,1,39.6,Day,Team-C
PROD-01760,2024-06-30,Payload Assembly,99,96,92,4,3,27.1,Day,Team-A
PROD-01761,2023-12-16,Final Assembly,37,34,33,1,3,66.7,Night,Team-C
PROD-01762,2024-08-14,Final Assembly,45,42,38,4,3,49.4,Swing,Team-B
PROD-01763,2023-07-30,Final Assembly,24,23,21,2,1,68.3,Night,Team-C
PROD-01764,2023-06-08,Payload Assembly,86,82,77,5,4,45.0,Night,Team-C
PROD-01765,2023-05-01,Motor Installation,35,34,33,1,1,46.8,Swing,Team-C
PROD-01766,2023-05-03,Payload Assembly,92,87,82,5,5,40.7,Swing,Team-A
PROD-01767,2024-07-26,Battery Installation,32,31,31,0,1,39.8,Day,Team-B
PROD-01768,2023-02-10,Final Assembly,32,29,26,3,3,50.0,Day,Team-A
PROD-01769,2023-02-06,Battery Installation,78,77,77,0,1,61.1,Swing,Team-B
PROD-01770,2024-06-20,Wing Assembly,28,25,23,2,3,42.7,Night,Team-A
PROD-01771,2024-12-02,Battery Installation,82,80,79,1,2,36.2,Swing,Team-D
PROD-01772,2023-10-14,Wing Assembly,25,23,21,2,2,46.9,Night,Team-A
PROD-01773,2024-06-22,Final Assembly,56,52,50,2,4,56.0,Day,Team-A
PROD-01774,2023-06-14,Motor Installation,66,63,57,6,3,35.6,Night,Team-A
PROD-01775,2023-05-04,Final Assembly,51,48,46,2,3,61.7,Night,Team-D
PROD-01776,2023-09-10,End-of-Line Test,32,30,27,3,2,68.0,Swing,Team-C
PROD-01777,2023-09-12,Wing Assembly,72,68,61,7,4,35.8,Swing,Team-B
PROD-01778,2024-03-19,Wing Assembly,80,76,72,4,4,55.5,Day,Team-B
PROD-01779,2024-07-24,Motor Installation,52,51,49,2,1,44.6,Day,Team-A
PROD-01780,2023-10-20,Final Assembly,76,69,63,6,7,44.6,Day,Team-C
PROD-01781,2024-02-04,Wing Assembly,38,35,31,4,3,47.7,Swing,Team-C
PROD-01782,2023-10-29,End-of-Line Test,26,24,20,4,2,69.1,Night,Team-D
PROD-01783,2024-08-23,Payload Assembly,51,48,43,5,3,64.1,Swing,Team-B
PROD-01784,2024-12-08,Final Assembly,58,51,47,4,7,47.9,Swing,Team-C
PROD-01785,2024-08-16,Payload Assembly,61,59,57,2,2,49.3,Day,Team-D
PROD-01786,2024-06-13,End-of-Line Test,73,67,62,5,6,51.9,Swing,Team-B
PROD-01787,2024-07-27,Payload Assembly,34,30,28,2,4,57.0,Day,Team-A
PROD-01788,2023-11-22,Wing Assembly,40,37,34,3,3,46.4,Day,Team-C
PROD-01789,2023-07-06,Payload Assembly,83,79,70,9,4,53.8,Day,Team-B
PROD-01790,2023-05-30,Battery Installation,98,96,95,1,2,47.9,Swing,Team-B
PROD-01791,2023-09-18,Payload Assembly,81,76,71,5,5,48.5,Day,Team-B
PROD-01792,2023-03-08,Wing Assembly,87,79,71,8,8,40.6,Night,Team-D
PROD-01793,2023-02-01,Motor Installation,99,94,90,4,5,41.6,Night,Team-A
PROD-01794,2023-08-07,Battery Installation,100,98,96,2,2,39.7,Swing,Team-D
PROD-01795,2023-04-09,Final Assembly,76,68,63,5,8,54.4,Day,Team-A
PROD-01796,2024-01-24,Battery Installation,59,56,54,2,3,48.9,Night,Team-B
PROD-01797,2023-09-27,Payload Assembly,28,25,24,1,3,49.0,Night,Team-D
PROD-01798,2024-09-20,Payload Assembly,92,90,87,3,2,44.3,Night,Team-D
PROD-01799,2024-09-02,Battery Installation,27,26,24,2,1,48.3,Day,Team-D
PROD-01800,2023-11-14,Motor Installation,91,86,80,6,5,41.6,Night,Team-B
PROD-01801,2024-11-09,Wing Assembly,28,25,24,1,3,49.5,Swing,Team-A
PROD-01802,2023-06-06,Motor Installation,21,19,18,1,2,62.6,Night,Team-A
PROD-01803,2024-01-27,Payload Assembly,38,36,35,1,2,60.8,Swing,Team-A
PROD-01804,2024-02-21,Motor Installation,89,87,85,2,2,49.3,Swing,Team-D
PROD-01805,2024-04-05,Final Assembly,40,37,36,1,3,54.8,Swing,Team-A
PROD-01806,2023-04-21,Motor Installation,24,22,21,1,2,43.4,Night,Team-C
PROD-01807,2024-05-16,Motor Installation,43,41,39,2,2,36.9,Swing,Team-D
PROD-01808,2024-04-17,Battery Installation,82,81,81,0,1,59.1,Night,Team-C
PROD-01809,2023-12-24,Motor Installation,55,53,53,0,2,47.9,Swing,Team-C
PROD-01810,2024-06-19,End-of-Line Test,21,18,16,2,3,70.8,Night,Team-A
PROD-01811,2023-03-30,Final Assembly,91,86,81,5,5,70.6,Night,Team-A
PROD-01812,2024-05-09,Final Assembly,70,65,62,3,5,50.1,Swing,Team-B
PROD-01813,2024-03-31,Motor Installation,44,42,41,1,2,55.2,Night,Team-B
PROD-01814,2023-08-23,End-of-Line Test,61,58,53,5,3,58.3,Night,Team-C
PROD-01815,2023-09-08,End-of-Line Test,43,38,33,5,5,52.0,Day,Team-B
PROD-01816,2024-03-20,Wing Assembly,90,85,76,9,5,43.9,Swing,Team-D
PROD-01817,2024-06-27,Final Assembly,42,40,38,2,2,71.4,Night,Team-C
PROD-01818,2023-06-16,Wing Assembly,28,26,24,2,2,45.2,Day,Team-D
PROD-01819,2024-05-28,Wing Assembly,25,23,19,4,2,60.8,Swing,Team-A
PROD-01820,2024-12-22,End-of-Line Test,80,70,61,9,10,64.6,Swing,Team-B
PROD-01821,2023-09-23,Payload Assembly,56,53,51,2,3,64.2,Swing,Team-A
PROD-01822,2024-12-23,Payload Assembly,91,88,84,4,3,50.7,Day,Team-C
PROD-01823,2024-12-30,Final Assembly,57,51,46,5,6,45.7,Swing,Team-A
PROD-01824,2023-03-20,Battery Installation,35,34,34,0,1,57.5,Night,Team-C
PROD-01825,2023-12-23,Payload Assembly,81,76,72,4,5,63.5,Day,Team-B
PROD-01826,2024-03-14,Battery Installation,92,86,82,4,6,47.5,Day,Team-D
PROD-01827,2023-12-20,Final Assembly,61,55,51,4,6,64.9,Day,Team-B
PROD-01828,2023-06-06,Battery Installation,61,59,54,5,2,50.6,Night,Team-A
PROD-01829,2024-08-14,Battery Installation,90,87,82,5,3,37.7,Swing,Team-A
PROD-01830,2024-10-19,Battery Installation,74,68,64,4,6,63.3,Day,Team-D
PROD-01831,2024-07-15,Payload Assembly,25,23,22,1,2,52.0,Night,Team-C
PROD-01832,2024-01-27,Wing Assembly,49,46,44,2,3,46.7,Day,Team-D
PROD-01833,2024-11-10,Motor Installation,36,32,30,2,4,44.0,Day,Team-A
PROD-01834,2024-12-08,Wing Assembly,52,49,45,4,3,59.6,Night,Team-C
PROD-01835,2024-09-08,Battery Installation,40,38,36,2,2,41.0,Night,Team-B
PROD-01836,2024-08-07,Wing Assembly,25,23,22,1,2,44.8,Night,Team-B
PROD-01837,2023-08-13,Motor Installation,68,61,55,6,7,53.4,Swing,Team-D
PROD-01838,2024-01-07,Wing Assembly,43,40,39,1,3,49.8,Night,Team-C
PROD-01839,2023-04-15,Battery Installation,94,89,81,8,5,41.7,Night,Team-A
PROD-01840,2023-10-01,Payload Assembly,84,78,74,4,6,54.2,Night,Team-B
PROD-01841,2023-04-29,End-of-Line Test,21,18,16,2,3,61.8,Day,Team-A
PROD-01842,2024-07-15,End-of-Line Test,42,37,34,3,5,42.7,Night,Team-D
PROD-01843,2024-02-10,Motor Installation,50,47,42,5,3,38.3,Day,Team-A
PROD-01844,2023-10-02,End-of-Line Test,86,83,77,6,3,57.2,Swing,Team-A
PROD-01845,2023-10-13,Battery Installation,92,88,81,7,4,58.9,Night,Team-C
PROD-01846,2024-04-23,Battery Installation,27,25,24,1,2,48.6,Day,Team-D
PROD-01847,2024-09-09,End-of-Line Test,35,33,31,2,2,67.6,Day,Team-C
PROD-01848,2024-01-16,Wing Assembly,53,49,47,2,4,39.2,Night,Team-B
PROD-01849,2023-10-21,Motor Installation,66,60,56,4,6,49.0,Night,Team-B
PROD-01850,2023-08-11,Battery Installation,87,84,81,3,3,43.5,Night,Team-D
PROD-01851,2023-08-07,Motor Installation,70,66,63,3,4,43.5,Swing,Team-D
PROD-01852,2023-02-28,End-of-Line Test,79,68,60,8,11,59.4,Night,Team-D
PROD-01853,2024-11-04,Final Assembly,68,62,57,5,6,67.8,Day,Team-C
PROD-01854,2024-09-11,Payload Assembly,65,62,58,4,3,51.9,Swing,Team-A
PROD-01855,2024-08-22,Motor Installation,58,56,55,1,2,45.0,Night,Team-D
PROD-01856,2024-04-15,Payload Assembly,91,86,81,5,5,60.2,Day,Team-D
PROD-01857,2024-11-12,Wing Assembly,66,61,57,4,5,43.6,Day,Team-A
PROD-01858,2023-05-22,Payload Assembly,81,78,70,8,3,48.9,Day,Team-D
PROD-01859,2023-03-07,Wing Assembly,100,95,92,3,5,38.0,Night,Team-D
PROD-01860,2023-03-10,End-of-Line Test,41,38,35,3,3,51.9,Day,Team-D
PROD-01861,2023-02-26,Battery Installation,80,78,77,1,2,54.0,Night,Team-A
PROD-01862,2023-09-21,Payload Assembly,97,94,87,7,3,51.3,Day,Team-A
PROD-01863,2024-06-01,Payload Assembly,51,47,42,5,4,51.8,Day,Team-A
PROD-01864,2023-06-21,End-of-Line Test,48,43,41,2,5,60.9,Day,Team-D
PROD-01865,2023-06-12,Wing Assembly,22,20,19,1,2,41.9,Night,Team-C
PROD-01866,2024-11-17,Payload Assembly,50,46,44,2,4,58.6,Night,Team-B
PROD-01867,2024-06-24,Payload Assembly,66,63,60,3,3,74.9,Swing,Team-C
PROD-01868,2024-12-17,Wing Assembly,88,83,78,5,5,50.7,Night,Team-D
PROD-01869,2023-08-13,Motor Installation,75,70,65,5,5,49.8,Night,Team-D
PROD-01870,2023-03-03,Battery Installation,99,96,91,5,3,51.0,Swing,Team-A
PROD-01871,2024-12-16,Final Assembly,77,69,61,8,8,60.2,Night,Team-A
PROD-01872,2024-05-15,Battery Installation,69,67,65,2,2,44.8,Night,Team-B
PROD-01873,2023-02-14,Final Assembly,65,63,60,3,2,50.8,Day,Team-D
PROD-01874,2024-01-15,Motor Installation,96,86,80,6,10,56.6,Day,Team-C
PROD-01875,2023-01-30,Motor Installation,79,75,72,3,4,40.1,Day,Team-B
PROD-01876,2023-08-19,Wing Assembly,22,21,19,2,1,46.4,Swing,Team-A
PROD-01877,2024-08-29,Wing Assembly,60,57,54,3,3,41.5,Swing,Team-C
PROD-01878,2023-05-27,Motor Installation,54,51,47,4,3,48.2,Swing,Team-B
PROD-01879,2024-01-29,Wing Assembly,92,87,76,11,5,55.3,Day,Team-C
PROD-01880,2024-01-19,End-of-Line Test,57,52,45,7,5,73.2,Swing,Team-A
PROD-01881,2024-07-28,Motor Installation,65,63,62,1,2,50.5,Swing,Team-A
PROD-01882,2023-07-08,Wing Assembly,59,52,47,5,7,50.8,Day,Team-D
PROD-01883,2023-02-03,End-of-Line Test,46,40,35,5,6,64.5,Swing,Team-C
PROD-01884,2024-10-01,End-of-Line Test,60,54,48,6,6,57.8,Day,Team-A
PROD-01885,2023-05-09,Motor Installation,69,64,60,4,5,27.4,Swing,Team-C
PROD-01886,2023-02-01,Payload Assembly,99,95,88,7,4,55.9,Swing,Team-C
PROD-01887,2024-12-18,Final Assembly,72,69,66,3,3,46.3,Day,Team-B
PROD-01888,2024-11-06,End-of-Line Test,90,82,70,12,8,73.0,Night,Team-B
PROD-01889,2024-09-06,Payload Assembly,97,93,86,7,4,50.3,Night,Team-A
PROD-01890,2024-10-07,Wing Assembly,27,24,23,1,3,48.4,Day,Team-D
PROD-01891,2023-09-15,End-of-Line Test,84,79,68,11,5,63.5,Swing,Team-D
PROD-01892,2024-03-26,End-of-Line Test,89,82,68,14,7,60.6,Day,Team-A
PROD-01893,2024-05-27,Payload Assembly,28,26,24,2,2,39.5,Swing,Team-D
PROD-01894,2023-08-12,Motor Installation,100,95,88,7,5,61.2,Day,Team-C
PROD-01895,2023-09-02,End-of-Line Test,60,57,51,6,3,53.0,Night,Team-B
PROD-01896,2024-12-31,End-of-Line Test,46,42,38,4,4,49.2,Swing,Team-A
PROD-01897,2023-12-17,Wing Assembly,66,61,53,8,5,44.8,Night,Team-D
PROD-01898,2023-06-22,Final Assembly,62,57,52,5,5,64.4,Swing,Team-C
PROD-01899,2023-01-26,Motor Installation,93,89,82,7,4,62.0,Day,Team-D
PROD-01900,2024-01-09,Payload Assembly,86,84,84,0,2,49.7,Swing,Team-B
PROD-01901,2024-05-30,End-of-Line Test,34,32,28,4,2,57.6,Swing,Team-B
PROD-01902,2024-07-20,Motor Installation,97,92,84,8,5,69.1,Night,Team-D
PROD-01903,2023-04-27,Final Assembly,86,80,72,8,6,50.6,Night,Team-C
PROD-01904,2023-04-28,End-of-Line Test,41,36,33,3,5,71.6,Swing,Team-C
PROD-01905,2024-09-25,End-of-Line Test,47,44,39,5,3,56.2,Day,Team-A
PROD-01906,2024-03-19,Battery Installation,34,33,32,1,1,45.9,Day,Team-A
PROD-01907,2024-07-26,Battery Installation,84,81,79,2,3,44.6,Day,Team-C
PROD-01908,2024-05-30,Payload Assembly,55,52,49,3,3,50.5,Night,Team-B
PROD-01909,2024-08-29,Final Assembly,70,64,60,4,6,53.0,Swing,Team-A
PROD-01910,2024-03-19,Final Assembly,77,72,66,6,5,55.8,Day,Team-D
PROD-01911,2023-05-29,Wing Assembly,100,90,80,10,10,33.1,Day,Team-D
PROD-01912,2023-01-12,Motor Installation,33,31,29,2,2,49.5,Swing,Team-C
PROD-01913,2024-10-25,Wing Assembly,83,75,71,4,8,43.2,Night,Team-D
PROD-01914,2024-12-17,Battery Installation,30,28,26,2,2,53.8,Night,Team-A
PROD-01915,2023-05-11,Wing Assembly,82,81,80,1,1,29.2,Swing,Team-C
PROD-01916,2023-08-14,Motor Installation,100,96,92,4,4,54.2,Day,Team-B
PROD-01917,2024-06-10,End-of-Line Test,30,28,24,4,2,47.1,Swing,Team-B
PROD-01918,2024-04-10,Payload Assembly,97,91,85,6,6,55.6,Swing,Team-A
PROD-01919,2023-01-10,Motor Installation,82,80,77,3,2,46.7,Day,Team-B
PROD-01920,2023-10-04,Wing Assembly,34,31,28,3,3,44.4,Day,Team-C
PROD-01921,2024-09-10,Motor Installation,80,76,71,5,4,56.9,Night,Team-A
PROD-01922,2024-09-30,Motor Installation,76,73,66,7,3,50.9,Swing,Team-B
PROD-01923,2023-10-12,Motor Installation,42,40,39,1,2,60.2,Night,Team-B
PROD-01924,2023-02-04,Final Assembly,22,20,18,2,2,64.9,Day,Team-B
PROD-01925,2024-03-07,Motor Installation,64,62,61,1,2,37.8,Swing,Team-A
PROD-01926,2024-03-19,Battery Installation,91,88,85,3,3,54.7,Swing,Team-C
PROD-01927,2023-07-09,Final Assembly,39,37,35,2,2,61.6,Night,Team-B
PROD-01928,2023-10-11,Battery Installation,24,22,22,0,2,52.9,Swing,Team-D
PROD-01929,2023-06-01,Wing Assembly,76,72,70,2,4,46.2,Swing,Team-A
PROD-01930,2023-07-18,Battery Installation,72,67,64,3,5,63.7,Day,Team-D
PROD-01931,2023-03-26,Payload Assembly,49,47,45,2,2,56.6,Swing,Team-A
PROD-01932,2024-02-03,Final Assembly,100,94,79,15,6,66.3,Night,Team-C
PROD-01933,2024-02-05,End-of-Line Test,96,88,79,9,8,45.2,Day,Team-C
PROD-01934,2024-11-09,Final Assembly,26,24,22,2,2,50.3,Night,Team-B
PROD-01935,2023-12-30,Payload Assembly,70,63,59,4,7,38.4,Swing,Team-C
PROD-01936,2024-05-05,Wing Assembly,53,49,44,5,4,43.6,Swing,Team-A
PROD-01937,2024-01-06,Wing Assembly,65,59,55,4,6,49.1,Swing,Team-D
PROD-01938,2024-02-14,Motor Installation,57,55,51,4,2,48.7,Night,Team-A
PROD-01939,2024-04-25,End-of-Line Test,25,23,20,3,2,52.3,Swing,Team-C
PROD-01940,2024-10-17,Wing Assembly,65,62,57,5,3,36.9,Swing,Team-D
PROD-01941,2023-03-22,Payload Assembly,20,19,17,2,1,63.6,Night,Team-A
PROD-01942,2024-10-08,Battery Installation,99,94,91,3,5,58.6,Swing,Team-A
PROD-01943,2023-01-07,Battery Installation,58,56,53,3,2,60.5,Night,Team-A
PROD-01944,2023-02-25,Motor Installation,51,49,46,3,2,64.4,Night,Team-B
PROD-01945,2023-12-10,Payload Assembly,48,45,44,1,3,50.7,Night,Team-C
PROD-01946,2023-07-02,End-of-Line Test,20,19,17,2,1,65.8,Night,Team-C
PROD-01947,2023-11-26,Motor Installation,64,60,58,2,4,44.4,Day,Team-B
PROD-01948,2023-03-26,Battery Installation,61,59,58,1,2,62.8,Swing,Team-A
PROD-01949,2024-04-09,End-of-Line Test,38,35,32,3,3,58.2,Day,Team-C
PROD-01950,2024-10-24,Wing Assembly,35,33,30,3,2,45.8,Day,Team-C
PROD-01951,2023-01-10,Wing Assembly,67,63,61,2,4,46.4,Day,Team-A
PROD-01952,2023-10-19,End-of-Line Test,60,52,47,5,8,57.0,Day,Team-A
PROD-01953,2024-01-10,End-of-Line Test,84,76,62,14,8,62.9,Swing,Team-C
PROD-01954,2024-12-24,Payload Assembly,77,73,66,7,4,57.4,Day,Team-A
PROD-01955,2024-12-25,Payload Assembly,34,33,32,1,1,48.7,Night,Team-B
PROD-01956,2024-01-05,Final Assembly,68,62,58,4,6,50.6,Night,Team-A
PROD-01957,2023-09-06,End-of-Line Test,73,69,61,8,4,57.2,Swing,Team-A
PROD-01958,2024-09-23,Wing Assembly,78,71,67,4,7,46.8,Night,Team-C
PROD-01959,2023-05-29,Battery Installation,32,31,30,1,1,53.5,Night,Team-C
PROD-01960,2024-11-29,Payload Assembly,44,41,39,2,3,50.5,Night,Team-C
PROD-01961,2023-01-29,End-of-Line Test,54,49,44,5,5,46.7,Night,Team-D
PROD-01962,2023-11-30,Payload Assembly,75,71,69,2,4,59.6,Swing,Team-A
PROD-01963,2023-06-29,Battery Installation,40,38,36,2,2,43.3,Day,Team-D
PROD-01964,2024-05-08,Final Assembly,71,68,62,6,3,52.7,Night,Team-C
PROD-01965,2024-06-14,End-of-Line Test,51,47,41,6,4,68.6,Day,Team-B
PROD-01966,2023-10-02,Motor Installation,88,84,79,5,4,52.7,Day,Team-B
PROD-01967,2023-10-26,Payload Assembly,62,56,53,3,6,63.5,Night,Team-C
PROD-01968,2024-06-19,Final Assembly,31,28,26,2,3,53.8,Night,Team-A
PROD-01969,2024-11-11,Final Assembly,26,24,22,2,2,53.8,Night,Team-A
PROD-01970,2023-03-04,Motor Installation,45,43,42,1,2,62.8,Day,Team-C
PROD-01971,2023-05-30,Payload Assembly,100,90,83,7,10,56.7,Night,Team-C
PROD-01972,2023-05-17,Payload Assembly,23,22,21,1,1,60.8,Swing,Team-C
PROD-01973,2024-04-25,Final Assembly,71,62,56,6,9,67.3,Day,Team-A
PROD-01974,2024-12-05,Motor Installation,48,45,44,1,3,52.8,Night,Team-D
PROD-01975,2023-03-31,End-of-Line Test,66,58,52,6,8,68.1,Day,Team-D
PROD-01976,2024-01-12,Motor Installation,30,28,27,1,2,40.6,Day,Team-D
PROD-01977,2024-08-12,Motor Installation,98,93,88,5,5,45.6,Swing,Team-B
PROD-01978,2023-12-14,Final Assembly,80,72,65,7,8,66.8,Day,Team-C
PROD-01979,2023-08-09,Payload Assembly,48,47,45,2,1,69.4,Day,Team-B
PROD-01980,2024-08-15,Final Assembly,21,20,18,2,1,60.7,Day,Team-D
PROD-01981,2024-09-13,Battery Installation,39,38,37,1,1,49.6,Swing,Team-B
PROD-01982,2023-07-25,Payload Assembly,25,22,21,1,3,55.0,Night,Team-B
PROD-01983,2024-07-10,Final Assembly,29,27,26,1,2,71.3,Day,Team-A
PROD-01984,2024-10-07,Wing Assembly,44,41,36,5,3,60.4,Day,Team-B
PROD-01985,2023-03-26,Wing Assembly,28,26,22,4,2,52.6,Night,Team-C
PROD-01986,2023-06-07,Payload Assembly,96,91,80,11,5,46.1,Night,Team-C
PROD-01987,2024-11-01,Payload Assembly,93,89,80,9,4,50.4,Day,Team-B
PROD-01988,2023-02-13,End-of-Line Test,78,72,62,10,6,71.9,Day,Team-A
PROD-01989,2023-04-19,Payload Assembly,20,18,17,1,2,55.8,Night,Team-A
PROD-01990,2024-10-02,Payload Assembly,33,31,29,2,2,47.8,Night,Team-B
PROD-01991,2023-07-10,Wing Assembly,45,40,38,2,5,40.1,Night,Team-D
PROD-01992,2023-04-26,Final Assembly,100,93,78,15,7,56.8,Swing,Team-A
PROD-01993,2023-12-18,Motor Installation,42,40,38,2,2,59.4,Swing,Team-A
PROD-01994,2023-05-24,Motor Installation,69,66,62,4,3,38.3,Swing,Team-D
PROD-01995,2023-04-08,End-of-Line Test,56,51,44,7,5,60.0,Night,Team-A
PROD-01996,2023-12-11,Battery Installation,85,84,84,0,1,61.1,Day,Team-B
PROD-01997,2024-07-04,End-of-Line Test,58,52,47,5,6,74.0,Day,Team-B
PROD-01998,2023-01-23,Motor Installation,76,72,69,3,4,42.7,Day,Team-D
PROD-01999,2023-08-07,Battery Installation,59,58,57,1,1,37.0,Night,Team-A
PROD-02000,2023-07-17,Motor Installation,21,19,17,2,2,51.1,Night,Team-C
PROD-02001,2023-03-24,End-of-Line Test,36,32,29,3,4,58.4,Day,Team-C
PROD-02002,2024-09-03,End-of-Line Test,100,92,86,6,8,64.2,Day,Team-A
PROD-02003,2024-02-27,End-of-Line Test,21,19,17,2,2,64.0,Night,Team-A
PROD-02004,2023-08-25,Motor Installation,69,64,59,5,5,47.8,Swing,Team-A
PROD-02005,2023-08-16,Motor Installation,64,61,57,4,3,44.4,Day,Team-A
PROD-02006,2023-07-12,End-of-Line Test,45,40,37,3,5,61.2,Night,Team-C
PROD-02007,2024-09-16,End-of-Line Test,21,18,15,3,3,81.2,Day,Team-D
PROD-02008,2024-11-28,Payload Assembly,93,85,78,7,8,58.6,Night,Team-B
PROD-02009,2023-03-06,End-of-Line Test,71,69,64,5,2,67.7,Swing,Team-C
PROD-02010,2024-05-20,Battery Installation,76,74,72,2,2,50.5,Night,Team-A
PROD-02011,2024-01-21,End-of-Line Test,25,23,22,1,2,67.9,Swing,Team-A
PROD-02012,2024-02-22,Battery Installation,72,70,70,0,2,55.8,Night,Team-B
PROD-02013,2024-09-01,Payload Assembly,66,62,60,2,4,50.2,Night,Team-A
PROD-02014,2024-03-15,End-of-Line Test,56,51,45,6,5,56.2,Night,Team-A
PROD-02015,2023-05-27,Wing Assembly,80,76,71,5,4,44.3,Swing,Team-D
PROD-02016,2023-10-07,End-of-Line Test,33,30,29,1,3,65.4,Night,Team-C
PROD-02017,2024-09-19,Battery Installation,55,53,53,0,2,54.2,Night,Team-A
PROD-02018,2023-11-21,Payload Assembly,92,88,83,5,4,46.8,Day,Team-A
PROD-02019,2024-12-22,Wing Assembly,22,20,19,1,2,55.7,Swing,Team-B
PROD-02020,2024-03-26,End-of-Line Test,24,21,20,1,3,73.7,Swing,Team-D
PROD-02021,2023-02-02,Motor Installation,38,36,33,3,2,42.3,Night,Team-D
PROD-02022,2024-10-10,Motor Installation,26,25,24,1,1,46.7,Swing,Team-C
PROD-02023,2023-02-28,Wing Assembly,62,56,52,4,6,45.6,Night,Team-D
PROD-02024,2023-06-04,Wing Assembly,25,23,21,2,2,47.9,Day,Team-B
PROD-02025,2024-11-10,Motor Installation,46,43,39,4,3,35.2,Day,Team-A
PROD-02026,2023-03-04,Final Assembly,59,56,50,6,3,58.4,Night,Team-A
PROD-02027,2024-09-25,Motor Installation,71,68,62,6,3,50.8,Night,Team-D
PROD-02028,2024-05-01,Final Assembly,32,31,30,1,1,58.4,Night,Team-A
PROD-02029,2023-05-13,Payload Assembly,73,68,63,5,5,37.7,Day,Team-C
PROD-02030,2024-10-27,Battery Installation,69,67,65,2,2,44.8,Night,Team-D
PROD-02031,2023-02-06,Battery Installation,41,39,36,3,2,59.4,Swing,Team-D
PROD-02032,2024-07-19,Wing Assembly,100,94,88,6,6,53.2,Swing,Team-B
PROD-02033,2024-04-04,Battery Installation,28,27,26,1,1,42.8,Night,Team-D
PROD-02034,2023-10-29,Payload Assembly,52,49,42,7,3,45.5,Swing,Team-C
PROD-02035,2024-05-05,Final Assembly,47,42,38,4,5,52.7,Night,Team-A
PROD-02036,2024-05-05,Wing Assembly,97,90,81,9,7,47.2,Day,Team-A
PROD-02037,2024-05-12,Wing Assembly,96,86,79,7,10,55.9,Swing,Team-B
PROD-02038,2023-01-19,Battery Installation,43,41,40,1,2,44.9,Night,Team-D
PROD-02039,2024-02-23,Motor Installation,47,45,43,2,2,40.2,Day,Team-D
PROD-02040,2023-05-11,Motor Installation,34,31,29,2,3,47.2,Swing,Team-D
PROD-02041,2024-04-30,Motor Installation,77,74,70,4,3,53.3,Night,Team-B
PROD-02042,2024-03-12,Battery Installation,58,55,53,2,3,61.2,Night,Team-C
PROD-02043,2024-02-08,Wing Assembly,36,33,31,2,3,47.9,Night,Team-D
PROD-02044,2023-08-27,Battery Installation,90,86,82,4,4,65.8,Day,Team-B
PROD-02045,2024-12-27,Battery Installation,68,66,65,1,2,49.2,Night,Team-B
PROD-02046,2024-04-10,Final Assembly,41,39,38,1,2,64.9,Day,Team-A
PROD-02047,2024-10-05,End-of-Line Test,44,41,37,4,3,70.4,Day,Team-A
PROD-02048,2023-12-09,End-of-Line Test,28,25,24,1,3,45.9,Swing,Team-C
PROD-02049,2024-03-01,Final Assembly,98,87,79,8,11,58.8,Night,Team-B
PROD-02050,2024-10-26,Payload Assembly,56,51,48,3,5,47.5,Night,Team-B
PROD-02051,2023-02-08,Payload Assembly,47,45,43,2,2,56.6,Swing,Team-A
PROD-02052,2024-01-26,Motor Installation,37,36,35,1,1,52.7,Swing,Team-B
PROD-02053,2023-10-09,Final Assembly,43,40,38,2,3,59.4,Swing,Team-C
PROD-02054,2023-04-01,Battery Installation,48,45,43,2,3,52.4,Day,Team-D
PROD-02055,2023-06-15,Motor Installation,85,81,75,6,4,46.5,Night,Team-A
PROD-02056,2023-02-02,Wing Assembly,96,89,85,4,7,44.9,Swing,Team-D
PROD-02057,2023-12-10,Payload Assembly,79,75,70,5,4,64.4,Day,Team-B
PROD-02058,2024-08-24,Wing Assembly,83,78,70,8,5,54.5,Day,Team-A
PROD-02059,2024-04-12,End-of-Line Test,20,18,16,2,2,49.8,Day,Team-B
PROD-02060,2024-06-10,Motor Installation,62,59,56,3,3,48.8,Night,Team-D
PROD-02061,2024-06-02,End-of-Line Test,53,47,41,6,6,55.0,Day,Team-D
PROD-02062,2023-10-14,Motor Installation,52,50,49,1,2,52.8,Swing,Team-C
PROD-02063,2023-11-02,Battery Installation,42,40,38,2,2,58.7,Night,Team-C
PROD-02064,2023-04-30,Battery Installation,26,25,24,1,1,53.6,Day,Team-B
PROD-02065,2024-06-09,Wing Assembly,59,57,54,3,2,43.8,Day,Team-B
PROD-02066,2024-07-07,End-of-Line Test,83,77,68,9,6,55.8,Night,Team-D
PROD-02067,2024-11-28,Motor Installation,88,86,83,3,2,56.4,Swing,Team-C
PROD-02068,2023-04-08,Payload Assembly,38,34,32,2,4,63.8,Swing,Team-A
PROD-02069,2023-05-19,Final Assembly,58,55,51,4,3,49.0,Swing,Team-C
PROD-02070,2023-02-04,End-of-Line Test,72,69,62,7,3,45.2,Night,Team-B
PROD-02071,2023-02-12,Battery Installation,41,39,37,2,2,58.1,Night,Team-B
PROD-02072,2024-03-09,Wing Assembly,77,72,67,5,5,60.2,Swing,Team-C
PROD-02073,2023-11-11,Wing Assembly,44,41,38,3,3,51.2,Day,Team-A
PROD-02074,2024-09-04,End-of-Line Test,77,72,64,8,5,59.0,Night,Team-B
PROD-02075,2024-08-17,Motor Installation,78,76,72,4,2,27.4,Swing,Team-D
PROD-02076,2023-12-14,Wing Assembly,42,39,35,4,3,43.3,Night,Team-B
PROD-02077,2023-04-05,End-of-Line Test,34,31,28,3,3,57.7,Swing,Team-A
PROD-02078,2024-11-19,End-of-Line Test,53,50,47,3,3,59.6,Day,Team-B
PROD-02079,2024-06-14,Final Assembly,40,38,36,2,2,58.9,Day,Team-D
PROD-02080,2023-11-07,Wing Assembly,54,52,49,3,2,42.5,Day,Team-C
PROD-02081,2023-08-18,Final Assembly,87,81,75,6,6,63.1,Swing,Team-A
PROD-02082,2024-08-21,Battery Installation,68,67,67,0,1,43.1,Night,Team-C
PROD-02083,2024-01-08,End-of-Line Test,47,43,40,3,4,47.6,Swing,Team-D
PROD-02084,2023-09-26,End-of-Line Test,49,44,40,4,5,63.6,Night,Team-B
PROD-02085,2023-03-14,Battery Installation,35,34,33,1,1,26.4,Swing,Team-C
PROD-02086,2023-04-16,End-of-Line Test,55,51,44,7,4,59.2,Night,Team-C
PROD-02087,2023-05-27,Wing Assembly,41,39,36,3,2,44.3,Day,Team-B
PROD-02088,2023-05-26,End-of-Line Test,21,19,17,2,2,69.4,Swing,Team-D
PROD-02089,2024-06-22,Motor Installation,77,74,72,2,3,49.7,Night,Team-B
PROD-02090,2023-12-25,End-of-Line Test,91,86,74,12,5,70.9,Day,Team-A
PROD-02091,2024-10-07,Motor Installation,35,33,29,4,2,45.9,Swing,Team-A
PROD-02092,2024-05-04,End-of-Line Test,34,31,28,3,3,57.5,Swing,Team-A
PROD-02093,2024-07-22,Final Assembly,88,83,79,4,5,50.2,Night,Team-A
PROD-02094,2023-07-31,Payload Assembly,42,40,36,4,2,60.9,Night,Team-B
PROD-02095,2023-05-08,Battery Installation,45,43,42,1,2,55.0,Night,Team-C
PROD-02096,2023-12-01,Payload Assembly,28,27,26,1,1,53.5,Swing,Team-C
PROD-02097,2024-02-15,Motor Installation,39,36,33,3,3,41.1,Day,Team-C
PROD-02098,2023-08-14,End-of-Line Test,53,48,43,5,5,51.1,Night,Team-B
PROD-02099,2024-01-01,Wing Assembly,87,84,81,3,3,33.2,Day,Team-C
PROD-02100,2023-03-16,Battery Installation,36,35,34,1,1,54.4,Night,Team-D
PROD-02101,2024-07-22,Final Assembly,56,51,47,4,5,69.1,Swing,Team-C
PROD-02102,2023-01-17,End-of-Line Test,79,73,65,8,6,61.4,Day,Team-C
PROD-02103,2023-12-02,Motor Installation,44,42,41,1,2,45.8,Day,Team-C
PROD-02104,2024-04-25,End-of-Line Test,96,88,78,10,8,65.7,Night,Team-A
PROD-02105,2024-07-26,Motor Installation,71,68,66,2,3,49.0,Day,Team-B
PROD-02106,2024-01-31,Battery Installation,36,35,34,1,1,55.3,Night,Team-D
PROD-02107,2023-11-27,Payload Assembly,29,27,26,1,2,50.0,Day,Team-A
PROD-02108,2023-03-20,Motor Installation,83,80,77,3,3,28.7,Day,Team-A
PROD-02109,2023-06-17,Payload Assembly,58,55,51,4,3,59.1,Day,Team-D
PROD-02110,2024-11-21,End-of-Line Test,93,83,73,10,10,56.1,Swing,Team-D
PROD-02111,2023-02-11,Payload Assembly,20,19,18,1,1,60.7,Swing,Team-B
PROD-02112,2023-07-16,Final Assembly,75,71,64,7,4,57.3,Swing,Team-D
PROD-02113,2024-02-10,Payload Assembly,37,34,32,2,3,71.7,Night,Team-C
PROD-02114,2024-06-01,Final Assembly,45,43,40,3,2,60.5,Night,Team-A
PROD-02115,2023-08-01,Wing Assembly,62,60,57,3,2,38.0,Night,Team-D
PROD-02116,2024-08-05,End-of-Line Test,81,77,66,11,4,57.2,Night,Team-A
PROD-02117,2023-11-14,Payload Assembly,21,19,18,1,2,60.4,Swing,Team-B
PROD-02118,2023-04-26,Final Assembly,37,34,30,4,3,60.7,Day,Team-C
PROD-02119,2024-07-01,Final Assembly,83,79,71,8,4,63.0,Day,Team-A
PROD-02120,2023-01-20,Final Assembly,53,51,46,5,2,58.0,Night,Team-A
PROD-02121,2024-08-16,Wing Assembly,84,80,73,7,4,59.3,Night,Team-D
PROD-02122,2023-07-21,Payload Assembly,45,42,39,3,3,49.6,Swing,Team-C
PROD-02123,2024-05-28,Final Assembly,52,48,46,2,4,55.8,Swing,Team-D
PROD-02124,2024-12-18,Battery Installation,41,39,38,1,2,47.4,Swing,Team-D
PROD-02125,2023-08-27,Final Assembly,90,88,87,1,2,58.0,Night,Team-B
PROD-02126,2023-12-15,Final Assembly,70,67,61,6,3,57.1,Night,Team-B
PROD-02127,2024-10-28,Payload Assembly,40,35,31,4,5,49.4,Day,Team-B
PROD-02128,2024-04-14,Battery Installation,68,63,60,3,5,42.1,Night,Team-C
PROD-02129,2023-01-02,Wing Assembly,33,31,29,2,2,35.4,Day,Team-C
PROD-02130,2023-11-07,Motor Installation,35,32,30,2,3,48.0,Day,Team-C
PROD-02131,2023-07-12,Battery Installation,90,86,82,4,4,38.6,Day,Team-B
PROD-02132,2023-07-26,Battery Installation,49,46,43,3,3,59.6,Night,Team-C
PROD-02133,2023-11-09,End-of-Line Test,100,89,81,8,11,60.3,Day,Team-B
PROD-02134,2023-11-18,End-of-Line Test,28,25,23,2,3,61.6,Day,Team-B
PROD-02135,2023-01-18,Payload Assembly,76,73,69,4,3,59.1,Day,Team-B
PROD-02136,2024-10-08,Battery Installation,41,39,36,3,2,53.0,Night,Team-B
PROD-02137,2024-02-09,Wing Assembly,70,66,63,3,4,43.4,Night,Team-A
PROD-02138,2023-01-20,Final Assembly,85,75,69,6,10,52.9,Night,Team-D
PROD-02139,2024-07-27,End-of-Line Test,59,56,50,6,3,62.7,Night,Team-B
PROD-02140,2024-01-02,Motor Installation,84,81,77,4,3,47.0,Swing,Team-A
PROD-02141,2024-12-15,End-of-Line Test,45,39,35,4,6,58.9,Day,Team-D
PROD-02142,2023-03-23,Wing Assembly,77,71,64,7,6,28.8,Day,Team-A
PROD-02143,2023-02-01,Battery Installation,39,38,37,1,1,50.9,Day,Team-B
PROD-02144,2023-07-14,Final Assembly,47,43,39,4,4,71.2,Swing,Team-D
PROD-02145,2023-12-30,Battery Installation,96,92,89,3,4,43.9,Swing,Team-D
PROD-02146,2024-08-28,Motor Installation,58,55,54,1,3,58.3,Swing,Team-A
PROD-02147,2024-10-04,Battery Installation,82,80,78,2,2,52.5,Day,Team-A
PROD-02148,2023-01-26,Motor Installation,60,55,52,3,5,62.6,Night,Team-C
PROD-02149,2024-11-18,End-of-Line Test,93,85,76,9,8,71.4,Swing,Team-C
PROD-02150,2023-03-15,Payload Assembly,23,20,19,1,3,66.4,Night,Team-B
PROD-02151,2024-05-06,Final Assembly,88,85,79,6,3,55.8,Night,Team-D
PROD-02152,2024-06-17,Final Assembly,67,65,62,3,2,72.2,Night,Team-A
PROD-02153,2023-01-01,Final Assembly,98,93,81,12,5,62.4,Day,Team-C
PROD-02154,2024-11-14,Wing Assembly,89,85,78,7,4,46.7,Swing,Team-A
PROD-02155,2023-06-15,Payload Assembly,77,74,72,2,3,48.0,Day,Team-D
PROD-02156,2024-06-21,End-of-Line Test,39,36,32,4,3,57.0,Day,Team-B
PROD-02157,2023-07-05,Battery Installation,49,47,47,0,2,50.3,Swing,Team-D
PROD-02158,2023-02-27,End-of-Line Test,31,28,25,3,3,58.0,Night,Team-B
PROD-02159,2023-08-29,Wing Assembly,45,40,37,3,5,49.1,Swing,Team-B
PROD-02160,2023-06-01,Payload Assembly,37,34,33,1,3,46.2,Swing,Team-B
PROD-02161,2023-02-27,Payload Assembly,22,21,20,1,1,58.0,Swing,Team-D
PROD-02162,2023-06-22,End-of-Line Test,53,48,44,4,5,65.0,Night,Team-B
PROD-02163,2024-03-11,Battery Installation,40,39,39,0,1,58.1,Day,Team-B
PROD-02164,2024-05-06,Payload Assembly,63,60,52,8,3,55.8,Swing,Team-D
PROD-02165,2023-10-17,Wing Assembly,49,46,43,3,3,38.8,Day,Team-C
PROD-02166,2024-09-08,Payload Assembly,80,73,69,4,7,64.2,Day,Team-C
PROD-02167,2023-02-19,End-of-Line Test,54,50,42,8,4,53.2,Night,Team-C
PROD-02168,2024-10-12,Final Assembly,50,48,46,2,2,60.2,Night,Team-D
PROD-02169,2023-05-15,Final Assembly,27,25,23,2,2,53.1,Night,Team-A
PROD-02170,2023-06-05,End-of-Line Test,35,33,28,5,2,37.3,Night,Team-C
PROD-02171,2024-08-07,Payload Assembly,28,26,25,1,2,45.9,Swing,Team-A
PROD-02172,2023-03-05,Payload Assembly,31,28,25,3,3,51.9,Night,Team-B
PROD-02173,2023-08-18,Battery Installation,23,22,22,0,1,50.2,Night,Team-B
PROD-02174,2024-09-13,Motor Installation,77,76,75,1,1,63.8,Swing,Team-A
PROD-02175,2023-11-19,Payload Assembly,49,47,45,2,2,62.7,Swing,Team-C
PROD-02176,2023-06-22,Final Assembly,83,77,73,4,6,45.9,Swing,Team-D
PROD-02177,2023-05-10,Final Assembly,28,25,24,1,3,53.6,Night,Team-D
PROD-02178,2023-04-24,Motor Installation,85,78,73,5,7,46.9,Swing,Team-B
PROD-02179,2023-05-05,Battery Installation,44,43,43,0,1,54.9,Day,Team-A
PROD-02180,2024-04-29,Payload Assembly,60,58,56,2,2,45.7,Day,Team-C
PROD-02181,2023-08-14,Motor Installation,80,76,74,2,4,34.2,Swing,Team-C
PROD-02182,2024-01-07,Battery Installation,48,46,45,1,2,53.2,Night,Team-B
PROD-02183,2024-05-01,End-of-Line Test,73,66,61,5,7,60.0,Day,Team-C
PROD-02184,2023-09-01,Payload Assembly,53,49,46,3,4,54.5,Swing,Team-B
PROD-02185,2023-06-07,Final Assembly,91,89,88,1,2,63.7,Night,Team-C
PROD-02186,2023-12-27,Battery Installation,64,61,59,2,3,58.9,Night,Team-A
PROD-02187,2024-07-14,Battery Installation,82,79,75,4,3,51.5,Night,Team-A
PROD-02188,2023-02-10,Payload Assembly,71,69,67,2,2,52.1,Swing,Team-B
PROD-02189,2024-12-26,Battery Installation,53,51,49,2,2,44.3,Day,Team-B
PROD-02190,2024-07-22,Wing Assembly,37,34,32,2,3,27.2,Swing,Team-A
PROD-02191,2024-02-12,Battery Installation,89,88,88,0,1,50.3,Swing,Team-C
PROD-02192,2024-09-25,Wing Assembly,53,51,48,3,2,47.3,Day,Team-C
PROD-02193,2023-10-01,Payload Assembly,82,79,76,3,3,53.2,Swing,Team-B
PROD-02194,2024-06-06,Payload Assembly,74,67,62,5,7,43.7,Night,Team-B
PROD-02195,2024-12-01,Wing Assembly,57,53,51,2,4,53.5,Day,Team-C
PROD-02196,2023-06-29,Payload Assembly,76,69,65,4,7,61.7,Day,Team-B
PROD-02197,2024-01-04,Final Assembly,54,51,45,6,3,48.4,Day,Team-C
PROD-02198,2023-08-24,Motor Installation,72,68,66,2,4,42.6,Swing,Team-D
PROD-02199,2024-04-22,Payload Assembly,61,56,54,2,5,58.2,Night,Team-B
PROD-02200,2024-12-27,Motor Installation,63,60,58,2,3,60.3,Swing,Team-A
PROD-02201,2023-04-23,Battery Installation,89,87,86,1,2,28.1,Night,Team-B
PROD-02202,2024-08-03,Motor Installation,29,27,27,0,2,47.0,Night,Team-D
PROD-02203,2023-11-11,Payload Assembly,51,46,43,3,5,56.3,Swing,Team-C
PROD-02204,2024-03-27,Payload Assembly,29,28,28,0,1,51.0,Day,Team-A
PROD-02205,2023-11-02,Payload Assembly,61,57,54,3,4,60.3,Night,Team-B
PROD-02206,2024-09-10,End-of-Line Test,21,19,18,1,2,53.3,Day,Team-C
PROD-02207,2023-08-21,End-of-Line Test,69,61,50,11,8,65.0,Swing,Team-C
PROD-02208,2024-01-08,Battery Installation,26,24,24,0,2,46.7,Day,Team-A
PROD-02209,2024-04-07,Payload Assembly,73,69,61,8,4,55.7,Day,Team-A
PROD-02210,2023-11-11,Motor Installation,93,88,81,7,5,44.0,Night,Team-A
PROD-02211,2023-11-19,Wing Assembly,36,34,31,3,2,48.6,Day,Team-C
PROD-02212,2023-01-19,Wing Assembly,89,83,77,6,6,50.6,Night,Team-B
PROD-02213,2023-01-30,Battery Installation,47,46,46,0,1,46.8,Night,Team-C
PROD-02214,2024-11-09,Final Assembly,83,81,78,3,2,46.2,Night,Team-C
PROD-02215,2024-03-28,End-of-Line Test,75,68,59,9,7,68.6,Swing,Team-B
PROD-02216,2024-07-17,Final Assembly,75,68,63,5,7,51.3,Night,Team-B
PROD-02217,2023-04-25,Wing Assembly,100,90,83,7,10,34.3,Swing,Team-B
PROD-02218,2023-01-06,Final Assembly,55,52,50,2,3,52.9,Swing,Team-B
PROD-02219,2024-02-28,Payload Assembly,98,93,88,5,5,48.2,Swing,Team-C
PROD-02220,2024-05-23,Payload Assembly,62,59,55,4,3,53.8,Swing,Team-B
PROD-02221,2024-08-21,Wing Assembly,82,78,73,5,4,45.1,Day,Team-C
PROD-02222,2024-10-06,Wing Assembly,100,94,86,8,6,49.6,Day,Team-B
PROD-02223,2023-09-05,Final Assembly,22,20,18,2,2,72.9,Swing,Team-B
PROD-02224,2024-05-29,Final Assembly,62,57,54,3,5,56.7,Swing,Team-B
PROD-02225,2024-10-11,Final Assembly,33,31,28,3,2,51.7,Night,Team-B
PROD-02226,2024-10-02,Motor Installation,57,55,52,3,2,65.0,Day,Team-B
PROD-02227,2024-01-24,Wing Assembly,52,48,42,6,4,49.3,Night,Team-A
PROD-02228,2023-09-13,Final Assembly,55,52,48,4,3,36.8,Day,Team-D
PROD-02229,2023-11-06,Motor Installation,88,85,77,8,3,44.4,Swing,Team-C
PROD-02230,2023-05-16,Motor Installation,40,38,36,2,2,44.5,Night,Team-A
PROD-02231,2023-11-23,Wing Assembly,36,33,32,1,3,43.1,Swing,Team-A
PROD-02232,2024-07-19,Battery Installation,34,33,31,2,1,38.3,Day,Team-B
PROD-02233,2024-01-12,Wing Assembly,56,54,51,3,2,42.8,Swing,Team-A
PROD-02234,2023-01-14,Battery Installation,53,51,46,5,2,54.6,Swing,Team-D
PROD-02235,2024-08-23,End-of-Line Test,27,25,24,1,2,63.4,Night,Team-A
PROD-02236,2023-11-09,Wing Assembly,66,63,61,2,3,36.2,Night,Team-B
PROD-02237,2023-11-17,Payload Assembly,55,51,47,4,4,62.7,Day,Team-D
PROD-02238,2024-07-14,Final Assembly,85,80,70,10,5,60.2,Day,Team-C
PROD-02239,2024-01-18,End-of-Line Test,87,81,67,14,6,48.6,Night,Team-B
PROD-02240,2024-08-10,Wing Assembly,60,58,55,3,2,39.4,Night,Team-C
PROD-02241,2023-02-23,Battery Installation,45,43,41,2,2,58.5,Night,Team-D
PROD-02242,2024-08-17,Final Assembly,34,31,29,2,3,53.9,Day,Team-A
PROD-02243,2024-05-05,Wing Assembly,58,53,48,5,5,53.1,Day,Team-A
PROD-02244,2023-12-06,Wing Assembly,20,19,19,0,1,44.2,Swing,Team-B
PROD-02245,2024-05-27,Battery Installation,81,77,72,5,4,37.7,Night,Team-A
PROD-02246,2024-09-15,End-of-Line Test,90,84,74,10,6,70.2,Night,Team-A
PROD-02247,2023-09-12,Battery Installation,82,79,77,2,3,63.2,Day,Team-C
PROD-02248,2023-01-11,Wing Assembly,71,65,61,4,6,43.4,Day,Team-C
PROD-02249,2023-03-05,Motor Installation,71,68,62,6,3,43.9,Day,Team-C
PROD-02250,2023-05-08,End-of-Line Test,42,37,34,3,5,69.9,Night,Team-C
PROD-02251,2023-10-04,Wing Assembly,63,60,56,4,3,39.7,Night,Team-A
PROD-02252,2024-03-06,Battery Installation,24,23,22,1,1,35.3,Night,Team-D
PROD-02253,2023-05-03,Wing Assembly,84,81,79,2,3,47.6,Day,Team-A
PROD-02254,2023-05-06,Battery Installation,43,41,39,2,2,56.5,Day,Team-B
PROD-02255,2023-01-09,Motor Installation,71,69,66,3,2,53.0,Swing,Team-A
PROD-02256,2023-08-26,Payload Assembly,80,75,66,9,5,50.6,Day,Team-C
PROD-02257,2023-09-19,End-of-Line Test,43,40,34,6,3,59.6,Day,Team-B
PROD-02258,2024-12-16,Wing Assembly,27,25,22,3,2,46.7,Swing,Team-B
PROD-02259,2023-09-24,End-of-Line Test,85,76,66,10,9,55.3,Night,Team-C
PROD-02260,2024-11-27,Payload Assembly,83,80,75,5,3,42.8,Night,Team-B
PROD-02261,2024-04-09,End-of-Line Test,42,39,34,5,3,55.5,Day,Team-B
PROD-02262,2023-06-29,Battery Installation,32,30,27,3,2,34.1,Swing,Team-A
PROD-02263,2024-12-12,End-of-Line Test,70,67,63,4,3,40.6,Night,Team-D
PROD-02264,2023-10-06,Battery Installation,20,19,18,1,1,58.7,Swing,Team-A
PROD-02265,2023-10-13,Wing Assembly,45,42,39,3,3,45.5,Swing,Team-C
PROD-02266,2024-07-18,Wing Assembly,75,73,69,4,2,39.9,Day,Team-C
PROD-02267,2024-09-23,Motor Installation,25,24,23,1,1,48.5,Night,Team-C
PROD-02268,2023-04-05,Final Assembly,51,47,43,4,4,57.1,Swing,Team-C
PROD-02269,2023-11-21,Payload Assembly,72,65,59,6,7,47.2,Day,Team-A
PROD-02270,2024-07-19,End-of-Line Test,21,18,17,1,3,64.3,Night,Team-C
PROD-02271,2024-04-24,Motor Installation,46,42,40,2,4,41.5,Swing,Team-D
PROD-02272,2023-05-08,Battery Installation,59,58,58,0,1,56.3,Night,Team-D
PROD-02273,2024-12-16,Wing Assembly,70,64,59,5,6,40.2,Day,Team-A
PROD-02274,2024-07-13,Battery Installation,42,40,38,2,2,61.9,Day,Team-A
PROD-02275,2024-04-12,End-of-Line Test,56,49,43,6,7,52.6,Day,Team-D
PROD-02276,2024-07-03,Battery Installation,93,88,82,6,5,54.3,Night,Team-B
PROD-02277,2023-01-06,End-of-Line Test,33,29,27,2,4,60.9,Swing,Team-C
PROD-02278,2024-02-09,End-of-Line Test,69,61,56,5,8,45.0,Swing,Team-D
PROD-02279,2023-12-17,Final Assembly,65,59,55,4,6,55.7,Night,Team-D
PROD-02280,2023-05-22,End-of-Line Test,35,33,31,2,2,61.0,Night,Team-D
PROD-02281,2024-05-31,Battery Installation,87,85,83,2,2,60.9,Swing,Team-B
PROD-02282,2023-05-04,Battery Installation,30,29,28,1,1,52.7,Day,Team-D
PROD-02283,2023-06-27,Payload Assembly,83,78,65,13,5,63.9,Night,Team-A
PROD-02284,2024-07-21,Payload Assembly,59,56,55,1,3,57.3,Night,Team-A
PROD-02285,2024-05-09,Battery Installation,44,43,43,0,1,51.6,Swing,Team-A
PROD-02286,2023-05-27,Payload Assembly,89,83,79,4,6,62.2,Night,Team-A
PROD-02287,2024-02-08,Wing Assembly,60,54,50,4,6,32.6,Swing,Team-B
PROD-02288,2023-09-23,Wing Assembly,31,29,27,2,2,51.0,Day,Team-D
PROD-02289,2024-10-20,Battery Installation,95,88,83,5,7,59.2,Day,Team-D
PROD-02290,2023-03-03,Battery Installation,53,51,50,1,2,59.0,Swing,Team-B
PROD-02291,2023-01-26,End-of-Line Test,100,95,89,6,5,63.5,Swing,Team-A
PROD-02292,2024-10-14,Payload Assembly,81,76,70,6,5,53.1,Night,Team-C
PROD-02293,2023-01-12,Motor Installation,77,71,68,3,6,70.1,Swing,Team-D
PROD-02294,2023-06-13,Wing Assembly,77,71,67,4,6,56.1,Day,Team-D
PROD-02295,2023-04-24,End-of-Line Test,62,58,50,8,4,62.2,Night,Team-D
PROD-02296,2023-07-26,Wing Assembly,59,56,48,8,3,21.6,Swing,Team-A
PROD-02297,2024-06-29,End-of-Line Test,44,40,35,5,4,69.9,Swing,Team-A
PROD-02298,2023-10-22,Motor Installation,99,94,87,7,5,41.8,Night,Team-B
PROD-02299,2024-01-16,Motor Installation,83,81,80,1,2,43.9,Day,Team-A
PROD-02300,2024-04-20,End-of-Line Test,55,51,48,3,4,47.7,Day,Team-C
PROD-02301,2023-07-09,Motor Installation,49,48,47,1,1,44.7,Swing,Team-A
PROD-02302,2024-04-18,Battery Installation,52,50,50,0,2,51.8,Night,Team-B
PROD-02303,2023-07-01,End-of-Line Test,30,28,25,3,2,58.5,Swing,Team-D
PROD-02304,2023-04-26,Battery Installation,85,80,76,4,5,57.6,Day,Team-A
PROD-02305,2023-05-29,Battery Installation,72,71,71,0,1,61.2,Night,Team-D
PROD-02306,2023-01-12,Wing Assembly,72,68,64,4,4,36.8,Swing,Team-D
PROD-02307,2023-11-29,Motor Installation,29,26,24,2,3,42.3,Swing,Team-B
PROD-02308,2024-02-07,End-of-Line Test,99,92,78,14,7,68.0,Day,Team-A
PROD-02309,2024-05-04,Payload Assembly,79,74,67,7,5,48.2,Swing,Team-D
PROD-02310,2023-06-14,Wing Assembly,31,27,24,3,4,44.2,Swing,Team-B
PROD-02311,2023-06-14,Battery Installation,47,45,44,1,2,53.1,Night,Team-D
PROD-02312,2023-02-13,End-of-Line Test,25,22,19,3,3,43.4,Swing,Team-D
PROD-02313,2023-11-05,End-of-Line Test,94,86,75,11,8,50.4,Day,Team-A
PROD-02314,2023-01-30,Wing Assembly,39,37,34,3,2,32.2,Swing,Team-A
PROD-02315,2024-02-16,Motor Installation,70,67,63,4,3,45.7,Night,Team-C
PROD-02316,2024-09-24,Wing Assembly,91,83,77,6,8,59.2,Night,Team-D
PROD-02317,2023-05-07,Motor Installation,87,85,84,1,2,38.4,Day,Team-A
PROD-02318,2023-08-10,Wing Assembly,43,40,35,5,3,42.3,Swing,Team-C
PROD-02319,2024-07-18,End-of-Line Test,43,37,33,4,6,64.2,Day,Team-B
PROD-02320,2023-05-31,Payload Assembly,56,53,51,2,3,51.9,Swing,Team-B
PROD-02321,2024-01-24,End-of-Line Test,23,20,18,2,3,62.7,Swing,Team-B
PROD-02322,2024-09-21,Battery Installation,89,86,81,5,3,39.3,Night,Team-B
PROD-02323,2024-08-26,Battery Installation,60,57,53,4,3,61.3,Night,Team-B
PROD-02324,2023-05-25,Wing Assembly,26,24,23,1,2,48.7,Day,Team-A
PROD-02325,2023-12-13,End-of-Line Test,58,52,48,4,6,55.1,Night,Team-A
PROD-02326,2024-04-15,Motor Installation,92,88,84,4,4,45.8,Day,Team-B
PROD-02327,2023-11-06,Battery Installation,94,91,86,5,3,52.1,Night,Team-C
PROD-02328,2023-09-25,Wing Assembly,21,19,17,2,2,28.6,Night,Team-C
PROD-02329,2024-10-14,Battery Installation,46,44,42,2,2,61.9,Day,Team-D
PROD-02330,2024-04-13,Payload Assembly,50,47,46,1,3,58.4,Night,Team-D
PROD-02331,2023-12-19,Battery Installation,73,72,72,0,1,52.8,Day,Team-B
PROD-02332,2023-03-27,Payload Assembly,70,68,66,2,2,58.0,Day,Team-B
PROD-02333,2024-07-29,Battery Installation,78,76,74,2,2,48.3,Day,Team-A
PROD-02334,2024-04-20,Wing Assembly,28,26,25,1,2,38.1,Night,Team-A
PROD-02335,2023-10-13,Payload Assembly,32,29,27,2,3,57.4,Day,Team-C
PROD-02336,2024-03-24,Final Assembly,46,41,38,3,5,49.3,Swing,Team-D
PROD-02337,2023-05-01,Wing Assembly,26,24,23,1,2,35.2,Day,Team-A
PROD-02338,2024-10-19,Battery Installation,50,48,46,2,2,62.2,Swing,Team-A
PROD-02339,2023-03-07,Payload Assembly,33,31,30,1,2,51.4,Night,Team-B
PROD-02340,2024-04-13,Payload Assembly,38,36,35,1,2,58.5,Swing,Team-D
PROD-02341,2024-05-28,Battery Installation,100,99,97,2,1,52.3,Day,Team-B
PROD-02342,2023-09-30,End-of-Line Test,56,51,44,7,5,56.6,Swing,Team-D
PROD-02343,2024-12-18,Wing Assembly,95,88,83,5,7,37.8,Swing,Team-C
PROD-02344,2023-10-17,Final Assembly,75,69,62,7,6,62.0,Swing,Team-B
PROD-02345,2024-01-23,End-of-Line Test,51,45,40,5,6,57.7,Night,Team-A
PROD-02346,2023-06-20,Battery Installation,77,72,67,5,5,52.7,Night,Team-A
PROD-02347,2023-03-07,End-of-Line Test,43,40,35,5,3,62.3,Day,Team-B
PROD-02348,2024-01-30,Wing Assembly,84,77,67,10,7,43.0,Swing,Team-A
PROD-02349,2024-09-02,Motor Installation,92,87,85,2,5,54.5,Night,Team-C
PROD-02350,2024-01-28,Payload Assembly,62,60,59,1,2,59.7,Day,Team-A
PROD-02351,2024-12-24,Payload Assembly,31,29,28,1,2,55.1,Day,Team-A
PROD-02352,2023-09-10,Motor Installation,42,39,38,1,3,43.4,Day,Team-C
PROD-02353,2024-08-02,Battery Installation,74,73,73,0,1,55.5,Night,Team-C
PROD-02354,2023-07-14,End-of-Line Test,70,65,59,6,5,63.1,Swing,Team-A
PROD-02355,2024-07-03,Final Assembly,82,77,68,9,5,61.0,Swing,Team-D
PROD-02356,2023-03-26,Payload Assembly,92,88,83,5,4,45.9,Night,Team-D
PROD-02357,2023-05-29,Wing Assembly,66,65,63,2,1,55.1,Night,Team-A
PROD-02358,2024-09-10,Wing Assembly,33,29,27,2,4,47.7,Night,Team-C
PROD-02359,2024-05-02,Motor Installation,81,77,69,8,4,44.5,Swing,Team-C
PROD-02360,2024-02-09,Wing Assembly,33,31,29,2,2,61.3,Day,Team-B
PROD-02361,2024-05-30,End-of-Line Test,46,42,37,5,4,52.6,Night,Team-D
PROD-02362,2024-09-14,Motor Installation,88,85,78,7,3,52.5,Night,Team-A
PROD-02363,2024-11-07,Payload Assembly,34,31,28,3,3,50.3,Swing,Team-A
PROD-02364,2023-06-12,Payload Assembly,31,28,25,3,3,41.5,Day,Team-B
PROD-02365,2024-11-21,Final Assembly,39,34,31,3,5,61.4,Day,Team-C
PROD-02366,2023-01-05,Wing Assembly,56,54,52,2,2,30.1,Swing,Team-D
PROD-02367,2023-12-25,Wing Assembly,73,67,64,3,6,51.3,Night,Team-D
PROD-02368,2024-04-04,End-of-Line Test,29,26,21,5,3,74.9,Night,Team-C
PROD-02369,2023-12-15,Payload Assembly,21,19,19,0,2,50.0,Night,Team-C
PROD-02370,2023-02-07,Battery Installation,64,63,63,0,1,44.2,Day,Team-C
PROD-02371,2024-04-18,End-of-Line Test,37,34,32,2,3,47.2,Night,Team-B
PROD-02372,2024-09-19,Wing Assembly,36,33,31,2,3,29.6,Night,Team-D
PROD-02373,2023-03-24,Payload Assembly,58,55,51,4,3,52.9,Night,Team-A
PROD-02374,2024-10-18,Wing Assembly,85,79,75,4,6,40.4,Swing,Team-B
PROD-02375,2023-10-04,Motor Installation,89,87,85,2,2,50.5,Swing,Team-C
PROD-02376,2023-07-04,End-of-Line Test,76,69,61,8,7,50.4,Day,Team-B
PROD-02377,2023-12-22,Wing Assembly,35,32,29,3,3,36.4,Swing,Team-B
PROD-02378,2024-01-01,Motor Installation,66,63,61,2,3,51.8,Night,Team-B
PROD-02379,2024-04-14,Motor Installation,65,63,62,1,2,48.6,Swing,Team-C
PROD-02380,2023-08-17,Wing Assembly,84,77,73,4,7,48.2,Swing,Team-D
PROD-02381,2024-04-19,Final Assembly,85,80,76,4,5,50.6,Day,Team-C
PROD-02382,2024-06-10,Motor Installation,47,44,42,2,3,38.1,Night,Team-C
PROD-02383,2024-04-18,End-of-Line Test,22,20,18,2,2,51.7,Night,Team-D
PROD-02384,2023-09-18,Final Assembly,47,42,39,3,5,56.6,Night,Team-C
PROD-02385,2024-01-26,End-of-Line Test,55,48,43,5,7,60.9,Swing,Team-A
PROD-02386,2023-03-08,Final Assembly,79,72,66,6,7,63.7,Night,Team-A
PROD-02387,2024-08-16,Motor Installation,82,75,71,4,7,37.0,Day,Team-B
PROD-02388,2024-02-23,End-of-Line Test,57,52,47,5,5,59.9,Night,Team-A
PROD-02389,2023-11-21,Payload Assembly,81,79,76,3,2,53.9,Day,Team-D
PROD-02390,2023-05-17,Payload Assembly,39,36,35,1,3,56.1,Night,Team-B
PROD-02391,2024-02-16,Motor Installation,23,21,20,1,2,43.8,Night,Team-C
PROD-02392,2023-10-15,Final Assembly,64,60,57,3,4,59.9,Day,Team-C
PROD-02393,2023-09-10,Motor Installation,83,80,76,4,3,35.6,Day,Team-A
PROD-02394,2024-07-15,End-of-Line Test,31,28,26,2,3,55.0,Night,Team-D
PROD-02395,2024-07-14,End-of-Line Test,77,68,62,6,9,77.2,Night,Team-C
PROD-02396,2024-11-13,End-of-Line Test,97,91,84,7,6,62.5,Day,Team-C
PROD-02397,2024-11-27,Wing Assembly,37,35,34,1,2,30.4,Night,Team-A
PROD-02398,2024-11-07,Payload Assembly,88,82,78,4,6,64.4,Swing,Team-B
PROD-02399,2024-06-22,Wing Assembly,35,33,31,2,2,50.1,Night,Team-C
PROD-02400,2024-11-01,Motor Installation,67,65,63,2,2,40.6,Night,Team-D
PROD-02401,2023-03-29,Battery Installation,65,63,59,4,2,50.7,Day,Team-D
PROD-02402,2023-07-18,Payload Assembly,30,28,26,2,2,70.8,Night,Team-C
PROD-02403,2023-08-21,Final Assembly,63,58,55,3,5,67.4,Day,Team-B
PROD-02404,2024-03-28,Final Assembly,58,53,47,6,5,67.0,Day,Team-D
PROD-02405,2023-11-02,Battery Installation,64,63,61,2,1,50.1,Day,Team-A
PROD-02406,2023-12-04,Wing Assembly,46,43,42,1,3,43.3,Night,Team-C
PROD-02407,2024-12-09,Wing Assembly,26,24,22,2,2,34.8,Swing,Team-D
PROD-02408,2024-06-10,Battery Installation,92,89,87,2,3,53.1,Swing,Team-D
PROD-02409,2024-01-08,Payload Assembly,30,29,28,1,1,52.0,Swing,Team-B
PROD-02410,2023-07-12,Final Assembly,79,74,67,7,5,48.1,Swing,Team-C
PROD-02411,2024-11-30,Payload Assembly,23,22,21,1,1,44.8,Night,Team-D
PROD-02412,2023-02-28,Payload Assembly,23,21,20,1,2,54.0,Day,Team-C
PROD-02413,2023-06-08,End-of-Line Test,79,73,63,10,6,52.2,Night,Team-B
PROD-02414,2023-10-26,End-of-Line Test,35,31,29,2,4,52.8,Night,Team-C
PROD-02415,2023-02-25,Motor Installation,44,42,40,2,2,48.8,Day,Team-C
PROD-02416,2023-03-28,Wing Assembly,86,81,77,4,5,46.5,Swing,Team-D
PROD-02417,2023-11-06,End-of-Line Test,43,38,35,3,5,69.5,Night,Team-A
PROD-02418,2023-07-31,Battery Installation,92,90,88,2,2,46.2,Swing,Team-B
PROD-02419,2024-06-08,Battery Installation,99,98,98,0,1,44.6,Day,Team-C
PROD-02420,2024-03-26,Final Assembly,34,32,31,1,2,69.9,Day,Team-C
PROD-02421,2024-03-04,Motor Installation,78,74,72,2,4,48.8,Night,Team-A
PROD-02422,2023-07-11,Final Assembly,91,87,81,6,4,60.4,Night,Team-B
PROD-02423,2023-04-05,End-of-Line Test,90,84,73,11,6,69.6,Day,Team-C
PROD-02424,2023-10-31,Battery Installation,23,21,21,0,2,46.6,Night,Team-A
PROD-02425,2023-12-06,Wing Assembly,37,35,33,2,2,51.4,Swing,Team-A
PROD-02426,2023-02-13,Motor Installation,26,24,23,1,2,27.6,Swing,Team-C
PROD-02427,2023-09-16,Payload Assembly,32,30,29,1,2,54.0,Day,Team-C
PROD-02428,2023-02-02,Final Assembly,96,92,88,4,4,60.6,Night,Team-C
PROD-02429,2024-02-02,End-of-Line Test,80,74,66,8,6,68.2,Swing,Team-A
PROD-02430,2024-12-08,Wing Assembly,32,30,25,5,2,35.1,Night,Team-A
PROD-02431,2023-12-16,Battery Installation,29,28,28,0,1,50.0,Night,Team-D
PROD-02432,2023-12-28,Motor Installation,30,27,26,1,3,50.6,Swing,Team-A
PROD-02433,2024-09-06,Wing Assembly,26,24,23,1,2,41.6,Night,Team-B
PROD-02434,2023-09-07,Final Assembly,28,26,25,1,2,66.7,Swing,Team-C
PROD-02435,2024-03-26,Battery Installation,30,29,29,0,1,43.9,Day,Team-D
PROD-02436,2023-12-01,Battery Installation,48,47,47,0,1,40.9,Day,Team-D
PROD-02437,2023-07-19,Motor Installation,78,74,69,5,4,26.7,Night,Team-A
PROD-02438,2023-05-15,End-of-Line Test,39,36,34,2,3,55.8,Night,Team-B
PROD-02439,2024-10-28,Final Assembly,41,39,35,4,2,54.8,Day,Team-A
PROD-02440,2023-06-01,Motor Installation,52,51,51,0,1,57.8,Swing,Team-C
PROD-02441,2024-12-18,Final Assembly,68,65,62,3,3,46.0,Swing,Team-C
PROD-02442,2024-12-28,End-of-Line Test,30,27,24,3,3,65.0,Day,Team-B
PROD-02443,2023-02-28,End-of-Line Test,81,71,64,7,10,54.1,Night,Team-D
PROD-02444,2024-07-27,Battery Installation,94,89,78,11,5,49.4,Swing,Team-C
PROD-02445,2024-06-15,Final Assembly,34,32,30,2,2,55.3,Night,Team-A
PROD-02446,2023-05-14,Final Assembly,94,90,85,5,4,59.3,Day,Team-A
PROD-02447,2023-06-18,Battery Installation,70,68,67,1,2,49.6,Night,Team-C
PROD-02448,2024-04-21,Wing Assembly,50,43,39,4,7,53.8,Night,Team-A
PROD-02449,2024-06-03,Wing Assembly,100,92,82,10,8,39.0,Night,Team-D
PROD-02450,2024-07-20,Wing Assembly,85,80,76,4,5,37.0,Day,Team-C
PROD-02451,2023-10-23,Motor Installation,60,59,58,1,1,46.3,Night,Team-A
PROD-02452,2024-05-15,Wing Assembly,27,25,23,2,2,50.5,Swing,Team-D
PROD-02453,2024-04-26,Final Assembly,21,19,19,0,2,56.8,Night,Team-B
PROD-02454,2023-04-28,Motor Installation,80,74,69,5,6,49.1,Night,Team-A
PROD-02455,2024-12-02,Battery Installation,71,69,67,2,2,50.8,Night,Team-B
PROD-02456,2023-04-18,Motor Installation,57,55,51,4,2,49.3,Night,Team-D
PROD-02457,2023-04-26,Wing Assembly,26,24,24,0,2,52.5,Night,Team-C
PROD-02458,2023-10-13,Payload Assembly,89,83,78,5,6,53.4,Day,Team-B
PROD-02459,2023-06-21,End-of-Line Test,74,70,66,4,4,54.3,Swing,Team-B
PROD-02460,2024-07-05,Motor Installation,67,64,60,4,3,40.8,Night,Team-B
PROD-02461,2023-03-10,Payload Assembly,61,58,52,6,3,51.9,Night,Team-B
PROD-02462,2023-10-29,Final Assembly,48,45,39,6,3,57.7,Night,Team-C
PROD-02463,2023-03-23,Wing Assembly,36,33,30,3,3,36.4,Day,Team-D
PROD-02464,2023-01-25,Battery Installation,71,68,67,1,3,52.5,Night,Team-B
PROD-02465,2024-05-24,End-of-Line Test,51,47,41,6,4,62.6,Night,Team-C
PROD-02466,2024-07-31,Payload Assembly,62,58,53,5,4,51.8,Night,Team-D
PROD-02467,2023-04-12,End-of-Line Test,83,77,71,6,6,47.3,Day,Team-B
PROD-02468,2024-03-26,Wing Assembly,96,85,72,13,11,54.4,Day,Team-D
PROD-02469,2023-02-04,Motor Installation,79,76,70,6,3,49.3,Day,Team-C
PROD-02470,2023-09-16,Motor Installation,42,37,35,2,5,49.8,Swing,Team-B
PROD-02471,2023-08-22,Payload Assembly,56,52,48,4,4,63.1,Night,Team-A
PROD-02472,2024-06-14,End-of-Line Test,62,56,52,4,6,48.4,Night,Team-A
PROD-02473,2023-03-30,Motor Installation,24,23,21,2,1,53.6,Night,Team-C
PROD-02474,2024-07-20,Motor Installation,44,41,39,2,3,46.9,Day,Team-C
PROD-02475,2024-08-04,Motor Installation,25,24,23,1,1,52.6,Day,Team-B
PROD-02476,2024-12-05,Payload Assembly,81,77,72,5,4,55.4,Night,Team-C
PROD-02477,2024-09-29,Motor Installation,100,99,98,1,1,53.9,Swing,Team-B
PROD-02478,2024-11-19,Motor Installation,77,75,72,3,2,59.4,Day,Team-D
PROD-02479,2023-08-13,Wing Assembly,66,60,55,5,6,48.1,Swing,Team-B
PROD-02480,2024-09-27,Wing Assembly,70,69,67,2,1,45.1,Day,Team-D
PROD-02481,2023-01-30,Payload Assembly,29,27,26,1,2,72.9,Swing,Team-B
PROD-02482,2024-01-07,Final Assembly,43,41,40,1,2,61.9,Swing,Team-A
PROD-02483,2023-04-24,Battery Installation,46,44,42,2,2,45.0,Day,Team-C
PROD-02484,2024-09-04,Motor Installation,33,31,30,1,2,33.2,Swing,Team-B
PROD-02485,2023-07-12,Wing Assembly,36,33,32,1,3,46.6,Swing,Team-B
PROD-02486,2024-04-27,Final Assembly,88,82,75,7,6,53.2,Day,Team-B
PROD-02487,2024-08-08,End-of-Line Test,66,62,58,4,4,56.9,Night,Team-D
PROD-02488,2024-08-16,Motor Installation,47,46,46,0,1,55.3,Day,Team-B
PROD-02489,2024-06-03,Payload Assembly,95,89,76,13,6,45.7,Night,Team-D
PROD-02490,2024-06-13,Final Assembly,89,84,80,4,5,48.9,Night,Team-A
PROD-02491,2023-10-16,End-of-Line Test,96,85,76,9,11,47.6,Swing,Team-B
PROD-02492,2024-04-13,Motor Installation,70,66,56,10,4,53.1,Day,Team-A
PROD-02493,2024-09-20,Payload Assembly,59,56,54,2,3,59.5,Day,Team-D
PROD-02494,2023-01-16,Final Assembly,54,51,48,3,3,55.3,Day,Team-D
PROD-02495,2023-05-28,End-of-Line Test,96,91,82,9,5,59.3,Day,Team-B
PROD-02496,2024-01-28,Final Assembly,91,85,80,5,6,53.2,Day,Team-B
PROD-02497,2024-10-22,Wing Assembly,52,50,47,3,2,56.8,Night,Team-D
PROD-02498,2023-11-06,Motor Installation,58,54,51,3,4,45.7,Day,Team-B
PROD-02499,2024-12-21,Wing Assembly,74,71,65,6,3,35.8,Night,Team-B
PROD-02500,2024-11-14,Final Assembly,69,66,61,5,3,51.6,Swing,Team-A
PROD-02501,2024-12-10,Payload Assembly,89,87,84,3,2,59.1,Day,Team-A
PROD-02502,2024-05-07,End-of-Line Test,70,63,58,5,7,67.3,Swing,Team-D
PROD-02503,2023-04-21,Motor Installation,55,52,49,3,3,45.5,Swing,Team-C
PROD-02504,2024-01-01,Motor Installation,28,26,25,1,2,50.1,Swing,Team-D
PROD-02505,2024-05-20,End-of-Line Test,63,58,49,9,5,50.5,Swing,Team-B
PROD-02506,2023-07-30,Payload Assembly,45,42,41,1,3,62.6,Day,Team-B
PROD-02507,2023-09-03,Motor Installation,89,81,75,6,8,65.3,Night,Team-D
PROD-02508,2024-09-15,Wing Assembly,44,41,39,2,3,34.9,Day,Team-B
PROD-02509,2023-06-16,Final Assembly,27,25,23,2,2,62.4,Night,Team-A
PROD-02510,2024-05-25,Payload Assembly,65,60,54,6,5,49.6,Day,Team-A
PROD-02511,2024-06-23,Wing Assembly,73,64,59,5,9,42.8,Night,Team-D
PROD-02512,2023-09-20,Battery Installation,56,53,50,3,3,47.7,Swing,Team-D
PROD-02513,2023-02-04,Final Assembly,70,64,59,5,6,59.3,Night,Team-B
PROD-02514,2024-11-12,Final Assembly,29,28,26,2,1,61.1,Day,Team-B
PROD-02515,2023-10-12,Wing Assembly,66,61,57,4,5,39.4,Swing,Team-C
PROD-02516,2024-11-17,Payload Assembly,78,74,71,3,4,57.2,Day,Team-A
PROD-02517,2023-01-19,Battery Installation,85,84,84,0,1,44.1,Night,Team-B
PROD-02518,2023-12-10,Final Assembly,43,40,39,1,3,65.8,Night,Team-B
PROD-02519,2023-05-16,End-of-Line Test,38,34,31,3,4,63.2,Night,Team-B
PROD-02520,2024-02-04,Final Assembly,73,67,61,6,6,62.3,Night,Team-A
PROD-02521,2023-02-02,Wing Assembly,79,75,71,4,4,41.7,Day,Team-C
PROD-02522,2024-09-30,Battery Installation,95,89,86,3,6,44.4,Night,Team-C
PROD-02523,2023-03-07,Payload Assembly,92,91,89,2,1,45.3,Day,Team-A
PROD-02524,2024-05-08,End-of-Line Test,86,82,74,8,4,77.5,Swing,Team-C
PROD-02525,2023-06-09,Wing Assembly,68,65,60,5,3,36.5,Swing,Team-D
PROD-02526,2023-10-12,Battery Installation,48,47,46,1,1,37.0,Night,Team-B
PROD-02527,2023-02-09,Final Assembly,61,56,53,3,5,58.6,Night,Team-C
PROD-02528,2024-05-31,End-of-Line Test,90,80,73,7,10,65.3,Night,Team-A
PROD-02529,2023-01-14,Battery Installation,100,97,95,2,3,53.6,Day,Team-B
PROD-02530,2024-09-27,Final Assembly,99,90,85,5,9,57.0,Night,Team-D
PROD-02531,2023-12-29,Payload Assembly,89,87,86,1,2,42.8,Swing,Team-B
PROD-02532,2023-09-05,Payload Assembly,67,63,58,5,4,51.6,Night,Team-C
PROD-02533,2024-06-13,Motor Installation,24,23,22,1,1,42.8,Night,Team-A
PROD-02534,2023-02-02,Battery Installation,44,41,39,2,3,59.2,Day,Team-B
PROD-02535,2023-03-26,Payload Assembly,41,38,35,3,3,51.8,Day,Team-B
PROD-02536,2023-07-13,Payload Assembly,74,69,61,8,5,54.1,Night,Team-B
PROD-02537,2024-12-05,Battery Installation,89,87,85,2,2,51.6,Night,Team-A
PROD-02538,2023-09-03,Battery Installation,79,75,72,3,4,44.5,Swing,Team-C
PROD-02539,2023-10-11,Final Assembly,33,32,30,2,1,66.5,Swing,Team-B
PROD-02540,2024-11-15,Final Assembly,62,59,54,5,3,68.5,Day,Team-B
PROD-02541,2023-10-09,Payload Assembly,96,92,86,6,4,65.8,Day,Team-D
PROD-02542,2024-06-19,Payload Assembly,50,46,42,4,4,58.0,Day,Team-B
PROD-02543,2023-07-22,Final Assembly,97,91,86,5,6,44.9,Night,Team-A
PROD-02544,2023-05-30,Motor Installation,44,41,38,3,3,43.6,Swing,Team-B
PROD-02545,2023-02-07,Motor Installation,46,43,39,4,3,26.8,Day,Team-C
PROD-02546,2024-05-02,End-of-Line Test,27,24,22,2,3,64.5,Night,Team-D
PROD-02547,2024-04-28,Wing Assembly,92,82,76,6,10,49.6,Night,Team-A
PROD-02548,2024-11-13,Motor Installation,30,27,24,3,3,56.6,Night,Team-A
PROD-02549,2024-07-29,Wing Assembly,95,92,88,4,3,52.9,Night,Team-A
PROD-02550,2023-08-24,Wing Assembly,99,92,84,8,7,42.5,Day,Team-C
PROD-02551,2024-07-13,Payload Assembly,45,42,37,5,3,59.1,Day,Team-A
PROD-02552,2023-11-19,Motor Installation,33,30,28,2,3,65.8,Night,Team-B
PROD-02553,2023-09-24,Payload Assembly,69,65,60,5,4,53.3,Night,Team-B
PROD-02554,2023-04-06,Payload Assembly,64,62,60,2,2,54.4,Day,Team-C
PROD-02555,2024-02-19,Wing Assembly,97,86,78,8,11,46.1,Day,Team-A
PROD-02556,2023-09-11,Motor Installation,63,57,53,4,6,32.8,Day,Team-C
PROD-02557,2023-12-04,Final Assembly,82,79,74,5,3,49.3,Night,Team-B
PROD-02558,2024-02-02,Payload Assembly,44,42,38,4,2,73.2,Swing,Team-B
PROD-02559,2023-02-27,Wing Assembly,89,84,79,5,5,43.5,Swing,Team-A
PROD-02560,2024-02-10,Payload Assembly,64,60,56,4,4,56.0,Swing,Team-C
PROD-02561,2024-04-05,Wing Assembly,80,78,76,2,2,39.4,Night,Team-C
PROD-02562,2024-03-05,Final Assembly,54,49,44,5,5,55.6,Day,Team-B
PROD-02563,2023-01-29,Payload Assembly,30,29,27,2,1,34.5,Night,Team-C
PROD-02564,2024-02-26,Motor Installation,94,92,91,1,2,42.0,Night,Team-D
PROD-02565,2023-03-03,Final Assembly,66,61,56,5,5,52.2,Night,Team-C
PROD-02566,2023-11-30,Wing Assembly,51,46,43,3,5,38.5,Day,Team-D
PROD-02567,2024-05-06,Motor Installation,79,76,74,2,3,50.7,Swing,Team-B
PROD-02568,2024-08-01,End-of-Line Test,28,26,24,2,2,73.0,Night,Team-D
PROD-02569,2023-12-22,Final Assembly,29,26,24,2,3,49.4,Swing,Team-A
PROD-02570,2024-06-22,End-of-Line Test,100,94,88,6,6,65.3,Swing,Team-C
PROD-02571,2023-08-24,End-of-Line Test,87,83,72,11,4,57.7,Day,Team-C
PROD-02572,2023-12-02,End-of-Line Test,42,39,35,4,3,60.2,Swing,Team-C
PROD-02573,2023-02-02,End-of-Line Test,27,26,24,2,1,81.6,Night,Team-B
PROD-02574,2023-09-30,Motor Installation,56,54,52,2,2,41.5,Night,Team-B
PROD-02575,2023-11-25,Motor Installation,31,29,28,1,2,56.9,Swing,Team-D
PROD-02576,2024-04-10,Payload Assembly,44,42,38,4,2,56.2,Swing,Team-D
PROD-02577,2024-12-22,End-of-Line Test,89,86,83,3,3,57.1,Swing,Team-D
PROD-02578,2023-07-17,Wing Assembly,43,38,36,2,5,47.5,Swing,Team-B
PROD-02579,2023-07-09,Motor Installation,72,69,66,3,3,22.4,Day,Team-D
PROD-02580,2024-02-16,End-of-Line Test,83,75,70,5,8,64.3,Day,Team-B
PROD-02581,2024-08-09,Motor Installation,20,19,18,1,1,44.1,Day,Team-A
PROD-02582,2023-12-29,Final Assembly,61,60,58,2,1,49.4,Night,Team-C
PROD-02583,2024-03-28,Battery Installation,69,67,64,3,2,39.7,Day,Team-A
PROD-02584,2024-09-14,Payload Assembly,42,40,37,3,2,60.8,Day,Team-B
PROD-02585,2023-03-03,End-of-Line Test,96,92,85,7,4,55.3,Day,Team-A
PROD-02586,2024-09-29,Battery Installation,71,68,66,2,3,69.3,Swing,Team-A
PROD-02587,2024-08-10,Final Assembly,49,46,44,2,3,68.7,Day,Team-B
PROD-02588,2024-04-04,Motor Installation,26,24,23,1,2,56.4,Day,Team-D
PROD-02589,2024-03-19,Wing Assembly,75,72,68,4,3,46.5,Day,Team-C
PROD-02590,2024-02-03,Wing Assembly,53,50,48,2,3,51.6,Day,Team-A
PROD-02591,2023-12-29,Battery Installation,35,33,32,1,2,56.0,Swing,Team-D
PROD-02592,2024-06-09,Battery Installation,49,44,42,2,5,51.2,Swing,Team-B
PROD-02593,2024-03-06,Payload Assembly,58,55,48,7,3,52.8,Night,Team-A
PROD-02594,2024-02-04,Payload Assembly,66,60,54,6,6,38.6,Day,Team-C
PROD-02595,2024-01-12,Payload Assembly,28,27,25,2,1,59.5,Day,Team-B
PROD-02596,2023-03-13,Battery Installation,54,50,45,5,4,54.5,Swing,Team-A
PROD-02597,2023-02-27,End-of-Line Test,93,87,76,11,6,48.8,Swing,Team-A
PROD-02598,2023-02-13,Battery Installation,27,26,25,1,1,39.2,Swing,Team-C
PROD-02599,2023-04-18,Battery Installation,90,88,87,1,2,58.6,Swing,Team-B
PROD-02600,2023-02-28,Battery Installation,90,88,86,2,2,47.4,Swing,Team-D
PROD-02601,2023-02-02,End-of-Line Test,26,24,22,2,2,56.7,Swing,Team-B
PROD-02602,2023-08-19,Motor Installation,82,79,75,4,3,55.7,Day,Team-D
PROD-02603,2024-07-04,Motor Installation,23,21,20,1,2,41.6,Night,Team-B
PROD-02604,2023-02-02,Final Assembly,27,25,23,2,2,62.1,Day,Team-C
PROD-02605,2024-06-15,Motor Installation,39,36,34,2,3,49.8,Day,Team-D
PROD-02606,2023-09-01,End-of-Line Test,89,85,74,11,4,54.5,Swing,Team-D
PROD-02607,2023-11-23,Wing Assembly,36,32,29,3,4,36.2,Swing,Team-B
PROD-02608,2023-09-29,Battery Installation,86,85,84,1,1,50.9,Swing,Team-D
PROD-02609,2024-08-08,Payload Assembly,32,29,27,2,3,63.5,Night,Team-C
PROD-02610,2023-11-29,Motor Installation,61,58,55,3,3,58.6,Swing,Team-B
PROD-02611,2024-06-17,End-of-Line Test,63,60,53,7,3,61.3,Swing,Team-D
PROD-02612,2023-11-27,Payload Assembly,81,78,76,2,3,69.6,Day,Team-C
PROD-02613,2024-07-21,Wing Assembly,49,43,39,4,6,37.4,Swing,Team-B
PROD-02614,2023-07-15,Final Assembly,69,64,59,5,5,66.7,Night,Team-C
PROD-02615,2024-10-10,End-of-Line Test,44,40,37,3,4,42.2,Swing,Team-A
PROD-02616,2024-08-06,Battery Installation,65,64,64,0,1,49.7,Night,Team-A
PROD-02617,2023-05-09,Payload Assembly,78,74,70,4,4,57.5,Night,Team-B
PROD-02618,2023-02-13,Final Assembly,67,62,56,6,5,51.4,Swing,Team-C
PROD-02619,2024-06-12,End-of-Line Test,53,50,48,2,3,60.8,Day,Team-C
PROD-02620,2024-02-27,Final Assembly,78,73,70,3,5,41.5,Swing,Team-D
PROD-02621,2024-09-05,Wing Assembly,100,96,93,3,4,51.5,Swing,Team-A
PROD-02622,2023-02-16,Battery Installation,86,82,76,6,4,63.9,Swing,Team-B
PROD-02623,2023-11-18,Motor Installation,22,21,20,1,1,40.1,Night,Team-B
PROD-02624,2024-11-08,End-of-Line Test,90,83,70,13,7,71.1,Swing,Team-B
PROD-02625,2023-05-05,Battery Installation,28,26,24,2,2,49.1,Night,Team-B
PROD-02626,2024-12-21,Payload Assembly,66,63,60,3,3,38.6,Swing,Team-C
PROD-02627,2024-07-06,Payload Assembly,64,61,59,2,3,65.2,Swing,Team-B
PROD-02628,2023-12-30,Battery Installation,74,71,68,3,3,57.9,Swing,Team-B
PROD-02629,2023-05-18,Final Assembly,80,78,74,4,2,64.5,Day,Team-B
PROD-02630,2024-07-21,Payload Assembly,28,26,24,2,2,49.4,Day,Team-A
PROD-02631,2023-09-06,Battery Installation,59,56,54,2,3,51.0,Swing,Team-B
PROD-02632,2024-09-14,End-of-Line Test,78,73,64,9,5,74.3,Night,Team-C
PROD-02633,2024-11-07,End-of-Line Test,86,77,70,7,9,76.2,Day,Team-D
PROD-02634,2023-02-13,End-of-Line Test,100,96,88,8,4,62.7,Day,Team-B
PROD-02635,2024-01-23,Final Assembly,94,87,77,10,7,61.1,Day,Team-C
PROD-02636,2024-01-25,Battery Installation,74,70,67,3,4,66.6,Day,Team-B
PROD-02637,2024-01-03,End-of-Line Test,33,29,25,4,4,57.4,Night,Team-B
PROD-02638,2023-01-01,End-of-Line Test,31,29,28,1,2,67.4,Day,Team-C
PROD-02639,2023-09-20,End-of-Line Test,23,21,18,3,2,55.7,Swing,Team-D
PROD-02640,2023-12-31,End-of-Line Test,31,27,24,3,4,71.8,Swing,Team-C
PROD-02641,2024-01-29,Payload Assembly,43,40,38,2,3,52.2,Day,Team-A
PROD-02642,2023-04-02,Motor Installation,72,69,67,2,3,52.2,Swing,Team-A
PROD-02643,2024-04-05,Battery Installation,72,70,69,1,2,49.9,Swing,Team-B
PROD-02644,2023-02-26,Final Assembly,30,27,25,2,3,42.7,Swing,Team-C
PROD-02645,2023-10-14,End-of-Line Test,27,23,21,2,4,60.6,Day,Team-B
PROD-02646,2023-10-31,End-of-Line Test,98,84,75,9,14,57.4,Day,Team-C
PROD-02647,2024-09-05,Battery Installation,27,26,25,1,1,59.9,Swing,Team-D
PROD-02648,2023-05-10,Motor Installation,47,46,45,1,1,52.0,Night,Team-B
PROD-02649,2023-02-19,End-of-Line Test,48,42,38,4,6,50.0,Day,Team-A
PROD-02650,2024-03-03,Payload Assembly,30,28,27,1,2,55.2,Swing,Team-A
PROD-02651,2024-10-04,Wing Assembly,88,81,75,6,7,40.7,Day,Team-B
PROD-02652,2024-11-25,Final Assembly,47,42,38,4,5,68.6,Night,Team-D
PROD-02653,2023-10-26,End-of-Line Test,57,52,48,4,5,52.7,Night,Team-B
PROD-02654,2023-09-14,Battery Installation,29,28,28,0,1,43.4,Day,Team-B
PROD-02655,2024-03-22,End-of-Line Test,79,74,67,7,5,68.4,Swing,Team-D
PROD-02656,2024-03-06,End-of-Line Test,35,31,28,3,4,46.8,Day,Team-A
PROD-02657,2023-10-18,Battery Installation,58,55,53,2,3,55.8,Swing,Team-D
PROD-02658,2024-09-26,Final Assembly,22,21,20,1,1,52.2,Night,Team-D
PROD-02659,2023-03-13,Payload Assembly,53,50,48,2,3,67.6,Swing,Team-A
PROD-02660,2023-11-20,Payload Assembly,94,87,81,6,7,45.8,Swing,Team-B
PROD-02661,2023-03-06,Wing Assembly,47,45,41,4,2,50.2,Day,Team-A
PROD-02662,2024-04-15,Battery Installation,33,32,31,1,1,33.9,Swing,Team-C
PROD-02663,2024-07-31,Motor Installation,31,29,28,1,2,49.5,Night,Team-D
PROD-02664,2023-11-03,Payload Assembly,89,87,85,2,2,47.0,Night,Team-C
PROD-02665,2024-02-05,Final Assembly,38,36,34,2,2,64.7,Night,Team-A
PROD-02666,2024-03-16,End-of-Line Test,60,55,50,5,5,65.2,Swing,Team-B
PROD-02667,2023-10-28,Motor Installation,62,59,56,3,3,53.3,Day,Team-B
PROD-02668,2024-10-26,Wing Assembly,64,62,57,5,2,52.7,Night,Team-D
PROD-02669,2024-07-08,Wing Assembly,24,21,20,1,3,42.9,Day,Team-B
PROD-02670,2023-04-11,Battery Installation,41,40,40,0,1,47.5,Swing,Team-A
PROD-02671,2023-02-21,Battery Installation,46,43,42,1,3,55.9,Swing,Team-C
PROD-02672,2024-04-25,End-of-Line Test,58,55,49,6,3,52.2,Night,Team-D
PROD-02673,2024-06-14,Motor Installation,97,95,94,1,2,50.5,Day,Team-A
PROD-02674,2024-02-10,Payload Assembly,49,46,45,1,3,54.3,Swing,Team-D
PROD-02675,2024-04-22,End-of-Line Test,34,31,28,3,3,64.8,Swing,Team-A
PROD-02676,2024-12-28,Battery Installation,56,53,51,2,3,30.8,Day,Team-D
PROD-02677,2023-02-14,Payload Assembly,82,77,73,4,5,59.5,Swing,Team-C
PROD-02678,2023-07-17,Battery Installation,56,53,50,3,3,41.3,Night,Team-D
PROD-02679,2023-08-20,Final Assembly,57,54,50,4,3,58.9,Night,Team-B
PROD-02680,2024-06-21,Battery Installation,52,48,44,4,4,55.0,Day,Team-B
PROD-02681,2024-02-17,Motor Installation,38,37,36,1,1,56.8,Swing,Team-A
PROD-02682,2023-01-21,Wing Assembly,32,31,29,2,1,41.4,Day,Team-B
PROD-02683,2024-04-30,Final Assembly,72,68,62,6,4,50.4,Night,Team-D
PROD-02684,2023-08-02,Motor Installation,43,41,38,3,2,38.9,Swing,Team-B
PROD-02685,2024-11-16,Wing Assembly,71,67,62,5,4,46.8,Swing,Team-C
PROD-02686,2023-08-20,End-of-Line Test,55,47,41,6,8,65.4,Day,Team-C
PROD-02687,2023-12-31,End-of-Line Test,64,61,55,6,3,58.7,Day,Team-C
PROD-02688,2023-07-29,Battery Installation,27,26,25,1,1,43.8,Night,Team-B
PROD-02689,2023-01-31,Wing Assembly,42,40,39,1,2,45.2,Swing,Team-D
PROD-02690,2023-09-06,Payload Assembly,81,78,74,4,3,53.4,Night,Team-C
PROD-02691,2024-01-13,Battery Installation,24,23,22,1,1,60.9,Night,Team-B
PROD-02692,2023-01-13,Motor Installation,44,42,40,2,2,39.6,Swing,Team-C
PROD-02693,2023-12-22,Payload Assembly,51,48,43,5,3,65.0,Swing,Team-A
PROD-02694,2024-12-26,End-of-Line Test,43,39,34,5,4,63.1,Day,Team-A
PROD-02695,2023-03-14,Motor Installation,49,46,44,2,3,37.7,Day,Team-A
PROD-02696,2024-03-03,Payload Assembly,37,34,32,2,3,61.1,Day,Team-D
PROD-02697,2024-10-24,Final Assembly,50,47,42,5,3,66.7,Swing,Team-C
PROD-02698,2023-12-29,Battery Installation,24,23,22,1,1,48.6,Night,Team-A
PROD-02699,2023-09-12,End-of-Line Test,26,23,21,2,3,46.7,Night,Team-A
PROD-02700,2023-02-25,End-of-Line Test,34,32,31,1,2,58.9,Night,Team-D
PROD-02701,2024-08-12,End-of-Line Test,41,38,33,5,3,56.4,Swing,Team-A
PROD-02702,2023-06-11,Payload Assembly,78,75,68,7,3,44.0,Swing,Team-A
PROD-02703,2023-01-14,Final Assembly,85,81,73,8,4,62.2,Swing,Team-C
PROD-02704,2023-07-22,Payload Assembly,24,23,23,0,1,48.8,Swing,Team-D
PROD-02705,2024-03-22,Battery Installation,93,92,92,0,1,60.3,Night,Team-A
PROD-02706,2023-09-28,Motor Installation,99,98,97,1,1,35.6,Swing,Team-B
PROD-02707,2024-01-02,Battery Installation,57,55,53,2,2,58.7,Day,Team-B
PROD-02708,2024-03-16,Wing Assembly,82,77,74,3,5,44.5,Swing,Team-B
PROD-02709,2023-02-01,Battery Installation,42,40,37,3,2,40.8,Night,Team-D
PROD-02710,2024-03-11,Motor Installation,50,48,44,4,2,44.9,Night,Team-C
PROD-02711,2024-08-06,Final Assembly,61,55,50,5,6,55.3,Night,Team-D
PROD-02712,2024-01-26,Payload Assembly,29,28,26,2,1,67.0,Night,Team-A
PROD-02713,2023-08-21,Payload Assembly,72,69,64,5,3,46.5,Night,Team-A
PROD-02714,2023-07-25,End-of-Line Test,61,56,51,5,5,56.7,Swing,Team-D
PROD-02715,2023-05-18,Battery Installation,98,95,88,7,3,59.1,Day,Team-A
PROD-02716,2023-07-22,Battery Installation,31,30,30,0,1,60.7,Swing,Team-B
PROD-02717,2023-04-05,Wing Assembly,38,35,29,6,3,47.0,Day,Team-A
PROD-02718,2024-04-29,Wing Assembly,100,95,86,9,5,37.8,Day,Team-B
PROD-02719,2024-03-15,Battery Installation,72,70,67,3,2,49.7,Night,Team-B
PROD-02720,2023-10-08,Final Assembly,90,83,71,12,7,66.7,Swing,Team-A
PROD-02721,2023-10-15,Payload Assembly,25,23,22,1,2,54.9,Swing,Team-D
PROD-02722,2024-09-02,End-of-Line Test,91,85,74,11,6,50.0,Night,Team-B
PROD-02723,2024-10-15,Battery Installation,95,93,91,2,2,61.8,Night,Team-C
PROD-02724,2023-06-20,Final Assembly,50,48,47,1,2,56.1,Night,Team-D
PROD-02725,2023-04-05,Wing Assembly,54,51,48,3,3,34.7,Night,Team-B
PROD-02726,2024-07-13,Wing Assembly,26,24,23,1,2,33.9,Swing,Team-C
PROD-02727,2023-07-21,Final Assembly,60,58,55,3,2,60.5,Day,Team-D
PROD-02728,2024-02-10,Payload Assembly,31,29,28,1,2,63.4,Day,Team-D
PROD-02729,2023-05-06,Battery Installation,48,45,43,2,3,50.4,Swing,Team-D
PROD-02730,2024-10-10,Motor Installation,60,55,50,5,5,46.2,Swing,Team-D
PROD-02731,2023-06-06,Final Assembly,29,26,25,1,3,55.4,Night,Team-A
PROD-02732,2024-08-04,Motor Installation,96,93,85,8,3,51.0,Swing,Team-A
PROD-02733,2024-10-20,Battery Installation,41,40,40,0,1,58.7,Night,Team-C
PROD-02734,2024-09-18,Wing Assembly,43,39,37,2,4,44.7,Swing,Team-A
PROD-02735,2023-07-20,Battery Installation,54,52,50,2,2,53.9,Swing,Team-D
PROD-02736,2024-04-13,Final Assembly,62,57,51,6,5,58.7,Night,Team-B
PROD-02737,2024-12-04,Battery Installation,72,68,66,2,4,52.8,Day,Team-B
PROD-02738,2023-02-02,Payload Assembly,45,41,38,3,4,57.5,Night,Team-C
PROD-02739,2023-06-11,End-of-Line Test,64,59,50,9,5,70.1,Day,Team-A
PROD-02740,2024-09-07,Wing Assembly,21,20,18,2,1,53.4,Night,Team-B
PROD-02741,2024-03-26,End-of-Line Test,26,24,20,4,2,54.5,Swing,Team-D
PROD-02742,2024-11-04,End-of-Line Test,35,34,32,2,1,51.3,Day,Team-B
PROD-02743,2024-06-12,Final Assembly,47,44,42,2,3,43.9,Swing,Team-B
PROD-02744,2023-10-30,Payload Assembly,73,70,68,2,3,35.2,Day,Team-A
PROD-02745,2023-02-24,Payload Assembly,77,72,68,4,5,62.3,Night,Team-C
PROD-02746,2024-04-22,End-of-Line Test,70,63,58,5,7,55.9,Day,Team-D
PROD-02747,2024-01-23,Final Assembly,83,76,70,6,7,63.4,Swing,Team-D
PROD-02748,2023-08-30,Payload Assembly,77,76,76,0,1,49.0,Day,Team-C
PROD-02749,2024-04-21,Battery Installation,38,37,35,2,1,50.5,Swing,Team-A
PROD-02750,2024-09-30,Battery Installation,99,93,90,3,6,53.9,Swing,Team-C
PROD-02751,2024-10-12,Payload Assembly,88,84,76,8,4,51.1,Night,Team-C
PROD-02752,2023-11-20,Motor Installation,29,27,26,1,2,50.7,Day,Team-C
PROD-02753,2024-08-07,End-of-Line Test,40,38,35,3,2,67.5,Night,Team-D
PROD-02754,2023-09-20,Final Assembly,37,35,33,2,2,59.9,Night,Team-C
PROD-02755,2024-07-25,End-of-Line Test,57,52,45,7,5,53.9,Day,Team-B
PROD-02756,2023-09-30,Battery Installation,96,91,87,4,5,56.2,Day,Team-B
PROD-02757,2024-07-11,Payload Assembly,80,77,75,2,3,62.4,Night,Team-A
PROD-02758,2024-05-03,Battery Installation,23,22,22,0,1,55.8,Day,Team-A
PROD-02759,2023-03-18,Final Assembly,46,42,39,3,4,59.1,Swing,Team-D
PROD-02760,2023-11-13,Payload Assembly,47,45,44,1,2,60.5,Day,Team-C
PROD-02761,2024-06-23,Wing Assembly,39,35,32,3,4,41.5,Day,Team-A
PROD-02762,2023-02-22,Wing Assembly,97,93,82,11,4,39.8,Swing,Team-D
PROD-02763,2024-11-20,End-of-Line Test,88,79,69,10,9,56.2,Day,Team-C
PROD-02764,2024-06-24,Payload Assembly,34,33,31,2,1,51.3,Day,Team-A
PROD-02765,2023-09-01,Wing Assembly,67,62,58,4,5,54.0,Night,Team-D
PROD-02766,2024-05-25,Final Assembly,44,41,38,3,3,60.7,Day,Team-D
PROD-02767,2024-05-11,Battery Installation,99,98,97,1,1,42.6,Night,Team-B
PROD-02768,2024-12-28,End-of-Line Test,38,33,30,3,5,52.6,Night,Team-A
PROD-02769,2024-08-05,Motor Installation,35,32,31,1,3,39.7,Day,Team-B
PROD-02770,2024-08-15,Motor Installation,40,37,34,3,3,39.8,Swing,Team-A
PROD-02771,2024-08-04,Battery Installation,74,73,73,0,1,68.0,Day,Team-D
PROD-02772,2023-01-14,Wing Assembly,94,91,86,5,3,34.8,Night,Team-B
PROD-02773,2024-01-06,Wing Assembly,94,91,84,7,3,36.5,Day,Team-C
PROD-02774,2024-03-21,Final Assembly,95,88,83,5,7,46.6,Swing,Team-C
PROD-02775,2023-09-04,Payload Assembly,93,89,81,8,4,61.1,Swing,Team-D
PROD-02776,2023-04-20,Battery Installation,70,64,61,3,6,38.2,Swing,Team-D
PROD-02777,2023-04-27,Final Assembly,40,38,35,3,2,33.4,Swing,Team-B
PROD-02778,2023-07-04,Final Assembly,34,31,30,1,3,68.4,Day,Team-C
PROD-02779,2023-05-06,Final Assembly,100,97,95,2,3,62.2,Night,Team-D
PROD-02780,2023-11-27,Wing Assembly,94,90,81,9,4,59.1,Night,Team-B
PROD-02781,2024-09-05,End-of-Line Test,41,38,34,4,3,59.6,Night,Team-A
PROD-02782,2024-02-22,Wing Assembly,95,90,87,3,5,55.1,Swing,Team-B
PROD-02783,2024-10-25,Motor Installation,75,72,71,1,3,29.9,Night,Team-B
PROD-02784,2024-03-09,Payload Assembly,81,74,70,4,7,46.1,Day,Team-C
PROD-02785,2023-06-06,Payload Assembly,68,65,60,5,3,53.9,Swing,Team-A
PROD-02786,2024-01-13,Payload Assembly,78,74,68,6,4,44.9,Night,Team-A
PROD-02787,2024-05-29,Motor Installation,36,34,31,3,2,62.6,Day,Team-A
PROD-02788,2023-03-26,Wing Assembly,95,93,89,4,2,49.3,Day,Team-B
PROD-02789,2024-04-21,End-of-Line Test,26,23,21,2,3,53.0,Swing,Team-A
PROD-02790,2023-04-29,Final Assembly,66,62,57,5,4,60.8,Night,Team-C
PROD-02791,2024-11-10,Motor Installation,32,30,29,1,2,36.9,Day,Team-C
PROD-02792,2024-08-04,Motor Installation,58,54,52,2,4,52.8,Night,Team-D
PROD-02793,2024-07-08,End-of-Line Test,52,48,42,6,4,68.1,Swing,Team-C
PROD-02794,2024-07-05,End-of-Line Test,68,59,54,5,9,59.1,Swing,Team-C
PROD-02795,2023-12-16,Motor Installation,91,90,88,2,1,45.3,Swing,Team-A
PROD-02796,2024-05-31,End-of-Line Test,87,80,70,10,7,53.7,Night,Team-B
PROD-02797,2024-12-22,Payload Assembly,82,76,70,6,6,63.7,Day,Team-D
PROD-02798,2023-06-10,Payload Assembly,41,38,36,2,3,50.8,Day,Team-B
PROD-02799,2023-01-11,Wing Assembly,41,40,39,1,1,40.9,Swing,Team-B
PROD-02800,2023-02-26,Wing Assembly,63,58,53,5,5,39.5,Swing,Team-A
PROD-02801,2024-03-29,Wing Assembly,33,31,29,2,2,44.3,Day,Team-A
PROD-02802,2023-07-03,End-of-Line Test,63,56,51,5,7,66.3,Day,Team-C
PROD-02803,2024-10-22,Wing Assembly,82,77,72,5,5,33.0,Day,Team-D
PROD-02804,2023-08-18,Final Assembly,33,30,29,1,3,38.6,Swing,Team-C
PROD-02805,2023-09-12,Motor Installation,66,62,55,7,4,38.0,Swing,Team-B
PROD-02806,2023-06-24,End-of-Line Test,27,24,21,3,3,52.4,Day,Team-B
PROD-02807,2023-03-05,Battery Installation,23,22,22,0,1,45.6,Day,Team-B
PROD-02808,2024-06-14,Wing Assembly,77,73,68,5,4,32.6,Swing,Team-C
PROD-02809,2024-10-23,Battery Installation,42,40,39,1,2,55.8,Night,Team-C
PROD-02810,2024-04-09,Battery Installation,52,51,50,1,1,60.5,Day,Team-A
PROD-02811,2023-09-05,Battery Installation,48,45,43,2,3,47.0,Night,Team-D
PROD-02812,2024-01-13,Final Assembly,41,39,37,2,2,59.0,Night,Team-B
PROD-02813,2023-02-08,Motor Installation,70,68,65,3,2,51.1,Day,Team-B
PROD-02814,2024-04-13,End-of-Line Test,33,29,27,2,4,54.0,Swing,Team-D
PROD-02815,2023-09-23,End-of-Line Test,63,57,53,4,6,64.9,Day,Team-A
PROD-02816,2024-01-13,Wing Assembly,92,88,85,3,4,49.5,Swing,Team-D
PROD-02817,2024-10-15,Final Assembly,75,71,63,8,4,44.1,Day,Team-A
PROD-02818,2023-07-09,Motor Installation,71,68,66,2,3,32.8,Night,Team-C
PROD-02819,2024-09-06,Wing Assembly,41,39,38,1,2,45.5,Day,Team-C
PROD-02820,2023-03-19,Battery Installation,38,37,36,1,1,50.6,Swing,Team-C
PROD-02821,2024-10-16,Final Assembly,80,72,68,4,8,52.5,Night,Team-B
PROD-02822,2023-10-07,Payload Assembly,42,41,41,0,1,61.2,Swing,Team-C
PROD-02823,2024-08-13,Motor Installation,73,69,67,2,4,45.5,Swing,Team-B
PROD-02824,2024-11-12,End-of-Line Test,63,59,55,4,4,63.9,Day,Team-D
PROD-02825,2024-04-08,Battery Installation,72,70,66,4,2,60.3,Swing,Team-B
PROD-02826,2024-07-12,End-of-Line Test,53,49,46,3,4,57.1,Night,Team-D
PROD-02827,2024-03-08,End-of-Line Test,31,29,25,4,2,57.7,Swing,Team-B
PROD-02828,2024-01-16,Motor Installation,23,22,21,1,1,53.8,Swing,Team-D
PROD-02829,2024-11-02,End-of-Line Test,55,49,44,5,6,59.7,Swing,Team-D
PROD-02830,2024-04-04,Wing Assembly,55,53,52,1,2,60.1,Swing,Team-C
PROD-02831,2023-06-12,Battery Installation,98,96,91,5,2,42.6,Night,Team-D
PROD-02832,2024-01-06,End-of-Line Test,46,40,36,4,6,57.7,Night,Team-A
PROD-02833,2023-04-28,Final Assembly,33,30,28,2,3,40.0,Night,Team-C
PROD-02834,2024-12-09,Final Assembly,70,66,62,4,4,59.9,Night,Team-C
PROD-02835,2024-11-09,Final Assembly,85,80,73,7,5,55.1,Day,Team-C
PROD-02836,2024-01-17,Payload Assembly,88,82,76,6,6,43.3,Day,Team-C
PROD-02837,2024-08-12,Wing Assembly,96,93,88,5,3,57.9,Night,Team-C
PROD-02838,2023-08-03,End-of-Line Test,70,66,61,5,4,59.8,Day,Team-B
PROD-02839,2024-01-16,End-of-Line Test,86,75,65,10,11,53.6,Night,Team-A
PROD-02840,2023-05-01,Payload Assembly,38,36,32,4,2,65.9,Night,Team-C
PROD-02841,2023-04-01,Wing Assembly,77,73,67,6,4,32.8,Swing,Team-B
PROD-02842,2023-07-17,Battery Installation,81,76,74,2,5,64.1,Night,Team-A
PROD-02843,2023-12-26,Wing Assembly,41,38,36,2,3,45.9,Swing,Team-B
PROD-02844,2023-03-02,Motor Installation,26,25,25,0,1,59.0,Day,Team-D
PROD-02845,2023-05-01,Battery Installation,83,79,76,3,4,57.8,Day,Team-C
PROD-02846,2024-04-16,Payload Assembly,90,87,86,1,3,38.9,Night,Team-A
PROD-02847,2024-12-15,Motor Installation,26,23,22,1,3,35.1,Swing,Team-D
PROD-02848,2023-10-28,Wing Assembly,77,74,69,5,3,39.9,Swing,Team-B
PROD-02849,2023-01-22,Motor Installation,22,21,19,2,1,47.5,Swing,Team-B
PROD-02850,2023-09-09,Payload Assembly,43,41,39,2,2,49.4,Swing,Team-C
PROD-02851,2024-03-22,Payload Assembly,21,19,17,2,2,55.8,Day,Team-B
PROD-02852,2024-07-14,Wing Assembly,48,45,39,6,3,39.4,Swing,Team-B
PROD-02853,2023-10-13,Final Assembly,34,31,30,1,3,57.3,Swing,Team-B
PROD-02854,2023-04-07,Final Assembly,62,56,52,4,6,58.8,Day,Team-C
PROD-02855,2024-11-23,Final Assembly,75,69,64,5,6,45.2,Night,Team-A
PROD-02856,2024-10-09,Wing Assembly,42,40,40,0,2,46.4,Day,Team-A
PROD-02857,2023-12-15,End-of-Line Test,90,81,75,6,9,52.3,Swing,Team-B
PROD-02858,2023-06-17,Payload Assembly,74,71,69,2,3,47.8,Night,Team-D
PROD-02859,2023-02-06,Final Assembly,56,53,47,6,3,55.8,Swing,Team-C
PROD-02860,2024-03-21,Motor Installation,80,76,68,8,4,47.6,Day,Team-D
PROD-02861,2023-11-23,Payload Assembly,46,44,41,3,2,44.5,Night,Team-B
PROD-02862,2023-04-19,End-of-Line Test,57,51,43,8,6,61.5,Swing,Team-A
PROD-02863,2023-09-23,End-of-Line Test,79,69,63,6,10,58.3,Day,Team-A
PROD-02864,2023-04-19,Wing Assembly,30,28,26,2,2,44.5,Day,Team-D
PROD-02865,2024-05-21,Battery Installation,24,23,22,1,1,48.1,Swing,Team-C
PROD-02866,2024-02-08,End-of-Line Test,78,70,65,5,8,71.6,Swing,Team-B
PROD-02867,2024-01-17,Wing Assembly,52,49,47,2,3,54.4,Night,Team-D
PROD-02868,2023-04-19,Payload Assembly,89,82,75,7,7,39.0,Swing,Team-C
PROD-02869,2024-05-31,Motor Installation,75,70,65,5,5,49.8,Swing,Team-C
PROD-02870,2023-03-31,Battery Installation,89,83,75,8,6,52.8,Day,Team-C
PROD-02871,2024-06-10,Motor Installation,28,26,25,1,2,47.0,Day,Team-A
PROD-02872,2023-10-04,Wing Assembly,33,31,30,1,2,55.2,Swing,Team-C
PROD-02873,2024-06-26,Payload Assembly,40,39,38,1,1,61.8,Day,Team-D
PROD-02874,2023-11-22,Payload Assembly,50,48,45,3,2,43.3,Swing,Team-C
PROD-02875,2023-06-17,Final Assembly,78,75,72,3,3,63.3,Day,Team-D
PROD-02876,2024-05-30,End-of-Line Test,23,20,19,1,3,64.0,Night,Team-B
PROD-02877,2024-07-07,Wing Assembly,78,72,68,4,6,54.1,Night,Team-B
PROD-02878,2023-06-22,End-of-Line Test,25,22,20,2,3,50.6,Night,Team-C
PROD-02879,2023-05-11,Payload Assembly,24,21,19,2,3,51.6,Night,Team-C
PROD-02880,2023-04-09,Battery Installation,44,43,43,0,1,47.6,Swing,Team-C
PROD-02881,2024-10-14,End-of-Line Test,87,81,72,9,6,60.6,Swing,Team-A
PROD-02882,2024-04-26,End-of-Line Test,28,26,24,2,2,41.5,Day,Team-A
PROD-02883,2023-07-07,End-of-Line Test,30,26,23,3,4,55.5,Day,Team-C
PROD-02884,2024-04-28,End-of-Line Test,71,68,65,3,3,35.9,Swing,Team-C
PROD-02885,2024-04-16,Battery Installation,71,68,66,2,3,50.3,Night,Team-B
PROD-02886,2024-03-19,Wing Assembly,88,80,75,5,8,42.7,Day,Team-D
PROD-02887,2024-03-07,Final Assembly,33,30,28,2,3,62.5,Swing,Team-C
PROD-02888,2023-11-28,Motor Installation,81,78,74,4,3,35.4,Swing,Team-A
PROD-02889,2023-05-09,Wing Assembly,49,45,42,3,4,42.5,Night,Team-B
PROD-02890,2024-08-08,End-of-Line Test,26,24,21,3,2,60.7,Day,Team-A
PROD-02891,2023-08-10,End-of-Line Test,92,85,69,16,7,60.9,Swing,Team-A
PROD-02892,2024-05-17,Final Assembly,70,63,58,5,7,61.2,Day,Team-A
PROD-02893,2024-06-21,Wing Assembly,31,30,28,2,1,42.8,Day,Team-B
PROD-02894,2024-02-27,Wing Assembly,92,87,77,10,5,26.1,Night,Team-B
PROD-02895,2023-05-13,Payload Assembly,30,26,24,2,4,46.1,Night,Team-D
PROD-02896,2024-04-06,Motor Installation,80,73,69,4,7,47.7,Day,Team-C
PROD-02897,2024-01-31,Battery Installation,51,48,47,1,3,42.0,Day,Team-A
PROD-02898,2023-12-17,Motor Installation,75,70,65,5,5,48.3,Night,Team-D
PROD-02899,2024-12-29,Wing Assembly,56,53,48,5,3,53.5,Night,Team-D
PROD-02900,2023-09-21,Wing Assembly,41,39,34,5,2,38.2,Night,Team-D
PROD-02901,2024-10-10,End-of-Line Test,27,25,23,2,2,61.7,Day,Team-A
PROD-02902,2023-08-14,Motor Installation,20,18,18,0,2,61.1,Swing,Team-B
PROD-02903,2024-02-19,Final Assembly,34,33,32,1,1,50.4,Swing,Team-C
PROD-02904,2024-07-18,Motor Installation,87,81,77,4,6,48.6,Swing,Team-A
PROD-02905,2023-11-12,Final Assembly,71,67,60,7,4,55.2,Swing,Team-B
PROD-02906,2023-04-24,Wing Assembly,26,25,24,1,1,40.3,Day,Team-B
PROD-02907,2024-07-03,End-of-Line Test,79,71,66,5,8,63.5,Night,Team-D
PROD-02908,2024-11-26,Final Assembly,97,89,80,9,8,33.8,Day,Team-B
PROD-02909,2024-05-13,End-of-Line Test,49,46,41,5,3,66.0,Night,Team-B
PROD-02910,2023-08-25,Battery Installation,98,96,93,3,2,64.2,Night,Team-C
PROD-02911,2023-10-16,End-of-Line Test,20,17,15,2,3,50.3,Night,Team-D
PROD-02912,2024-05-20,Wing Assembly,55,49,46,3,6,47.0,Swing,Team-A
PROD-02913,2023-03-19,End-of-Line Test,49,46,41,5,3,70.1,Night,Team-A
PROD-02914,2024-07-21,Final Assembly,63,60,58,2,3,55.2,Day,Team-B
PROD-02915,2024-11-21,Wing Assembly,82,78,74,4,4,37.7,Day,Team-C
PROD-02916,2024-10-09,Payload Assembly,30,28,26,2,2,45.4,Swing,Team-A
PROD-02917,2023-03-18,End-of-Line Test,95,85,76,9,10,59.0,Day,Team-D
PROD-02918,2023-08-28,Wing Assembly,52,49,47,2,3,51.5,Swing,Team-A
PROD-02919,2024-11-08,Battery Installation,96,87,80,7,9,55.8,Day,Team-C
PROD-02920,2023-09-26,Final Assembly,75,68,62,6,7,48.9,Night,Team-C
PROD-02921,2024-12-21,Motor Installation,74,72,71,1,2,58.7,Swing,Team-B
PROD-02922,2024-07-21,Motor Installation,81,78,74,4,3,39.2,Night,Team-A
PROD-02923,2023-01-12,Motor Installation,59,54,51,3,5,43.0,Day,Team-A
PROD-02924,2024-09-07,End-of-Line Test,32,29,25,4,3,68.4,Night,Team-C
PROD-02925,2023-08-19,Payload Assembly,35,33,32,1,2,53.5,Swing,Team-B
PROD-02926,2023-03-24,End-of-Line Test,20,18,16,2,2,50.1,Day,Team-D
PROD-02927,2023-06-01,Final Assembly,95,88,81,7,7,70.6,Night,Team-A
PROD-02928,2023-07-02,Final Assembly,28,26,24,2,2,69.2,Swing,Team-A
PROD-02929,2024-11-13,Wing Assembly,23,21,20,1,2,45.1,Day,Team-A
PROD-02930,2023-06-02,Wing Assembly,95,90,83,7,5,49.2,Swing,Team-C
PROD-02931,2024-12-06,Payload Assembly,41,38,34,4,3,52.7,Day,Team-A
PROD-02932,2024-01-02,Final Assembly,29,26,24,2,3,57.3,Day,Team-C
PROD-02933,2023-01-27,End-of-Line Test,66,60,56,4,6,66.1,Night,Team-C
PROD-02934,2024-01-06,Battery Installation,23,22,22,0,1,52.2,Day,Team-C
PROD-02935,2024-03-21,Motor Installation,24,23,22,1,1,49.7,Night,Team-C
PROD-02936,2024-07-29,Wing Assembly,74,70,63,7,4,46.2,Day,Team-A
PROD-02937,2024-10-13,Battery Installation,61,59,59,0,2,67.4,Night,Team-C
PROD-02938,2024-05-06,Final Assembly,91,86,77,9,5,51.0,Night,Team-B
PROD-02939,2024-01-29,Payload Assembly,34,32,32,0,2,55.2,Swing,Team-C
PROD-02940,2024-01-17,Battery Installation,40,38,36,2,2,43.5,Night,Team-A
PROD-02941,2024-06-19,Battery Installation,86,81,79,2,5,47.9,Night,Team-A
PROD-02942,2024-05-13,Battery Installation,95,91,88,3,4,38.3,Day,Team-A
PROD-02943,2024-03-09,Motor Installation,91,87,85,2,4,45.6,Night,Team-A
PROD-02944,2023-02-09,Wing Assembly,25,23,21,2,2,37.5,Swing,Team-C
PROD-02945,2024-08-12,Wing Assembly,42,40,37,3,2,48.2,Day,Team-C
PROD-02946,2024-08-17,Motor Installation,95,90,84,6,5,46.0,Day,Team-D
PROD-02947,2024-04-01,Wing Assembly,75,71,66,5,4,44.8,Night,Team-C
PROD-02948,2023-08-19,Motor Installation,24,22,21,1,2,51.9,Night,Team-B
PROD-02949,2024-12-13,Payload Assembly,21,19,18,1,2,56.0,Swing,Team-D
PROD-02950,2023-09-02,Payload Assembly,64,62,57,5,2,44.7,Day,Team-C
PROD-02951,2024-03-04,End-of-Line Test,38,34,31,3,4,63.3,Swing,Team-A
PROD-02952,2024-06-25,Payload Assembly,41,40,40,0,1,37.7,Day,Team-D
PROD-02953,2023-09-13,Battery Installation,47,45,43,2,2,37.1,Night,Team-A
PROD-02954,2023-08-15,Final Assembly,97,91,81,10,6,51.7,Day,Team-B
PROD-02955,2023-01-31,Battery Installation,46,44,43,1,2,36.2,Night,Team-C
PROD-02956,2024-07-07,Wing Assembly,35,32,29,3,3,52.9,Day,Team-B
PROD-02957,2024-08-31,Wing Assembly,41,37,34,3,4,27.9,Swing,Team-D
PROD-02958,2024-09-02,Final Assembly,30,26,24,2,4,57.2,Swing,Team-A
PROD-02959,2024-04-20,Final Assembly,40,37,33,4,3,63.0,Swing,Team-A
PROD-02960,2023-07-25,Payload Assembly,93,88,80,8,5,66.6,Night,Team-D
PROD-02961,2024-09-04,Motor Installation,42,40,36,4,2,51.1,Day,Team-C
PROD-02962,2023-05-07,Wing Assembly,41,38,35,3,3,63.4,Swing,Team-B
PROD-02963,2023-04-05,Motor Installation,76,71,61,10,5,47.5,Night,Team-A
PROD-02964,2024-09-02,Final Assembly,28,26,24,2,2,59.4,Night,Team-C
PROD-02965,2024-12-15,Wing Assembly,80,75,68,7,5,40.1,Swing,Team-A
PROD-02966,2024-09-15,Final Assembly,80,74,68,6,6,71.4,Day,Team-D
PROD-02967,2024-09-16,Battery Installation,42,41,40,1,1,69.6,Swing,Team-B
PROD-02968,2024-09-20,Wing Assembly,56,54,50,4,2,47.8,Night,Team-A
PROD-02969,2023-05-30,End-of-Line Test,33,30,26,4,3,58.4,Night,Team-D
PROD-02970,2023-12-30,Final Assembly,90,85,79,6,5,46.4,Day,Team-A
PROD-02971,2023-03-18,End-of-Line Test,73,69,65,4,4,74.7,Day,Team-C
PROD-02972,2024-10-10,Payload Assembly,38,34,32,2,4,55.5,Swing,Team-A
PROD-02973,2024-04-25,Motor Installation,83,80,78,2,3,50.5,Night,Team-D
PROD-02974,2024-12-03,Motor Installation,77,71,66,5,6,47.5,Night,Team-D
PROD-02975,2023-08-14,Wing Assembly,69,66,63,3,3,36.3,Day,Team-C
PROD-02976,2024-07-06,Battery Installation,79,75,72,3,4,56.4,Day,Team-A
PROD-02977,2024-11-23,Final Assembly,86,78,72,6,8,67.7,Day,Team-A
PROD-02978,2024-06-01,Payload Assembly,63,61,59,2,2,59.5,Day,Team-A
PROD-02979,2024-02-19,Motor Installation,21,19,19,0,2,50.8,Swing,Team-C
PROD-02980,2023-12-25,Wing Assembly,94,89,80,9,5,59.0,Day,Team-C
PROD-02981,2023-01-29,Payload Assembly,95,92,85,7,3,58.8,Night,Team-A
PROD-02982,2023-10-11,Payload Assembly,89,85,77,8,4,60.5,Day,Team-B
PROD-02983,2024-05-19,End-of-Line Test,97,86,74,12,11,71.9,Night,Team-D
PROD-02984,2023-07-04,Final Assembly,72,68,63,5,4,53.9,Day,Team-B
PROD-02985,2024-08-14,Motor Installation,56,52,50,2,4,59.5,Swing,Team-D
PROD-02986,2024-03-08,Final Assembly,69,65,57,8,4,64.4,Swing,Team-A
PROD-02987,2023-11-13,Final Assembly,96,93,88,5,3,60.4,Night,Team-A
PROD-02988,2023-01-23,Battery Installation,64,59,57,2,5,39.0,Swing,Team-B
PROD-02989,2023-06-13,End-of-Line Test,82,78,68,10,4,63.9,Night,Team-B
PROD-02990,2023-12-28,Battery Installation,49,48,48,0,1,58.0,Day,Team-C
PROD-02991,2023-02-16,Payload Assembly,48,46,42,4,2,52.5,Day,Team-D
PROD-02992,2023-10-06,Battery Installation,53,51,48,3,2,44.6,Day,Team-C
PROD-02993,2023-11-02,Final Assembly,43,40,37,3,3,54.4,Swing,Team-C
PROD-02994,2023-11-17,End-of-Line Test,21,18,17,1,3,61.0,Night,Team-B
PROD-02995,2023-03-12,Payload Assembly,36,34,33,1,2,60.5,Swing,Team-A
PROD-02996,2023-01-12,Wing Assembly,52,50,49,1,2,36.8,Night,Team-C
PROD-02997,2023-04-20,Motor Installation,85,82,75,7,3,45.4,Swing,Team-D
PROD-02998,2023-04-15,Wing Assembly,78,74,69,5,4,52.9,Day,Team-B
PROD-02999,2024-10-04,Battery Installation,53,49,47,2,4,64.7,Day,Team-B
PROD-03000,2023-10-25,Payload Assembly,34,32,31,1,2,61.5,Night,Team-C
